{"ts": "2026-05-09T17:19:29.401819+00:00", "channel": "websocket", "level": "INFO", "msg": "ws_backoff", "data": {"delay_s": 5, "attempt": 1}}
{"ts": "2026-05-09T17:21:27.737406+00:00", "channel": "websocket", "level": "INFO", "msg": "ws_backoff", "data": {"delay_s": 5, "attempt": 1}}
{"ts": "2026-05-09T17:21:28.246453+00:00", "channel": "websocket", "level": "INFO", "msg": "ws_connect", "data": {"socket_id": "pl_3iwHhUuUI1r5GAAAC", "ip": "https://ibrahim-backend-production.up.railway.app"}}
{"ts": "2026-05-09T17:21:57.865003+00:00", "channel": "websocket", "level": "DEBUG", "msg": "ws_heartbeat", "data": {"latency_ms": 0}}
{"ts": "2026-05-09T17:22:27.868138+00:00", "channel": "websocket", "level": "DEBUG", "msg": "ws_heartbeat", "data": {"latency_ms": 0}}
{"ts": "2026-05-09T17:22:57.865936+00:00", "channel": "websocket", "level": "DEBUG", "msg": "ws_heartbeat", "data": {"latency_ms": 0}}
{"ts": "2026-05-09T17:23:27.865835+00:00", "channel": "websocket", "level": "DEBUG", "msg": "ws_heartbeat", "data": {"latency_ms": 0}}
{"ts": "2026-05-09T17:23:57.866059+00:00", "channel": "websocket", "level": "DEBUG", "msg": "ws_heartbeat", "data": {"latency_ms": 0}}
{"ts": "2026-05-09T17:24:27.865613+00:00", "channel": "websocket", "level": "DEBUG", "msg": "ws_heartbeat", "data": {"latency_ms": 0}}
{"ts": "2026-05-09T17:24:57.865965+00:00", "channel": "websocket", "level": "DEBUG", "msg": "ws_heartbeat", "data": {"latency_ms": 0}}
{"ts": "2026-05-09T17:25:27.869404+00:00", "channel": "websocket", "level": "DEBUG", "msg": "ws_heartbeat", "data": {"latency_ms": 0}}
{"ts": "2026-05-09T17:25:57.869518+00:00", "channel": "websocket", "level": "DEBUG", "msg": "ws_heartbeat", "data": {"latency_ms": 0}}
{"ts": "2026-05-09T17:26:27.869092+00:00", "channel": "websocket", "level": "DEBUG", "msg": "ws_heartbeat", "data": {"latency_ms": 0}}
{"ts": "2026-05-09T17:26:57.870483+00:00", "channel": "websocket", "level": "DEBUG", "msg": "ws_heartbeat", "data": {"latency_ms": 0}}
{"ts": "2026-05-09T17:27:27.871680+00:00", "channel": "websocket", "level": "DEBUG", "msg": "ws_heartbeat", "data": {"latency_ms": 0}}
{"ts": "2026-05-09T17:27:57.871152+00:00", "channel": "websocket", "level": "DEBUG", "msg": "ws_heartbeat", "data": {"latency_ms": 0}}
{"ts": "2026-05-09T17:28:27.872832+00:00", "channel": "websocket", "level": "DEBUG", "msg": "ws_heartbeat", "data": {"latency_ms": 0}}
{"ts": "2026-05-09T17:28:57.871831+00:00", "channel": "websocket", "level": "DEBUG", "msg": "ws_heartbeat", "data": {"latency_ms": 0}}
{"ts": "2026-05-09T17:29:27.876001+00:00", "channel": "websocket", "level": "DEBUG", "msg": "ws_heartbeat", "data": {"latency_ms": 0}}
{"ts": "2026-05-09T17:29:57.872608+00:00", "channel": "websocket", "level": "DEBUG", "msg": "ws_heartbeat", "data": {"latency_ms": 0}}
{"ts": "2026-05-09T17:30:27.873537+00:00", "channel": "websocket", "level": "DEBUG", "msg": "ws_heartbeat", "data": {"latency_ms": 0}}
{"ts": "2026-05-09T17:30:57.874023+00:00", "channel": "websocket", "level": "DEBUG", "msg": "ws_heartbeat", "data": {"latency_ms": 0}}
{"ts": "2026-05-09T17:31:27.875927+00:00", "channel": "websocket", "level": "DEBUG", "msg": "ws_heartbeat", "data": {"latency_ms": 0}}
{"ts": "2026-05-09T17:31:57.874907+00:00", "channel": "websocket", "level": "DEBUG", "msg": "ws_heartbeat", "data": {"latency_ms": 0}}
{"ts": "2026-05-09T17:32:27.873968+00:00", "channel": "websocket", "level": "DEBUG", "msg": "ws_heartbeat", "data": {"latency_ms": 0}}
{"ts": "2026-05-09T17:32:57.874216+00:00", "channel": "websocket", "level": "DEBUG", "msg": "ws_heartbeat", "data": {"latency_ms": 0}}
{"ts": "2026-05-09T17:33:27.874384+00:00", "channel": "websocket", "level": "DEBUG", "msg": "ws_heartbeat", "data": {"latency_ms": 0}}
{"ts": "2026-05-09T17:33:57.873492+00:00", "channel": "websocket", "level": "DEBUG", "msg": "ws_heartbeat", "data": {"latency_ms": 0}}
{"ts": "2026-05-09T17:34:27.874584+00:00", "channel": "websocket", "level": "DEBUG", "msg": "ws_heartbeat", "data": {"latency_ms": 0}}
{"ts": "2026-05-09T17:34:57.872726+00:00", "channel": "websocket", "level": "DEBUG", "msg": "ws_heartbeat", "data": {"latency_ms": 0}}
{"ts": "2026-05-09T17:35:27.874608+00:00", "channel": "websocket", "level": "DEBUG", "msg": "ws_heartbeat", "data": {"latency_ms": 0}}
{"ts": "2026-05-09T17:35:57.874516+00:00", "channel": "websocket", "level": "DEBUG", "msg": "ws_heartbeat", "data": {"latency_ms": 0}}
{"ts": "2026-05-09T17:36:27.873564+00:00", "channel": "websocket", "level": "DEBUG", "msg": "ws_heartbeat", "data": {"latency_ms": 0}}
{"ts": "2026-05-09T17:36:57.875577+00:00", "channel": "websocket", "level": "DEBUG", "msg": "ws_heartbeat", "data": {"latency_ms": 0}}
{"ts": "2026-05-09T17:37:27.907750+00:00", "channel": "websocket", "level": "DEBUG", "msg": "ws_heartbeat", "data": {"latency_ms": 0}}
{"ts": "2026-05-09T17:37:57.875705+00:00", "channel": "websocket", "level": "DEBUG", "msg": "ws_heartbeat", "data": {"latency_ms": 0}}
{"ts": "2026-05-09T17:38:27.872420+00:00", "channel": "websocket", "level": "DEBUG", "msg": "ws_heartbeat", "data": {"latency_ms": 0}}
{"ts": "2026-05-09T17:38:57.873399+00:00", "channel": "websocket", "level": "DEBUG", "msg": "ws_heartbeat", "data": {"latency_ms": 0}}
{"ts": "2026-05-09T17:39:27.871791+00:00", "channel": "websocket", "level": "DEBUG", "msg": "ws_heartbeat", "data": {"latency_ms": 0}}
{"ts": "2026-05-09T17:39:57.871877+00:00", "channel": "websocket", "level": "DEBUG", "msg": "ws_heartbeat", "data": {"latency_ms": 0}}
{"ts": "2026-05-09T17:40:27.874247+00:00", "channel": "websocket", "level": "DEBUG", "msg": "ws_heartbeat", "data": {"latency_ms": 0}}
{"ts": "2026-05-09T17:40:57.874211+00:00", "channel": "websocket", "level": "DEBUG", "msg": "ws_heartbeat", "data": {"latency_ms": 0}}
{"ts": "2026-05-09T17:41:08.499435+00:00", "channel": "websocket", "level": "INFO", "msg": "ws_backoff", "data": {"delay_s": 5, "attempt": 1}}
{"ts": "2026-05-09T17:41:08.994891+00:00", "channel": "websocket", "level": "INFO", "msg": "ws_connect", "data": {"socket_id": "JK0JCR6TeHILVrnDAAAE", "ip": "https://ibrahim-backend-production.up.railway.app"}}
{"ts": "2026-05-09T17:41:38.669150+00:00", "channel": "websocket", "level": "DEBUG", "msg": "ws_heartbeat", "data": {"latency_ms": 0}}
{"ts": "2026-05-09T17:42:08.669040+00:00", "channel": "websocket", "level": "DEBUG", "msg": "ws_heartbeat", "data": {"latency_ms": 0}}
{"ts": "2026-05-09T17:42:38.701763+00:00", "channel": "websocket", "level": "DEBUG", "msg": "ws_heartbeat", "data": {"latency_ms": 0}}
{"ts": "2026-05-09T17:43:08.668111+00:00", "channel": "websocket", "level": "DEBUG", "msg": "ws_heartbeat", "data": {"latency_ms": 0}}
{"ts": "2026-05-09T17:43:38.671515+00:00", "channel": "websocket", "level": "DEBUG", "msg": "ws_heartbeat", "data": {"latency_ms": 0}}
{"ts": "2026-05-09T17:44:08.670595+00:00", "channel": "websocket", "level": "DEBUG", "msg": "ws_heartbeat", "data": {"latency_ms": 0}}
{"ts": "2026-05-09T17:44:38.668817+00:00", "channel": "websocket", "level": "DEBUG", "msg": "ws_heartbeat", "data": {"latency_ms": 0}}
{"ts": "2026-05-09T17:45:08.670831+00:00", "channel": "websocket", "level": "DEBUG", "msg": "ws_heartbeat", "data": {"latency_ms": 0}}
{"ts": "2026-05-09T17:45:38.671473+00:00", "channel": "websocket", "level": "DEBUG", "msg": "ws_heartbeat", "data": {"latency_ms": 0}}
{"ts": "2026-05-09T17:46:08.668885+00:00", "channel": "websocket", "level": "DEBUG", "msg": "ws_heartbeat", "data": {"latency_ms": 0}}
{"ts": "2026-05-09T17:46:38.668251+00:00", "channel": "websocket", "level": "DEBUG", "msg": "ws_heartbeat", "data": {"latency_ms": 0}}
{"ts": "2026-05-09T17:47:08.670006+00:00", "channel": "websocket", "level": "DEBUG", "msg": "ws_heartbeat", "data": {"latency_ms": 0}}
{"ts": "2026-05-09T17:47:38.670727+00:00", "channel": "websocket", "level": "DEBUG", "msg": "ws_heartbeat", "data": {"latency_ms": 0}}
{"ts": "2026-05-09T17:48:08.669745+00:00", "channel": "websocket", "level": "DEBUG", "msg": "ws_heartbeat", "data": {"latency_ms": 0}}
{"ts": "2026-05-09T17:48:38.671215+00:00", "channel": "websocket", "level": "DEBUG", "msg": "ws_heartbeat", "data": {"latency_ms": 0}}
{"ts": "2026-05-09T17:49:08.671042+00:00", "channel": "websocket", "level": "DEBUG", "msg": "ws_heartbeat", "data": {"latency_ms": 0}}
{"ts": "2026-05-09T17:49:38.674653+00:00", "channel": "websocket", "level": "DEBUG", "msg": "ws_heartbeat", "data": {"latency_ms": 0}}
{"ts": "2026-05-09T17:50:08.671108+00:00", "channel": "websocket", "level": "DEBUG", "msg": "ws_heartbeat", "data": {"latency_ms": 0}}
{"ts": "2026-05-09T17:50:38.669956+00:00", "channel": "websocket", "level": "DEBUG", "msg": "ws_heartbeat", "data": {"latency_ms": 0}}
{"ts": "2026-05-09T17:51:08.672936+00:00", "channel": "websocket", "level": "DEBUG", "msg": "ws_heartbeat", "data": {"latency_ms": 0}}
{"ts": "2026-05-09T17:51:38.676897+00:00", "channel": "websocket", "level": "DEBUG", "msg": "ws_heartbeat", "data": {"latency_ms": 0}}
{"ts": "2026-05-09T17:52:08.672024+00:00", "channel": "websocket", "level": "DEBUG", "msg": "ws_heartbeat", "data": {"latency_ms": 0}}
{"ts": "2026-05-09T17:52:38.673404+00:00", "channel": "websocket", "level": "DEBUG", "msg": "ws_heartbeat", "data": {"latency_ms": 0}}
{"ts": "2026-05-09T17:53:01.231770+00:00", "channel": "websocket", "level": "WARNING", "msg": "ws_disconnect", "data": {"socket_id": "JK0JCR6TeHILVrnDAAAE", "reason": "socket.io_disconnect", "total_disconnections": 1}}
{"ts": "2026-05-09T17:53:07.245365+00:00", "channel": "websocket", "level": "INFO", "msg": "ws_backoff", "data": {"delay_s": 10, "attempt": 2}}
{"ts": "2026-05-09T17:53:07.806453+00:00", "channel": "websocket", "level": "INFO", "msg": "ws_connect", "data": {"socket_id": "rkgSmN4d3jjlLOfHAAAA", "ip": "https://ibrahim-backend-production.up.railway.app"}}
{"ts": "2026-05-09T17:53:37.502105+00:00", "channel": "websocket", "level": "DEBUG", "msg": "ws_heartbeat", "data": {"latency_ms": 0}}
{"ts": "2026-05-09T17:54:07.500389+00:00", "channel": "websocket", "level": "DEBUG", "msg": "ws_heartbeat", "data": {"latency_ms": 0}}
{"ts": "2026-05-09T17:54:37.498860+00:00", "channel": "websocket", "level": "DEBUG", "msg": "ws_heartbeat", "data": {"latency_ms": 0}}
{"ts": "2026-05-09T17:55:07.503712+00:00", "channel": "websocket", "level": "DEBUG", "msg": "ws_heartbeat", "data": {"latency_ms": 0}}
{"ts": "2026-05-09T17:55:37.497626+00:00", "channel": "websocket", "level": "DEBUG", "msg": "ws_heartbeat", "data": {"latency_ms": 0}}
{"ts": "2026-05-09T17:56:07.500425+00:00", "channel": "websocket", "level": "DEBUG", "msg": "ws_heartbeat", "data": {"latency_ms": 0}}
{"ts": "2026-05-09T17:56:37.500484+00:00", "channel": "websocket", "level": "DEBUG", "msg": "ws_heartbeat", "data": {"latency_ms": 0}}
{"ts": "2026-05-09T17:57:07.498478+00:00", "channel": "websocket", "level": "DEBUG", "msg": "ws_heartbeat", "data": {"latency_ms": 0}}
{"ts": "2026-05-09T17:57:37.511011+00:00", "channel": "websocket", "level": "DEBUG", "msg": "ws_heartbeat", "data": {"latency_ms": 0}}
{"ts": "2026-05-09T17:58:07.499467+00:00", "channel": "websocket", "level": "DEBUG", "msg": "ws_heartbeat", "data": {"latency_ms": 0}}
{"ts": "2026-05-09T17:58:37.500076+00:00", "channel": "websocket", "level": "DEBUG", "msg": "ws_heartbeat", "data": {"latency_ms": 0}}
{"ts": "2026-05-09T17:59:07.499588+00:00", "channel": "websocket", "level": "DEBUG", "msg": "ws_heartbeat", "data": {"latency_ms": 0}}
{"ts": "2026-05-09T17:59:37.501631+00:00", "channel": "websocket", "level": "DEBUG", "msg": "ws_heartbeat", "data": {"latency_ms": 0}}
{"ts": "2026-05-09T18:00:07.499582+00:00", "channel": "websocket", "level": "DEBUG", "msg": "ws_heartbeat", "data": {"latency_ms": 0}}
{"ts": "2026-05-09T18:00:37.502883+00:00", "channel": "websocket", "level": "DEBUG", "msg": "ws_heartbeat", "data": {"latency_ms": 0}}
{"ts": "2026-05-09T18:01:07.502188+00:00", "channel": "websocket", "level": "DEBUG", "msg": "ws_heartbeat", "data": {"latency_ms": 0}}
{"ts": "2026-05-09T18:01:37.501027+00:00", "channel": "websocket", "level": "DEBUG", "msg": "ws_heartbeat", "data": {"latency_ms": 0}}
{"ts": "2026-05-09T18:02:07.503459+00:00", "channel": "websocket", "level": "DEBUG", "msg": "ws_heartbeat", "data": {"latency_ms": 0}}
{"ts": "2026-05-09T18:02:37.505059+00:00", "channel": "websocket", "level": "DEBUG", "msg": "ws_heartbeat", "data": {"latency_ms": 0}}
{"ts": "2026-05-09T18:03:07.505638+00:00", "channel": "websocket", "level": "DEBUG", "msg": "ws_heartbeat", "data": {"latency_ms": 0}}
{"ts": "2026-05-09T18:03:37.507429+00:00", "channel": "websocket", "level": "DEBUG", "msg": "ws_heartbeat", "data": {"latency_ms": 0}}
{"ts": "2026-05-09T18:04:07.505544+00:00", "channel": "websocket", "level": "DEBUG", "msg": "ws_heartbeat", "data": {"latency_ms": 0}}
{"ts": "2026-05-09T18:04:37.510118+00:00", "channel": "websocket", "level": "DEBUG", "msg": "ws_heartbeat", "data": {"latency_ms": 0}}
{"ts": "2026-05-09T18:05:07.506229+00:00", "channel": "websocket", "level": "DEBUG", "msg": "ws_heartbeat", "data": {"latency_ms": 0}}
{"ts": "2026-05-09T18:05:37.506824+00:00", "channel": "websocket", "level": "DEBUG", "msg": "ws_heartbeat", "data": {"latency_ms": 0}}
{"ts": "2026-05-09T18:06:07.511861+00:00", "channel": "websocket", "level": "DEBUG", "msg": "ws_heartbeat", "data": {"latency_ms": 0}}
{"ts": "2026-05-09T18:06:37.527089+00:00", "channel": "websocket", "level": "DEBUG", "msg": "ws_heartbeat", "data": {"latency_ms": 0}}
{"ts": "2026-05-09T18:07:07.508405+00:00", "channel": "websocket", "level": "DEBUG", "msg": "ws_heartbeat", "data": {"latency_ms": 0}}
{"ts": "2026-05-09T18:07:37.507426+00:00", "channel": "websocket", "level": "DEBUG", "msg": "ws_heartbeat", "data": {"latency_ms": 0}}
{"ts": "2026-05-09T18:08:07.508892+00:00", "channel": "websocket", "level": "DEBUG", "msg": "ws_heartbeat", "data": {"latency_ms": 0}}
{"ts": "2026-05-09T18:08:37.507775+00:00", "channel": "websocket", "level": "DEBUG", "msg": "ws_heartbeat", "data": {"latency_ms": 0}}
{"ts": "2026-05-09T18:09:07.509269+00:00", "channel": "websocket", "level": "DEBUG", "msg": "ws_heartbeat", "data": {"latency_ms": 0}}
{"ts": "2026-05-09T18:09:37.515517+00:00", "channel": "websocket", "level": "DEBUG", "msg": "ws_heartbeat", "data": {"latency_ms": 0}}
{"ts": "2026-05-09T18:10:07.511663+00:00", "channel": "websocket", "level": "DEBUG", "msg": "ws_heartbeat", "data": {"latency_ms": 0}}
{"ts": "2026-05-09T18:10:37.513218+00:00", "channel": "websocket", "level": "DEBUG", "msg": "ws_heartbeat", "data": {"latency_ms": 0}}
{"ts": "2026-05-09T18:11:07.513810+00:00", "channel": "websocket", "level": "DEBUG", "msg": "ws_heartbeat", "data": {"latency_ms": 0}}
{"ts": "2026-05-09T18:11:37.515855+00:00", "channel": "websocket", "level": "DEBUG", "msg": "ws_heartbeat", "data": {"latency_ms": 0}}
{"ts": "2026-05-09T18:12:07.515368+00:00", "channel": "websocket", "level": "DEBUG", "msg": "ws_heartbeat", "data": {"latency_ms": 0}}
{"ts": "2026-05-09T18:12:37.517829+00:00", "channel": "websocket", "level": "DEBUG", "msg": "ws_heartbeat", "data": {"latency_ms": 0}}
{"ts": "2026-05-09T18:13:07.516372+00:00", "channel": "websocket", "level": "DEBUG", "msg": "ws_heartbeat", "data": {"latency_ms": 0}}
{"ts": "2026-05-09T18:13:37.524479+00:00", "channel": "websocket", "level": "DEBUG", "msg": "ws_heartbeat", "data": {"latency_ms": 0}}
{"ts": "2026-05-09T18:14:07.520063+00:00", "channel": "websocket", "level": "DEBUG", "msg": "ws_heartbeat", "data": {"latency_ms": 0}}
{"ts": "2026-05-09T18:14:37.544022+00:00", "channel": "websocket", "level": "DEBUG", "msg": "ws_heartbeat", "data": {"latency_ms": 0}}
{"ts": "2026-05-09T18:15:07.525930+00:00", "channel": "websocket", "level": "DEBUG", "msg": "ws_heartbeat", "data": {"latency_ms": 0}}
{"ts": "2026-05-09T18:15:37.520830+00:00", "channel": "websocket", "level": "DEBUG", "msg": "ws_heartbeat", "data": {"latency_ms": 0}}
{"ts": "2026-05-09T18:16:07.522934+00:00", "channel": "websocket", "level": "DEBUG", "msg": "ws_heartbeat", "data": {"latency_ms": 0}}
{"ts": "2026-05-09T18:16:37.521713+00:00", "channel": "websocket", "level": "DEBUG", "msg": "ws_heartbeat", "data": {"latency_ms": 0}}
{"ts": "2026-05-09T18:17:07.523723+00:00", "channel": "websocket", "level": "DEBUG", "msg": "ws_heartbeat", "data": {"latency_ms": 0}}
{"ts": "2026-05-09T18:17:37.535730+00:00", "channel": "websocket", "level": "DEBUG", "msg": "ws_heartbeat", "data": {"latency_ms": 0}}
{"ts": "2026-05-09T18:18:07.527332+00:00", "channel": "websocket", "level": "DEBUG", "msg": "ws_heartbeat", "data": {"latency_ms": 0}}
{"ts": "2026-05-09T18:18:14.999646+00:00", "channel": "websocket", "level": "WARNING", "msg": "ws_disconnect", "data": {"socket_id": "rkgSmN4d3jjlLOfHAAAA", "reason": "socket.io_disconnect", "total_disconnections": 2}}
{"ts": "2026-05-09T18:18:21.025748+00:00", "channel": "websocket", "level": "INFO", "msg": "ws_backoff", "data": {"delay_s": 10, "attempt": 3}}
{"ts": "2026-05-09T18:18:21.551050+00:00", "channel": "websocket", "level": "INFO", "msg": "ws_connect", "data": {"socket_id": "VT3ryJz1wEGD5GElAAAA", "ip": "https://ibrahim-backend-production.up.railway.app"}}
{"ts": "2026-05-09T18:18:51.260554+00:00", "channel": "websocket", "level": "DEBUG", "msg": "ws_heartbeat", "data": {"latency_ms": 0}}
{"ts": "2026-05-09T18:19:21.248456+00:00", "channel": "websocket", "level": "DEBUG", "msg": "ws_heartbeat", "data": {"latency_ms": 0}}
{"ts": "2026-05-09T18:19:51.246683+00:00", "channel": "websocket", "level": "DEBUG", "msg": "ws_heartbeat", "data": {"latency_ms": 0}}
{"ts": "2026-05-09T18:20:21.249057+00:00", "channel": "websocket", "level": "DEBUG", "msg": "ws_heartbeat", "data": {"latency_ms": 0}}
{"ts": "2026-05-09T18:20:51.247843+00:00", "channel": "websocket", "level": "DEBUG", "msg": "ws_heartbeat", "data": {"latency_ms": 0}}
{"ts": "2026-05-09T18:21:21.247574+00:00", "channel": "websocket", "level": "DEBUG", "msg": "ws_heartbeat", "data": {"latency_ms": 0}}
{"ts": "2026-05-09T18:21:51.250055+00:00", "channel": "websocket", "level": "DEBUG", "msg": "ws_heartbeat", "data": {"latency_ms": 0}}
{"ts": "2026-05-09T18:22:21.254473+00:00", "channel": "websocket", "level": "DEBUG", "msg": "ws_heartbeat", "data": {"latency_ms": 0}}
{"ts": "2026-05-09T18:22:51.253894+00:00", "channel": "websocket", "level": "DEBUG", "msg": "ws_heartbeat", "data": {"latency_ms": 0}}
{"ts": "2026-05-09T18:23:21.251699+00:00", "channel": "websocket", "level": "DEBUG", "msg": "ws_heartbeat", "data": {"latency_ms": 0}}
{"ts": "2026-05-09T18:23:51.254967+00:00", "channel": "websocket", "level": "DEBUG", "msg": "ws_heartbeat", "data": {"latency_ms": 0}}
{"ts": "2026-05-09T18:24:21.253715+00:00", "channel": "websocket", "level": "DEBUG", "msg": "ws_heartbeat", "data": {"latency_ms": 0}}
{"ts": "2026-05-09T18:24:51.277802+00:00", "channel": "websocket", "level": "DEBUG", "msg": "ws_heartbeat", "data": {"latency_ms": 0}}
{"ts": "2026-05-09T18:25:21.257686+00:00", "channel": "websocket", "level": "DEBUG", "msg": "ws_heartbeat", "data": {"latency_ms": 0}}
{"ts": "2026-05-09T18:25:51.256223+00:00", "channel": "websocket", "level": "DEBUG", "msg": "ws_heartbeat", "data": {"latency_ms": 0}}
{"ts": "2026-05-09T18:26:21.257026+00:00", "channel": "websocket", "level": "DEBUG", "msg": "ws_heartbeat", "data": {"latency_ms": 0}}
{"ts": "2026-05-09T18:26:51.259307+00:00", "channel": "websocket", "level": "DEBUG", "msg": "ws_heartbeat", "data": {"latency_ms": 0}}
{"ts": "2026-05-09T18:27:21.266519+00:00", "channel": "websocket", "level": "DEBUG", "msg": "ws_heartbeat", "data": {"latency_ms": 0}}
{"ts": "2026-05-09T18:27:51.262437+00:00", "channel": "websocket", "level": "DEBUG", "msg": "ws_heartbeat", "data": {"latency_ms": 0}}
{"ts": "2026-05-09T18:28:21.263038+00:00", "channel": "websocket", "level": "DEBUG", "msg": "ws_heartbeat", "data": {"latency_ms": 0}}
{"ts": "2026-05-09T18:28:51.264686+00:00", "channel": "websocket", "level": "DEBUG", "msg": "ws_heartbeat", "data": {"latency_ms": 0}}
{"ts": "2026-05-09T18:29:21.263239+00:00", "channel": "websocket", "level": "DEBUG", "msg": "ws_heartbeat", "data": {"latency_ms": 0}}
{"ts": "2026-05-09T18:29:51.266733+00:00", "channel": "websocket", "level": "DEBUG", "msg": "ws_heartbeat", "data": {"latency_ms": 0}}
{"ts": "2026-05-09T18:30:21.266467+00:00", "channel": "websocket", "level": "DEBUG", "msg": "ws_heartbeat", "data": {"latency_ms": 0}}
{"ts": "2026-05-09T18:30:51.268851+00:00", "channel": "websocket", "level": "DEBUG", "msg": "ws_heartbeat", "data": {"latency_ms": 0}}
{"ts": "2026-05-09T18:31:21.272617+00:00", "channel": "websocket", "level": "DEBUG", "msg": "ws_heartbeat", "data": {"latency_ms": 0}}
{"ts": "2026-05-09T18:31:51.271031+00:00", "channel": "websocket", "level": "DEBUG", "msg": "ws_heartbeat", "data": {"latency_ms": 0}}
{"ts": "2026-05-09T18:32:21.269030+00:00", "channel": "websocket", "level": "DEBUG", "msg": "ws_heartbeat", "data": {"latency_ms": 0}}
{"ts": "2026-05-09T18:32:51.270305+00:00", "channel": "websocket", "level": "DEBUG", "msg": "ws_heartbeat", "data": {"latency_ms": 0}}
{"ts": "2026-05-09T18:33:21.299409+00:00", "channel": "websocket", "level": "DEBUG", "msg": "ws_heartbeat", "data": {"latency_ms": 0}}
{"ts": "2026-05-09T18:33:51.271273+00:00", "channel": "websocket", "level": "DEBUG", "msg": "ws_heartbeat", "data": {"latency_ms": 0}}
{"ts": "2026-05-09T18:34:21.271382+00:00", "channel": "websocket", "level": "DEBUG", "msg": "ws_heartbeat", "data": {"latency_ms": 0}}
{"ts": "2026-05-09T18:34:51.274654+00:00", "channel": "websocket", "level": "DEBUG", "msg": "ws_heartbeat", "data": {"latency_ms": 0}}
{"ts": "2026-05-09T18:35:21.274942+00:00", "channel": "websocket", "level": "DEBUG", "msg": "ws_heartbeat", "data": {"latency_ms": 0}}
{"ts": "2026-05-09T18:35:51.276733+00:00", "channel": "websocket", "level": "DEBUG", "msg": "ws_heartbeat", "data": {"latency_ms": 0}}
{"ts": "2026-05-09T18:36:21.276982+00:00", "channel": "websocket", "level": "DEBUG", "msg": "ws_heartbeat", "data": {"latency_ms": 0}}
{"ts": "2026-05-09T18:36:51.278402+00:00", "channel": "websocket", "level": "DEBUG", "msg": "ws_heartbeat", "data": {"latency_ms": 0}}
{"ts": "2026-05-09T18:37:21.280212+00:00", "channel": "websocket", "level": "DEBUG", "msg": "ws_heartbeat", "data": {"latency_ms": 0}}
{"ts": "2026-05-09T18:37:51.280099+00:00", "channel": "websocket", "level": "DEBUG", "msg": "ws_heartbeat", "data": {"latency_ms": 0}}
{"ts": "2026-05-09T18:38:21.282143+00:00", "channel": "websocket", "level": "DEBUG", "msg": "ws_heartbeat", "data": {"latency_ms": 0}}
{"ts": "2026-05-09T18:38:51.280378+00:00", "channel": "websocket", "level": "DEBUG", "msg": "ws_heartbeat", "data": {"latency_ms": 0}}
{"ts": "2026-05-09T18:39:21.283107+00:00", "channel": "websocket", "level": "DEBUG", "msg": "ws_heartbeat", "data": {"latency_ms": 0}}
{"ts": "2026-05-09T18:39:51.283868+00:00", "channel": "websocket", "level": "DEBUG", "msg": "ws_heartbeat", "data": {"latency_ms": 0}}
{"ts": "2026-05-09T18:40:21.284654+00:00", "channel": "websocket", "level": "DEBUG", "msg": "ws_heartbeat", "data": {"latency_ms": 0}}
{"ts": "2026-05-09T18:40:51.284100+00:00", "channel": "websocket", "level": "DEBUG", "msg": "ws_heartbeat", "data": {"latency_ms": 0}}
{"ts": "2026-05-09T18:41:21.283916+00:00", "channel": "websocket", "level": "DEBUG", "msg": "ws_heartbeat", "data": {"latency_ms": 0}}
{"ts": "2026-05-09T18:41:51.291414+00:00", "channel": "websocket", "level": "DEBUG", "msg": "ws_heartbeat", "data": {"latency_ms": 0}}
{"ts": "2026-05-09T18:42:21.288599+00:00", "channel": "websocket", "level": "DEBUG", "msg": "ws_heartbeat", "data": {"latency_ms": 0}}
{"ts": "2026-05-09T18:42:51.289753+00:00", "channel": "websocket", "level": "DEBUG", "msg": "ws_heartbeat", "data": {"latency_ms": 0}}
{"ts": "2026-05-09T18:43:21.286079+00:00", "channel": "websocket", "level": "DEBUG", "msg": "ws_heartbeat", "data": {"latency_ms": 0}}
{"ts": "2026-05-09T18:43:51.288436+00:00", "channel": "websocket", "level": "DEBUG", "msg": "ws_heartbeat", "data": {"latency_ms": 0}}
{"ts": "2026-05-09T18:44:21.287861+00:00", "channel": "websocket", "level": "DEBUG", "msg": "ws_heartbeat", "data": {"latency_ms": 0}}
{"ts": "2026-05-09T18:44:51.289005+00:00", "channel": "websocket", "level": "DEBUG", "msg": "ws_heartbeat", "data": {"latency_ms": 0}}
{"ts": "2026-05-09T18:45:21.292603+00:00", "channel": "websocket", "level": "DEBUG", "msg": "ws_heartbeat", "data": {"latency_ms": 0}}
{"ts": "2026-05-09T18:45:49.039957+00:00", "channel": "websocket", "level": "WARNING", "msg": "ws_disconnect", "data": {"socket_id": "VT3ryJz1wEGD5GElAAAA", "reason": "socket.io_disconnect", "total_disconnections": 3}}
{"ts": "2026-05-09T18:45:55.052528+00:00", "channel": "websocket", "level": "INFO", "msg": "ws_backoff", "data": {"delay_s": 10, "attempt": 4}}
{"ts": "2026-05-09T18:45:55.562779+00:00", "channel": "websocket", "level": "INFO", "msg": "ws_connect", "data": {"socket_id": "3odtAAhDlcA6VnJLAAAA", "ip": "https://ibrahim-backend-production.up.railway.app"}}
{"ts": "2026-05-09T18:46:25.266913+00:00", "channel": "websocket", "level": "DEBUG", "msg": "ws_heartbeat", "data": {"latency_ms": 0}}
{"ts": "2026-05-09T18:46:55.268436+00:00", "channel": "websocket", "level": "DEBUG", "msg": "ws_heartbeat", "data": {"latency_ms": 0}}
{"ts": "2026-05-09T18:47:25.265457+00:00", "channel": "websocket", "level": "DEBUG", "msg": "ws_heartbeat", "data": {"latency_ms": 0}}
{"ts": "2026-05-09T18:47:55.265982+00:00", "channel": "websocket", "level": "DEBUG", "msg": "ws_heartbeat", "data": {"latency_ms": 0}}
{"ts": "2026-05-09T18:48:25.265983+00:00", "channel": "websocket", "level": "DEBUG", "msg": "ws_heartbeat", "data": {"latency_ms": 0}}
{"ts": "2026-05-09T18:48:55.265632+00:00", "channel": "websocket", "level": "DEBUG", "msg": "ws_heartbeat", "data": {"latency_ms": 0}}
{"ts": "2026-05-09T18:49:25.268539+00:00", "channel": "websocket", "level": "DEBUG", "msg": "ws_heartbeat", "data": {"latency_ms": 0}}
{"ts": "2026-05-09T18:49:55.266949+00:00", "channel": "websocket", "level": "DEBUG", "msg": "ws_heartbeat", "data": {"latency_ms": 0}}
{"ts": "2026-05-09T18:50:25.268739+00:00", "channel": "websocket", "level": "DEBUG", "msg": "ws_heartbeat", "data": {"latency_ms": 0}}
{"ts": "2026-05-09T18:50:55.285204+00:00", "channel": "websocket", "level": "DEBUG", "msg": "ws_heartbeat", "data": {"latency_ms": 0}}
{"ts": "2026-05-09T18:51:25.267879+00:00", "channel": "websocket", "level": "DEBUG", "msg": "ws_heartbeat", "data": {"latency_ms": 0}}
{"ts": "2026-05-10T04:53:19.645379+00:00", "channel": "websocket", "level": "INFO", "msg": "ws_backoff", "data": {"delay_s": 5, "attempt": 1}}
{"ts": "2026-05-10T04:53:20.198212+00:00", "channel": "websocket", "level": "INFO", "msg": "ws_connect", "data": {"socket_id": "yhHlZbRU4eDmBWLoAAAC", "ip": "https://ibrahim-backend-production.up.railway.app"}}
{"ts": "2026-05-10T04:53:49.846365+00:00", "channel": "websocket", "level": "DEBUG", "msg": "ws_heartbeat", "data": {"latency_ms": 0}}
{"ts": "2026-05-10T04:54:19.848016+00:00", "channel": "websocket", "level": "DEBUG", "msg": "ws_heartbeat", "data": {"latency_ms": 0}}
{"ts": "2026-05-10T04:54:49.849479+00:00", "channel": "websocket", "level": "DEBUG", "msg": "ws_heartbeat", "data": {"latency_ms": 0}}
{"ts": "2026-05-10T04:55:19.857197+00:00", "channel": "websocket", "level": "DEBUG", "msg": "ws_heartbeat", "data": {"latency_ms": 0}}
{"ts": "2026-05-10T04:55:49.874373+00:00", "channel": "websocket", "level": "DEBUG", "msg": "ws_heartbeat", "data": {"latency_ms": 0}}
{"ts": "2026-05-10T04:56:19.852582+00:00", "channel": "websocket", "level": "DEBUG", "msg": "ws_heartbeat", "data": {"latency_ms": 0}}
{"ts": "2026-05-10T04:56:49.853413+00:00", "channel": "websocket", "level": "DEBUG", "msg": "ws_heartbeat", "data": {"latency_ms": 0}}
{"ts": "2026-05-10T04:57:19.853623+00:00", "channel": "websocket", "level": "DEBUG", "msg": "ws_heartbeat", "data": {"latency_ms": 0}}
{"ts": "2026-05-10T04:57:49.855058+00:00", "channel": "websocket", "level": "DEBUG", "msg": "ws_heartbeat", "data": {"latency_ms": 0}}
{"ts": "2026-05-10T04:58:19.873446+00:00", "channel": "websocket", "level": "DEBUG", "msg": "ws_heartbeat", "data": {"latency_ms": 0}}
{"ts": "2026-05-10T04:58:49.855359+00:00", "channel": "websocket", "level": "DEBUG", "msg": "ws_heartbeat", "data": {"latency_ms": 0}}
{"ts": "2026-05-10T04:59:19.857634+00:00", "channel": "websocket", "level": "DEBUG", "msg": "ws_heartbeat", "data": {"latency_ms": 0}}
{"ts": "2026-05-10T04:59:49.858316+00:00", "channel": "websocket", "level": "DEBUG", "msg": "ws_heartbeat", "data": {"latency_ms": 0}}
{"ts": "2026-05-10T05:00:19.858985+00:00", "channel": "websocket", "level": "DEBUG", "msg": "ws_heartbeat", "data": {"latency_ms": 0}}
{"ts": "2026-05-10T05:00:49.862463+00:00", "channel": "websocket", "level": "DEBUG", "msg": "ws_heartbeat", "data": {"latency_ms": 0}}
{"ts": "2026-05-10T05:01:19.864104+00:00", "channel": "websocket", "level": "DEBUG", "msg": "ws_heartbeat", "data": {"latency_ms": 0}}
{"ts": "2026-05-10T05:01:49.866629+00:00", "channel": "websocket", "level": "DEBUG", "msg": "ws_heartbeat", "data": {"latency_ms": 0}}
{"ts": "2026-05-10T05:02:19.870133+00:00", "channel": "websocket", "level": "DEBUG", "msg": "ws_heartbeat", "data": {"latency_ms": 0}}
{"ts": "2026-05-10T05:02:49.877480+00:00", "channel": "websocket", "level": "DEBUG", "msg": "ws_heartbeat", "data": {"latency_ms": 0}}
{"ts": "2026-05-10T05:03:19.872552+00:00", "channel": "websocket", "level": "DEBUG", "msg": "ws_heartbeat", "data": {"latency_ms": 0}}
{"ts": "2026-05-10T05:03:49.876063+00:00", "channel": "websocket", "level": "DEBUG", "msg": "ws_heartbeat", "data": {"latency_ms": 0}}
{"ts": "2026-05-10T05:04:19.877438+00:00", "channel": "websocket", "level": "DEBUG", "msg": "ws_heartbeat", "data": {"latency_ms": 0}}
{"ts": "2026-05-10T05:04:49.879039+00:00", "channel": "websocket", "level": "DEBUG", "msg": "ws_heartbeat", "data": {"latency_ms": 0}}
{"ts": "2026-05-10T05:05:19.882587+00:00", "channel": "websocket", "level": "DEBUG", "msg": "ws_heartbeat", "data": {"latency_ms": 0}}
{"ts": "2026-05-10T05:05:49.887654+00:00", "channel": "websocket", "level": "DEBUG", "msg": "ws_heartbeat", "data": {"latency_ms": 0}}
{"ts": "2026-05-10T05:06:19.887263+00:00", "channel": "websocket", "level": "DEBUG", "msg": "ws_heartbeat", "data": {"latency_ms": 0}}
{"ts": "2026-05-10T05:06:49.890386+00:00", "channel": "websocket", "level": "DEBUG", "msg": "ws_heartbeat", "data": {"latency_ms": 0}}
{"ts": "2026-05-10T05:07:19.890852+00:00", "channel": "websocket", "level": "DEBUG", "msg": "ws_heartbeat", "data": {"latency_ms": 0}}
{"ts": "2026-05-10T05:07:49.894694+00:00", "channel": "websocket", "level": "DEBUG", "msg": "ws_heartbeat", "data": {"latency_ms": 0}}
{"ts": "2026-05-10T05:08:19.896166+00:00", "channel": "websocket", "level": "DEBUG", "msg": "ws_heartbeat", "data": {"latency_ms": 0}}
{"ts": "2026-05-10T05:08:30.454492+00:00", "channel": "websocket", "level": "WARNING", "msg": "ws_disconnect", "data": {"socket_id": "yhHlZbRU4eDmBWLoAAAC", "reason": "socket.io_disconnect", "total_disconnections": 1}}
{"ts": "2026-05-10T05:08:36.461835+00:00", "channel": "websocket", "level": "INFO", "msg": "ws_backoff", "data": {"delay_s": 10, "attempt": 2}}
{"ts": "2026-05-10T05:08:36.980221+00:00", "channel": "websocket", "level": "INFO", "msg": "ws_connect", "data": {"socket_id": "rzSfUwiWRFYHgygdAAAA", "ip": "https://ibrahim-backend-production.up.railway.app"}}
{"ts": "2026-05-10T05:09:06.678536+00:00", "channel": "websocket", "level": "DEBUG", "msg": "ws_heartbeat", "data": {"latency_ms": 0}}
{"ts": "2026-05-10T05:09:36.678976+00:00", "channel": "websocket", "level": "DEBUG", "msg": "ws_heartbeat", "data": {"latency_ms": 0}}
{"ts": "2026-05-10T05:10:06.679680+00:00", "channel": "websocket", "level": "DEBUG", "msg": "ws_heartbeat", "data": {"latency_ms": 0}}
{"ts": "2026-05-10T05:10:36.679332+00:00", "channel": "websocket", "level": "DEBUG", "msg": "ws_heartbeat", "data": {"latency_ms": 0}}
{"ts": "2026-05-10T05:11:06.683042+00:00", "channel": "websocket", "level": "DEBUG", "msg": "ws_heartbeat", "data": {"latency_ms": 0}}
{"ts": "2026-05-10T05:11:36.683341+00:00", "channel": "websocket", "level": "DEBUG", "msg": "ws_heartbeat", "data": {"latency_ms": 0}}
{"ts": "2026-05-10T05:12:06.686599+00:00", "channel": "websocket", "level": "DEBUG", "msg": "ws_heartbeat", "data": {"latency_ms": 0}}
{"ts": "2026-05-10T05:12:36.693079+00:00", "channel": "websocket", "level": "DEBUG", "msg": "ws_heartbeat", "data": {"latency_ms": 0}}
{"ts": "2026-05-10T05:13:06.684806+00:00", "channel": "websocket", "level": "DEBUG", "msg": "ws_heartbeat", "data": {"latency_ms": 0}}
{"ts": "2026-05-10T05:13:36.686507+00:00", "channel": "websocket", "level": "DEBUG", "msg": "ws_heartbeat", "data": {"latency_ms": 0}}
{"ts": "2026-05-10T05:14:06.686764+00:00", "channel": "websocket", "level": "DEBUG", "msg": "ws_heartbeat", "data": {"latency_ms": 0}}
{"ts": "2026-05-10T05:14:36.688720+00:00", "channel": "websocket", "level": "DEBUG", "msg": "ws_heartbeat", "data": {"latency_ms": 0}}
{"ts": "2026-05-10T05:15:06.690092+00:00", "channel": "websocket", "level": "DEBUG", "msg": "ws_heartbeat", "data": {"latency_ms": 0}}
{"ts": "2026-05-10T05:15:36.693442+00:00", "channel": "websocket", "level": "DEBUG", "msg": "ws_heartbeat", "data": {"latency_ms": 0}}
{"ts": "2026-05-10T05:16:06.690140+00:00", "channel": "websocket", "level": "DEBUG", "msg": "ws_heartbeat", "data": {"latency_ms": 0}}
{"ts": "2026-05-10T05:16:36.695863+00:00", "channel": "websocket", "level": "DEBUG", "msg": "ws_heartbeat", "data": {"latency_ms": 0}}
{"ts": "2026-05-10T05:17:06.692167+00:00", "channel": "websocket", "level": "DEBUG", "msg": "ws_heartbeat", "data": {"latency_ms": 0}}
{"ts": "2026-05-10T05:17:36.693409+00:00", "channel": "websocket", "level": "DEBUG", "msg": "ws_heartbeat", "data": {"latency_ms": 0}}
{"ts": "2026-05-10T05:18:06.693343+00:00", "channel": "websocket", "level": "DEBUG", "msg": "ws_heartbeat", "data": {"latency_ms": 0}}
{"ts": "2026-05-10T05:18:36.693956+00:00", "channel": "websocket", "level": "DEBUG", "msg": "ws_heartbeat", "data": {"latency_ms": 0}}
{"ts": "2026-05-10T05:19:06.697744+00:00", "channel": "websocket", "level": "DEBUG", "msg": "ws_heartbeat", "data": {"latency_ms": 0}}
{"ts": "2026-05-10T05:19:36.696678+00:00", "channel": "websocket", "level": "DEBUG", "msg": "ws_heartbeat", "data": {"latency_ms": 0}}
{"ts": "2026-05-10T05:20:06.697193+00:00", "channel": "websocket", "level": "DEBUG", "msg": "ws_heartbeat", "data": {"latency_ms": 0}}
{"ts": "2026-05-10T05:20:36.699358+00:00", "channel": "websocket", "level": "DEBUG", "msg": "ws_heartbeat", "data": {"latency_ms": 0}}
{"ts": "2026-05-10T05:21:06.702988+00:00", "channel": "websocket", "level": "DEBUG", "msg": "ws_heartbeat", "data": {"latency_ms": 0}}
{"ts": "2026-05-10T05:21:36.707963+00:00", "channel": "websocket", "level": "DEBUG", "msg": "ws_heartbeat", "data": {"latency_ms": 0}}
{"ts": "2026-05-10T05:22:06.709845+00:00", "channel": "websocket", "level": "DEBUG", "msg": "ws_heartbeat", "data": {"latency_ms": 0}}
{"ts": "2026-05-10T05:22:36.713150+00:00", "channel": "websocket", "level": "DEBUG", "msg": "ws_heartbeat", "data": {"latency_ms": 0}}
{"ts": "2026-05-10T05:23:06.715729+00:00", "channel": "websocket", "level": "DEBUG", "msg": "ws_heartbeat", "data": {"latency_ms": 0}}
{"ts": "2026-05-10T05:23:36.715608+00:00", "channel": "websocket", "level": "DEBUG", "msg": "ws_heartbeat", "data": {"latency_ms": 0}}
{"ts": "2026-05-10T05:24:06.718101+00:00", "channel": "websocket", "level": "DEBUG", "msg": "ws_heartbeat", "data": {"latency_ms": 0}}
{"ts": "2026-05-10T05:24:36.722643+00:00", "channel": "websocket", "level": "DEBUG", "msg": "ws_heartbeat", "data": {"latency_ms": 0}}
{"ts": "2026-05-10T05:25:06.726204+00:00", "channel": "websocket", "level": "DEBUG", "msg": "ws_heartbeat", "data": {"latency_ms": 0}}
{"ts": "2026-05-10T05:25:36.732423+00:00", "channel": "websocket", "level": "DEBUG", "msg": "ws_heartbeat", "data": {"latency_ms": 0}}
{"ts": "2026-05-10T05:25:37.464211+00:00", "channel": "websocket", "level": "WARNING", "msg": "ws_disconnect", "data": {"socket_id": "rzSfUwiWRFYHgygdAAAA", "reason": "socket.io_disconnect", "total_disconnections": 2}}
{"ts": "2026-05-10T05:25:43.473174+00:00", "channel": "websocket", "level": "INFO", "msg": "ws_backoff", "data": {"delay_s": 10, "attempt": 3}}
{"ts": "2026-05-10T05:25:44.043185+00:00", "channel": "websocket", "level": "INFO", "msg": "ws_connect", "data": {"socket_id": "N0ubYndrvKlMjoWMAAAA", "ip": "https://ibrahim-backend-production.up.railway.app"}}
{"ts": "2026-05-10T05:26:13.741556+00:00", "channel": "websocket", "level": "DEBUG", "msg": "ws_heartbeat", "data": {"latency_ms": 0}}
{"ts": "2026-05-10T05:26:43.740868+00:00", "channel": "websocket", "level": "DEBUG", "msg": "ws_heartbeat", "data": {"latency_ms": 0}}
{"ts": "2026-05-10T05:27:13.742074+00:00", "channel": "websocket", "level": "DEBUG", "msg": "ws_heartbeat", "data": {"latency_ms": 0}}
{"ts": "2026-05-10T05:27:43.742391+00:00", "channel": "websocket", "level": "DEBUG", "msg": "ws_heartbeat", "data": {"latency_ms": 0}}
{"ts": "2026-05-10T05:28:13.745433+00:00", "channel": "websocket", "level": "DEBUG", "msg": "ws_heartbeat", "data": {"latency_ms": 0}}
{"ts": "2026-05-10T05:28:43.743148+00:00", "channel": "websocket", "level": "DEBUG", "msg": "ws_heartbeat", "data": {"latency_ms": 0}}
{"ts": "2026-05-10T05:29:13.746976+00:00", "channel": "websocket", "level": "DEBUG", "msg": "ws_heartbeat", "data": {"latency_ms": 0}}
{"ts": "2026-05-10T05:29:43.745097+00:00", "channel": "websocket", "level": "DEBUG", "msg": "ws_heartbeat", "data": {"latency_ms": 0}}
{"ts": "2026-05-10T05:30:13.748008+00:00", "channel": "websocket", "level": "DEBUG", "msg": "ws_heartbeat", "data": {"latency_ms": 0}}
{"ts": "2026-05-10T05:30:43.748628+00:00", "channel": "websocket", "level": "DEBUG", "msg": "ws_heartbeat", "data": {"latency_ms": 0}}
{"ts": "2026-05-10T05:31:13.749579+00:00", "channel": "websocket", "level": "DEBUG", "msg": "ws_heartbeat", "data": {"latency_ms": 0}}
{"ts": "2026-05-10T05:31:43.751813+00:00", "channel": "websocket", "level": "DEBUG", "msg": "ws_heartbeat", "data": {"latency_ms": 0}}
{"ts": "2026-05-10T05:32:13.752886+00:00", "channel": "websocket", "level": "DEBUG", "msg": "ws_heartbeat", "data": {"latency_ms": 0}}
{"ts": "2026-05-10T05:32:43.754441+00:00", "channel": "websocket", "level": "DEBUG", "msg": "ws_heartbeat", "data": {"latency_ms": 0}}
{"ts": "2026-05-10T05:33:13.756041+00:00", "channel": "websocket", "level": "DEBUG", "msg": "ws_heartbeat", "data": {"latency_ms": 0}}
{"ts": "2026-05-10T05:33:43.756681+00:00", "channel": "websocket", "level": "DEBUG", "msg": "ws_heartbeat", "data": {"latency_ms": 0}}
{"ts": "2026-05-10T05:34:13.758111+00:00", "channel": "websocket", "level": "DEBUG", "msg": "ws_heartbeat", "data": {"latency_ms": 0}}
{"ts": "2026-05-10T05:34:43.759706+00:00", "channel": "websocket", "level": "DEBUG", "msg": "ws_heartbeat", "data": {"latency_ms": 0}}
{"ts": "2026-05-10T05:35:13.758181+00:00", "channel": "websocket", "level": "DEBUG", "msg": "ws_heartbeat", "data": {"latency_ms": 0}}
{"ts": "2026-05-10T05:35:43.759483+00:00", "channel": "websocket", "level": "DEBUG", "msg": "ws_heartbeat", "data": {"latency_ms": 0}}
{"ts": "2026-05-10T05:36:05.691550+00:00", "channel": "websocket", "level": "WARNING", "msg": "ws_disconnect", "data": {"socket_id": "N0ubYndrvKlMjoWMAAAA", "reason": "socket.io_disconnect", "total_disconnections": 3}}
{"ts": "2026-05-10T05:36:11.721259+00:00", "channel": "websocket", "level": "INFO", "msg": "ws_backoff", "data": {"delay_s": 10, "attempt": 4}}
{"ts": "2026-05-10T05:36:12.261064+00:00", "channel": "websocket", "level": "INFO", "msg": "ws_connect", "data": {"socket_id": "GKKkWZ57GMI2WIflAAAA", "ip": "https://ibrahim-backend-production.up.railway.app"}}
{"ts": "2026-05-10T05:36:41.960572+00:00", "channel": "websocket", "level": "DEBUG", "msg": "ws_heartbeat", "data": {"latency_ms": 0}}
{"ts": "2026-05-10T05:37:11.959451+00:00", "channel": "websocket", "level": "DEBUG", "msg": "ws_heartbeat", "data": {"latency_ms": 0}}
{"ts": "2026-05-10T05:37:41.959591+00:00", "channel": "websocket", "level": "DEBUG", "msg": "ws_heartbeat", "data": {"latency_ms": 0}}
{"ts": "2026-05-10T05:38:11.960492+00:00", "channel": "websocket", "level": "DEBUG", "msg": "ws_heartbeat", "data": {"latency_ms": 0}}
{"ts": "2026-05-10T05:38:41.961007+00:00", "channel": "websocket", "level": "DEBUG", "msg": "ws_heartbeat", "data": {"latency_ms": 0}}
{"ts": "2026-05-10T05:39:11.961229+00:00", "channel": "websocket", "level": "DEBUG", "msg": "ws_heartbeat", "data": {"latency_ms": 0}}
{"ts": "2026-05-10T05:39:41.963390+00:00", "channel": "websocket", "level": "DEBUG", "msg": "ws_heartbeat", "data": {"latency_ms": 0}}
{"ts": "2026-05-10T05:40:11.964378+00:00", "channel": "websocket", "level": "DEBUG", "msg": "ws_heartbeat", "data": {"latency_ms": 0}}
{"ts": "2026-05-10T05:40:41.964979+00:00", "channel": "websocket", "level": "DEBUG", "msg": "ws_heartbeat", "data": {"latency_ms": 0}}
{"ts": "2026-05-10T05:41:11.966198+00:00", "channel": "websocket", "level": "DEBUG", "msg": "ws_heartbeat", "data": {"latency_ms": 0}}
{"ts": "2026-05-10T05:41:41.966241+00:00", "channel": "websocket", "level": "DEBUG", "msg": "ws_heartbeat", "data": {"latency_ms": 0}}
{"ts": "2026-05-10T05:42:11.968880+00:00", "channel": "websocket", "level": "DEBUG", "msg": "ws_heartbeat", "data": {"latency_ms": 0}}
{"ts": "2026-05-10T05:42:41.965805+00:00", "channel": "websocket", "level": "DEBUG", "msg": "ws_heartbeat", "data": {"latency_ms": 0}}
{"ts": "2026-05-10T05:43:11.970495+00:00", "channel": "websocket", "level": "DEBUG", "msg": "ws_heartbeat", "data": {"latency_ms": 0}}
{"ts": "2026-05-10T05:43:41.971392+00:00", "channel": "websocket", "level": "DEBUG", "msg": "ws_heartbeat", "data": {"latency_ms": 0}}
{"ts": "2026-05-10T05:44:11.969194+00:00", "channel": "websocket", "level": "DEBUG", "msg": "ws_heartbeat", "data": {"latency_ms": 0}}
{"ts": "2026-05-10T05:44:41.970016+00:00", "channel": "websocket", "level": "DEBUG", "msg": "ws_heartbeat", "data": {"latency_ms": 0}}
{"ts": "2026-05-10T05:45:11.972389+00:00", "channel": "websocket", "level": "DEBUG", "msg": "ws_heartbeat", "data": {"latency_ms": 0}}
{"ts": "2026-05-10T05:45:41.973953+00:00", "channel": "websocket", "level": "DEBUG", "msg": "ws_heartbeat", "data": {"latency_ms": 0}}
{"ts": "2026-05-10T05:46:11.974224+00:00", "channel": "websocket", "level": "DEBUG", "msg": "ws_heartbeat", "data": {"latency_ms": 0}}
{"ts": "2026-05-10T05:46:41.975092+00:00", "channel": "websocket", "level": "DEBUG", "msg": "ws_heartbeat", "data": {"latency_ms": 0}}
{"ts": "2026-05-10T05:47:11.975298+00:00", "channel": "websocket", "level": "DEBUG", "msg": "ws_heartbeat", "data": {"latency_ms": 0}}
{"ts": "2026-05-10T05:47:41.977689+00:00", "channel": "websocket", "level": "DEBUG", "msg": "ws_heartbeat", "data": {"latency_ms": 0}}
{"ts": "2026-05-10T05:48:11.978642+00:00", "channel": "websocket", "level": "DEBUG", "msg": "ws_heartbeat", "data": {"latency_ms": 0}}
{"ts": "2026-05-10T05:48:41.979127+00:00", "channel": "websocket", "level": "DEBUG", "msg": "ws_heartbeat", "data": {"latency_ms": 0}}
{"ts": "2026-05-10T05:49:11.980628+00:00", "channel": "websocket", "level": "DEBUG", "msg": "ws_heartbeat", "data": {"latency_ms": 0}}
{"ts": "2026-05-10T05:49:41.979970+00:00", "channel": "websocket", "level": "DEBUG", "msg": "ws_heartbeat", "data": {"latency_ms": 0}}
{"ts": "2026-05-10T05:50:11.982015+00:00", "channel": "websocket", "level": "DEBUG", "msg": "ws_heartbeat", "data": {"latency_ms": 0}}
{"ts": "2026-05-10T05:50:41.981286+00:00", "channel": "websocket", "level": "DEBUG", "msg": "ws_heartbeat", "data": {"latency_ms": 0}}
{"ts": "2026-05-10T05:51:11.980843+00:00", "channel": "websocket", "level": "DEBUG", "msg": "ws_heartbeat", "data": {"latency_ms": 0}}
{"ts": "2026-05-10T05:51:41.983827+00:00", "channel": "websocket", "level": "DEBUG", "msg": "ws_heartbeat", "data": {"latency_ms": 0}}
{"ts": "2026-05-10T05:52:11.984779+00:00", "channel": "websocket", "level": "DEBUG", "msg": "ws_heartbeat", "data": {"latency_ms": 0}}
{"ts": "2026-05-10T05:52:42.018406+00:00", "channel": "websocket", "level": "DEBUG", "msg": "ws_heartbeat", "data": {"latency_ms": 0}}
{"ts": "2026-05-10T05:53:11.984031+00:00", "channel": "websocket", "level": "DEBUG", "msg": "ws_heartbeat", "data": {"latency_ms": 0}}
{"ts": "2026-05-10T05:53:41.984423+00:00", "channel": "websocket", "level": "DEBUG", "msg": "ws_heartbeat", "data": {"latency_ms": 0}}
{"ts": "2026-05-10T05:54:11.986085+00:00", "channel": "websocket", "level": "DEBUG", "msg": "ws_heartbeat", "data": {"latency_ms": 0}}
{"ts": "2026-05-10T05:54:41.986513+00:00", "channel": "websocket", "level": "DEBUG", "msg": "ws_heartbeat", "data": {"latency_ms": 0}}
{"ts": "2026-05-10T05:55:11.990258+00:00", "channel": "websocket", "level": "DEBUG", "msg": "ws_heartbeat", "data": {"latency_ms": 0}}
{"ts": "2026-05-10T05:55:41.987168+00:00", "channel": "websocket", "level": "DEBUG", "msg": "ws_heartbeat", "data": {"latency_ms": 0}}
{"ts": "2026-05-10T05:56:11.988557+00:00", "channel": "websocket", "level": "DEBUG", "msg": "ws_heartbeat", "data": {"latency_ms": 0}}
{"ts": "2026-05-10T05:56:26.549997+00:00", "channel": "websocket", "level": "WARNING", "msg": "ws_disconnect", "data": {"socket_id": "GKKkWZ57GMI2WIflAAAA", "reason": "socket.io_disconnect", "total_disconnections": 4}}
{"ts": "2026-05-10T05:56:32.554944+00:00", "channel": "websocket", "level": "INFO", "msg": "ws_backoff", "data": {"delay_s": 10, "attempt": 5}}
{"ts": "2026-05-10T05:56:33.020672+00:00", "channel": "websocket", "level": "INFO", "msg": "ws_connect", "data": {"socket_id": "Yx6aGkJOB-9Y85KZAAAA", "ip": "https://ibrahim-backend-production.up.railway.app"}}
{"ts": "2026-05-10T05:57:02.717022+00:00", "channel": "websocket", "level": "DEBUG", "msg": "ws_heartbeat", "data": {"latency_ms": 0}}
{"ts": "2026-05-10T05:57:32.717778+00:00", "channel": "websocket", "level": "DEBUG", "msg": "ws_heartbeat", "data": {"latency_ms": 0}}
{"ts": "2026-05-10T05:58:02.719629+00:00", "channel": "websocket", "level": "DEBUG", "msg": "ws_heartbeat", "data": {"latency_ms": 0}}
{"ts": "2026-05-10T05:58:32.719635+00:00", "channel": "websocket", "level": "DEBUG", "msg": "ws_heartbeat", "data": {"latency_ms": 0}}
{"ts": "2026-05-10T05:59:02.720191+00:00", "channel": "websocket", "level": "DEBUG", "msg": "ws_heartbeat", "data": {"latency_ms": 0}}
{"ts": "2026-05-10T05:59:32.723249+00:00", "channel": "websocket", "level": "DEBUG", "msg": "ws_heartbeat", "data": {"latency_ms": 0}}
{"ts": "2026-05-10T06:00:02.724210+00:00", "channel": "websocket", "level": "DEBUG", "msg": "ws_heartbeat", "data": {"latency_ms": 0}}
{"ts": "2026-05-10T06:00:32.725442+00:00", "channel": "websocket", "level": "DEBUG", "msg": "ws_heartbeat", "data": {"latency_ms": 0}}
{"ts": "2026-05-10T06:01:02.725853+00:00", "channel": "websocket", "level": "DEBUG", "msg": "ws_heartbeat", "data": {"latency_ms": 0}}
{"ts": "2026-05-10T06:01:32.727529+00:00", "channel": "websocket", "level": "DEBUG", "msg": "ws_heartbeat", "data": {"latency_ms": 0}}
{"ts": "2026-05-10T06:02:02.730249+00:00", "channel": "websocket", "level": "DEBUG", "msg": "ws_heartbeat", "data": {"latency_ms": 0}}
{"ts": "2026-05-10T06:02:32.731725+00:00", "channel": "websocket", "level": "DEBUG", "msg": "ws_heartbeat", "data": {"latency_ms": 0}}
{"ts": "2026-05-10T06:03:02.730337+00:00", "channel": "websocket", "level": "DEBUG", "msg": "ws_heartbeat", "data": {"latency_ms": 0}}
{"ts": "2026-05-10T06:03:22.925470+00:00", "channel": "websocket", "level": "WARNING", "msg": "ws_disconnect", "data": {"socket_id": "Yx6aGkJOB-9Y85KZAAAA", "reason": "socket.io_disconnect", "total_disconnections": 5}}
{"ts": "2026-05-10T06:03:28.932261+00:00", "channel": "websocket", "level": "INFO", "msg": "ws_backoff", "data": {"delay_s": 10, "attempt": 6}}
{"ts": "2026-05-10T06:03:29.410630+00:00", "channel": "websocket", "level": "INFO", "msg": "ws_connect", "data": {"socket_id": "Pd1fH1phBSsEDJY1AAAA", "ip": "https://ibrahim-backend-production.up.railway.app"}}
{"ts": "2026-05-10T06:03:59.107239+00:00", "channel": "websocket", "level": "DEBUG", "msg": "ws_heartbeat", "data": {"latency_ms": 0}}
{"ts": "2026-05-10T06:04:29.108257+00:00", "channel": "websocket", "level": "DEBUG", "msg": "ws_heartbeat", "data": {"latency_ms": 0}}
{"ts": "2026-05-10T06:04:59.109683+00:00", "channel": "websocket", "level": "DEBUG", "msg": "ws_heartbeat", "data": {"latency_ms": 0}}
{"ts": "2026-05-10T06:05:29.111014+00:00", "channel": "websocket", "level": "DEBUG", "msg": "ws_heartbeat", "data": {"latency_ms": 0}}
{"ts": "2026-05-10T06:05:59.111805+00:00", "channel": "websocket", "level": "DEBUG", "msg": "ws_heartbeat", "data": {"latency_ms": 0}}
{"ts": "2026-05-10T06:06:29.112666+00:00", "channel": "websocket", "level": "DEBUG", "msg": "ws_heartbeat", "data": {"latency_ms": 0}}
{"ts": "2026-05-10T06:06:59.114829+00:00", "channel": "websocket", "level": "DEBUG", "msg": "ws_heartbeat", "data": {"latency_ms": 0}}
{"ts": "2026-05-10T06:07:29.114220+00:00", "channel": "websocket", "level": "DEBUG", "msg": "ws_heartbeat", "data": {"latency_ms": 0}}
{"ts": "2026-05-10T06:07:59.118190+00:00", "channel": "websocket", "level": "DEBUG", "msg": "ws_heartbeat", "data": {"latency_ms": 0}}
{"ts": "2026-05-10T06:08:29.114003+00:00", "channel": "websocket", "level": "DEBUG", "msg": "ws_heartbeat", "data": {"latency_ms": 0}}
{"ts": "2026-05-10T06:08:59.114531+00:00", "channel": "websocket", "level": "DEBUG", "msg": "ws_heartbeat", "data": {"latency_ms": 0}}
{"ts": "2026-05-10T06:09:29.117199+00:00", "channel": "websocket", "level": "DEBUG", "msg": "ws_heartbeat", "data": {"latency_ms": 0}}
{"ts": "2026-05-10T06:09:59.119280+00:00", "channel": "websocket", "level": "DEBUG", "msg": "ws_heartbeat", "data": {"latency_ms": 0}}
{"ts": "2026-05-10T06:10:29.122574+00:00", "channel": "websocket", "level": "DEBUG", "msg": "ws_heartbeat", "data": {"latency_ms": 0}}
{"ts": "2026-05-10T06:10:59.126940+00:00", "channel": "websocket", "level": "DEBUG", "msg": "ws_heartbeat", "data": {"latency_ms": 0}}
{"ts": "2026-05-10T06:11:29.129604+00:00", "channel": "websocket", "level": "DEBUG", "msg": "ws_heartbeat", "data": {"latency_ms": 0}}
{"ts": "2026-05-10T06:11:59.132342+00:00", "channel": "websocket", "level": "DEBUG", "msg": "ws_heartbeat", "data": {"latency_ms": 0}}
{"ts": "2026-05-10T06:12:29.134835+00:00", "channel": "websocket", "level": "DEBUG", "msg": "ws_heartbeat", "data": {"latency_ms": 0}}
{"ts": "2026-05-10T06:12:59.138417+00:00", "channel": "websocket", "level": "DEBUG", "msg": "ws_heartbeat", "data": {"latency_ms": 0}}
{"ts": "2026-05-10T06:13:29.142322+00:00", "channel": "websocket", "level": "DEBUG", "msg": "ws_heartbeat", "data": {"latency_ms": 0}}
{"ts": "2026-05-10T06:13:59.144150+00:00", "channel": "websocket", "level": "DEBUG", "msg": "ws_heartbeat", "data": {"latency_ms": 0}}
{"ts": "2026-05-10T06:14:29.147375+00:00", "channel": "websocket", "level": "DEBUG", "msg": "ws_heartbeat", "data": {"latency_ms": 0}}
{"ts": "2026-05-10T06:14:59.147739+00:00", "channel": "websocket", "level": "DEBUG", "msg": "ws_heartbeat", "data": {"latency_ms": 0}}
{"ts": "2026-05-10T06:15:15.535299+00:00", "channel": "websocket", "level": "WARNING", "msg": "ws_disconnect", "data": {"socket_id": "Pd1fH1phBSsEDJY1AAAA", "reason": "socket.io_disconnect", "total_disconnections": 6}}
{"ts": "2026-05-10T06:15:21.553841+00:00", "channel": "websocket", "level": "INFO", "msg": "ws_backoff", "data": {"delay_s": 10, "attempt": 7}}
{"ts": "2026-05-10T06:15:21.998172+00:00", "channel": "websocket", "level": "INFO", "msg": "ws_connect", "data": {"socket_id": "GarhuLwM5Fz-zfojAAAA", "ip": "https://ibrahim-backend-production.up.railway.app"}}
{"ts": "2026-05-10T06:15:51.695791+00:00", "channel": "websocket", "level": "DEBUG", "msg": "ws_heartbeat", "data": {"latency_ms": 0}}
{"ts": "2026-05-10T06:16:21.697648+00:00", "channel": "websocket", "level": "DEBUG", "msg": "ws_heartbeat", "data": {"latency_ms": 0}}
{"ts": "2026-05-10T06:16:51.697134+00:00", "channel": "websocket", "level": "DEBUG", "msg": "ws_heartbeat", "data": {"latency_ms": 0}}
{"ts": "2026-05-10T06:17:21.699859+00:00", "channel": "websocket", "level": "DEBUG", "msg": "ws_heartbeat", "data": {"latency_ms": 0}}
{"ts": "2026-05-10T06:17:51.698644+00:00", "channel": "websocket", "level": "DEBUG", "msg": "ws_heartbeat", "data": {"latency_ms": 0}}
{"ts": "2026-05-10T06:18:21.698382+00:00", "channel": "websocket", "level": "DEBUG", "msg": "ws_heartbeat", "data": {"latency_ms": 0}}
{"ts": "2026-05-10T06:18:51.701640+00:00", "channel": "websocket", "level": "DEBUG", "msg": "ws_heartbeat", "data": {"latency_ms": 0}}
{"ts": "2026-05-10T06:19:21.701849+00:00", "channel": "websocket", "level": "DEBUG", "msg": "ws_heartbeat", "data": {"latency_ms": 0}}
{"ts": "2026-05-10T06:19:51.702499+00:00", "channel": "websocket", "level": "DEBUG", "msg": "ws_heartbeat", "data": {"latency_ms": 0}}
{"ts": "2026-05-10T06:20:21.705886+00:00", "channel": "websocket", "level": "DEBUG", "msg": "ws_heartbeat", "data": {"latency_ms": 0}}
{"ts": "2026-05-10T06:20:51.702485+00:00", "channel": "websocket", "level": "DEBUG", "msg": "ws_heartbeat", "data": {"latency_ms": 0}}
{"ts": "2026-05-10T06:21:21.704910+00:00", "channel": "websocket", "level": "DEBUG", "msg": "ws_heartbeat", "data": {"latency_ms": 0}}
{"ts": "2026-05-10T06:21:51.708014+00:00", "channel": "websocket", "level": "DEBUG", "msg": "ws_heartbeat", "data": {"latency_ms": 0}}
{"ts": "2026-05-10T06:22:21.706175+00:00", "channel": "websocket", "level": "DEBUG", "msg": "ws_heartbeat", "data": {"latency_ms": 0}}
{"ts": "2026-05-10T06:22:51.707442+00:00", "channel": "websocket", "level": "DEBUG", "msg": "ws_heartbeat", "data": {"latency_ms": 0}}
{"ts": "2026-05-10T06:23:21.709136+00:00", "channel": "websocket", "level": "DEBUG", "msg": "ws_heartbeat", "data": {"latency_ms": 0}}
{"ts": "2026-05-10T06:23:51.708811+00:00", "channel": "websocket", "level": "DEBUG", "msg": "ws_heartbeat", "data": {"latency_ms": 0}}
{"ts": "2026-05-10T06:24:21.707879+00:00", "channel": "websocket", "level": "DEBUG", "msg": "ws_heartbeat", "data": {"latency_ms": 0}}
{"ts": "2026-05-10T06:24:51.712989+00:00", "channel": "websocket", "level": "DEBUG", "msg": "ws_heartbeat", "data": {"latency_ms": 0}}
{"ts": "2026-05-10T06:25:21.711477+00:00", "channel": "websocket", "level": "DEBUG", "msg": "ws_heartbeat", "data": {"latency_ms": 0}}
{"ts": "2026-05-10T06:25:51.710655+00:00", "channel": "websocket", "level": "DEBUG", "msg": "ws_heartbeat", "data": {"latency_ms": 0}}
{"ts": "2026-05-10T06:26:21.712289+00:00", "channel": "websocket", "level": "DEBUG", "msg": "ws_heartbeat", "data": {"latency_ms": 0}}
{"ts": "2026-05-10T06:26:51.711043+00:00", "channel": "websocket", "level": "DEBUG", "msg": "ws_heartbeat", "data": {"latency_ms": 0}}
{"ts": "2026-05-10T06:27:21.712311+00:00", "channel": "websocket", "level": "DEBUG", "msg": "ws_heartbeat", "data": {"latency_ms": 0}}
{"ts": "2026-05-10T06:27:51.716519+00:00", "channel": "websocket", "level": "DEBUG", "msg": "ws_heartbeat", "data": {"latency_ms": 0}}
{"ts": "2026-05-10T06:28:21.725968+00:00", "channel": "websocket", "level": "DEBUG", "msg": "ws_heartbeat", "data": {"latency_ms": 0}}
{"ts": "2026-05-10T06:28:51.717225+00:00", "channel": "websocket", "level": "DEBUG", "msg": "ws_heartbeat", "data": {"latency_ms": 0}}
{"ts": "2026-05-10T06:29:11.832122+00:00", "channel": "websocket", "level": "WARNING", "msg": "ws_disconnect", "data": {"socket_id": "GarhuLwM5Fz-zfojAAAA", "reason": "socket.io_disconnect", "total_disconnections": 7}}
{"ts": "2026-05-10T06:29:17.852836+00:00", "channel": "websocket", "level": "INFO", "msg": "ws_backoff", "data": {"delay_s": 10, "attempt": 8}}
{"ts": "2026-05-10T06:29:18.302398+00:00", "channel": "websocket", "level": "INFO", "msg": "ws_connect", "data": {"socket_id": "W1zsJmqayeC1ZVsbAAAA", "ip": "https://ibrahim-backend-production.up.railway.app"}}
{"ts": "2026-05-10T06:29:47.998899+00:00", "channel": "websocket", "level": "DEBUG", "msg": "ws_heartbeat", "data": {"latency_ms": 0}}
{"ts": "2026-05-10T06:30:17.999558+00:00", "channel": "websocket", "level": "DEBUG", "msg": "ws_heartbeat", "data": {"latency_ms": 0}}
{"ts": "2026-05-10T06:30:47.998948+00:00", "channel": "websocket", "level": "DEBUG", "msg": "ws_heartbeat", "data": {"latency_ms": 0}}
{"ts": "2026-05-10T06:31:17.999243+00:00", "channel": "websocket", "level": "DEBUG", "msg": "ws_heartbeat", "data": {"latency_ms": 0}}
{"ts": "2026-05-10T06:31:48.002423+00:00", "channel": "websocket", "level": "DEBUG", "msg": "ws_heartbeat", "data": {"latency_ms": 0}}
{"ts": "2026-05-10T06:32:18.002016+00:00", "channel": "websocket", "level": "DEBUG", "msg": "ws_heartbeat", "data": {"latency_ms": 0}}
{"ts": "2026-05-10T06:32:48.003131+00:00", "channel": "websocket", "level": "DEBUG", "msg": "ws_heartbeat", "data": {"latency_ms": 0}}
{"ts": "2026-05-10T06:33:04.426269+00:00", "channel": "websocket", "level": "WARNING", "msg": "ws_disconnect", "data": {"socket_id": "W1zsJmqayeC1ZVsbAAAA", "reason": "socket.io_disconnect", "total_disconnections": 8}}
{"ts": "2026-05-10T06:33:10.446582+00:00", "channel": "websocket", "level": "INFO", "msg": "ws_backoff", "data": {"delay_s": 10, "attempt": 9}}
{"ts": "2026-05-10T06:33:10.901025+00:00", "channel": "websocket", "level": "INFO", "msg": "ws_connect", "data": {"socket_id": "GOzPCTK26AoRblnbAAAA", "ip": "https://ibrahim-backend-production.up.railway.app"}}
{"ts": "2026-05-10T06:33:40.599834+00:00", "channel": "websocket", "level": "DEBUG", "msg": "ws_heartbeat", "data": {"latency_ms": 0}}
{"ts": "2026-05-10T06:34:10.598360+00:00", "channel": "websocket", "level": "DEBUG", "msg": "ws_heartbeat", "data": {"latency_ms": 0}}
{"ts": "2026-05-10T06:34:40.600594+00:00", "channel": "websocket", "level": "DEBUG", "msg": "ws_heartbeat", "data": {"latency_ms": 0}}
{"ts": "2026-05-10T06:35:10.600682+00:00", "channel": "websocket", "level": "DEBUG", "msg": "ws_heartbeat", "data": {"latency_ms": 0}}
{"ts": "2026-05-10T06:35:40.600014+00:00", "channel": "websocket", "level": "DEBUG", "msg": "ws_heartbeat", "data": {"latency_ms": 0}}
{"ts": "2026-05-10T06:36:10.600788+00:00", "channel": "websocket", "level": "DEBUG", "msg": "ws_heartbeat", "data": {"latency_ms": 0}}
{"ts": "2026-05-10T06:36:40.601084+00:00", "channel": "websocket", "level": "DEBUG", "msg": "ws_heartbeat", "data": {"latency_ms": 0}}
{"ts": "2026-05-10T06:37:10.602506+00:00", "channel": "websocket", "level": "DEBUG", "msg": "ws_heartbeat", "data": {"latency_ms": 0}}
{"ts": "2026-05-10T06:37:40.603644+00:00", "channel": "websocket", "level": "DEBUG", "msg": "ws_heartbeat", "data": {"latency_ms": 0}}
{"ts": "2026-05-10T06:38:10.613829+00:00", "channel": "websocket", "level": "DEBUG", "msg": "ws_heartbeat", "data": {"latency_ms": 0}}
{"ts": "2026-05-10T06:38:40.607029+00:00", "channel": "websocket", "level": "DEBUG", "msg": "ws_heartbeat", "data": {"latency_ms": 0}}
{"ts": "2026-05-10T06:39:10.609118+00:00", "channel": "websocket", "level": "DEBUG", "msg": "ws_heartbeat", "data": {"latency_ms": 0}}
{"ts": "2026-05-10T06:39:40.609196+00:00", "channel": "websocket", "level": "DEBUG", "msg": "ws_heartbeat", "data": {"latency_ms": 0}}
{"ts": "2026-05-10T06:40:10.610045+00:00", "channel": "websocket", "level": "DEBUG", "msg": "ws_heartbeat", "data": {"latency_ms": 0}}
{"ts": "2026-05-10T06:40:40.611889+00:00", "channel": "websocket", "level": "DEBUG", "msg": "ws_heartbeat", "data": {"latency_ms": 0}}
{"ts": "2026-05-10T06:41:10.612813+00:00", "channel": "websocket", "level": "DEBUG", "msg": "ws_heartbeat", "data": {"latency_ms": 0}}
{"ts": "2026-05-10T06:41:40.612358+00:00", "channel": "websocket", "level": "DEBUG", "msg": "ws_heartbeat", "data": {"latency_ms": 0}}
{"ts": "2026-05-10T06:42:10.615351+00:00", "channel": "websocket", "level": "DEBUG", "msg": "ws_heartbeat", "data": {"latency_ms": 0}}
{"ts": "2026-05-10T06:42:40.615979+00:00", "channel": "websocket", "level": "DEBUG", "msg": "ws_heartbeat", "data": {"latency_ms": 0}}
{"ts": "2026-05-10T06:43:10.616955+00:00", "channel": "websocket", "level": "DEBUG", "msg": "ws_heartbeat", "data": {"latency_ms": 0}}
{"ts": "2026-05-10T06:43:40.615861+00:00", "channel": "websocket", "level": "DEBUG", "msg": "ws_heartbeat", "data": {"latency_ms": 0}}
{"ts": "2026-05-10T06:44:10.618369+00:00", "channel": "websocket", "level": "DEBUG", "msg": "ws_heartbeat", "data": {"latency_ms": 0}}
{"ts": "2026-05-10T06:44:40.620546+00:00", "channel": "websocket", "level": "DEBUG", "msg": "ws_heartbeat", "data": {"latency_ms": 0}}
{"ts": "2026-05-10T06:45:10.621206+00:00", "channel": "websocket", "level": "DEBUG", "msg": "ws_heartbeat", "data": {"latency_ms": 0}}
{"ts": "2026-05-10T06:45:40.625200+00:00", "channel": "websocket", "level": "DEBUG", "msg": "ws_heartbeat", "data": {"latency_ms": 0}}
{"ts": "2026-05-10T06:46:10.620465+00:00", "channel": "websocket", "level": "DEBUG", "msg": "ws_heartbeat", "data": {"latency_ms": 0}}
{"ts": "2026-05-10T06:46:40.621634+00:00", "channel": "websocket", "level": "DEBUG", "msg": "ws_heartbeat", "data": {"latency_ms": 0}}
{"ts": "2026-05-10T06:47:10.621605+00:00", "channel": "websocket", "level": "DEBUG", "msg": "ws_heartbeat", "data": {"latency_ms": 0}}
{"ts": "2026-05-10T06:47:40.628076+00:00", "channel": "websocket", "level": "DEBUG", "msg": "ws_heartbeat", "data": {"latency_ms": 0}}
{"ts": "2026-05-10T06:48:10.623580+00:00", "channel": "websocket", "level": "DEBUG", "msg": "ws_heartbeat", "data": {"latency_ms": 0}}
{"ts": "2026-05-10T06:48:40.623401+00:00", "channel": "websocket", "level": "DEBUG", "msg": "ws_heartbeat", "data": {"latency_ms": 0}}
{"ts": "2026-05-10T06:49:10.623588+00:00", "channel": "websocket", "level": "DEBUG", "msg": "ws_heartbeat", "data": {"latency_ms": 0}}
{"ts": "2026-05-10T06:49:40.624762+00:00", "channel": "websocket", "level": "DEBUG", "msg": "ws_heartbeat", "data": {"latency_ms": 0}}
{"ts": "2026-05-10T06:50:10.623942+00:00", "channel": "websocket", "level": "DEBUG", "msg": "ws_heartbeat", "data": {"latency_ms": 0}}
{"ts": "2026-05-10T06:50:40.626532+00:00", "channel": "websocket", "level": "DEBUG", "msg": "ws_heartbeat", "data": {"latency_ms": 0}}
{"ts": "2026-05-10T06:51:10.626208+00:00", "channel": "websocket", "level": "DEBUG", "msg": "ws_heartbeat", "data": {"latency_ms": 0}}
{"ts": "2026-05-10T06:51:40.629159+00:00", "channel": "websocket", "level": "DEBUG", "msg": "ws_heartbeat", "data": {"latency_ms": 0}}
{"ts": "2026-05-10T06:52:10.630166+00:00", "channel": "websocket", "level": "DEBUG", "msg": "ws_heartbeat", "data": {"latency_ms": 0}}
{"ts": "2026-05-10T06:52:40.635302+00:00", "channel": "websocket", "level": "DEBUG", "msg": "ws_heartbeat", "data": {"latency_ms": 0}}
{"ts": "2026-05-10T06:53:10.636049+00:00", "channel": "websocket", "level": "DEBUG", "msg": "ws_heartbeat", "data": {"latency_ms": 0}}
{"ts": "2026-05-10T06:53:40.640160+00:00", "channel": "websocket", "level": "DEBUG", "msg": "ws_heartbeat", "data": {"latency_ms": 0}}
{"ts": "2026-05-10T06:54:10.642150+00:00", "channel": "websocket", "level": "DEBUG", "msg": "ws_heartbeat", "data": {"latency_ms": 0}}
{"ts": "2026-05-10T06:54:40.646900+00:00", "channel": "websocket", "level": "DEBUG", "msg": "ws_heartbeat", "data": {"latency_ms": 0}}
{"ts": "2026-05-10T06:55:10.648341+00:00", "channel": "websocket", "level": "DEBUG", "msg": "ws_heartbeat", "data": {"latency_ms": 0}}
{"ts": "2026-05-10T06:55:40.651200+00:00", "channel": "websocket", "level": "DEBUG", "msg": "ws_heartbeat", "data": {"latency_ms": 0}}
{"ts": "2026-05-10T06:56:10.653556+00:00", "channel": "websocket", "level": "DEBUG", "msg": "ws_heartbeat", "data": {"latency_ms": 0}}
{"ts": "2026-05-10T06:56:40.657377+00:00", "channel": "websocket", "level": "DEBUG", "msg": "ws_heartbeat", "data": {"latency_ms": 0}}
{"ts": "2026-05-10T06:57:10.657647+00:00", "channel": "websocket", "level": "DEBUG", "msg": "ws_heartbeat", "data": {"latency_ms": 0}}
{"ts": "2026-05-10T06:57:40.661489+00:00", "channel": "websocket", "level": "DEBUG", "msg": "ws_heartbeat", "data": {"latency_ms": 0}}
{"ts": "2026-05-10T06:58:10.663077+00:00", "channel": "websocket", "level": "DEBUG", "msg": "ws_heartbeat", "data": {"latency_ms": 0}}
{"ts": "2026-05-10T06:58:40.666660+00:00", "channel": "websocket", "level": "DEBUG", "msg": "ws_heartbeat", "data": {"latency_ms": 0}}
{"ts": "2026-05-10T06:59:10.670005+00:00", "channel": "websocket", "level": "DEBUG", "msg": "ws_heartbeat", "data": {"latency_ms": 0}}
{"ts": "2026-05-10T06:59:40.671771+00:00", "channel": "websocket", "level": "DEBUG", "msg": "ws_heartbeat", "data": {"latency_ms": 0}}
{"ts": "2026-05-10T07:00:10.676466+00:00", "channel": "websocket", "level": "DEBUG", "msg": "ws_heartbeat", "data": {"latency_ms": 0}}
{"ts": "2026-05-10T07:00:40.678852+00:00", "channel": "websocket", "level": "DEBUG", "msg": "ws_heartbeat", "data": {"latency_ms": 0}}
{"ts": "2026-05-10T07:01:10.680637+00:00", "channel": "websocket", "level": "DEBUG", "msg": "ws_heartbeat", "data": {"latency_ms": 0}}
{"ts": "2026-05-10T07:01:40.685698+00:00", "channel": "websocket", "level": "DEBUG", "msg": "ws_heartbeat", "data": {"latency_ms": 0}}
{"ts": "2026-05-10T07:02:10.689395+00:00", "channel": "websocket", "level": "DEBUG", "msg": "ws_heartbeat", "data": {"latency_ms": 0}}
{"ts": "2026-05-10T07:02:40.690808+00:00", "channel": "websocket", "level": "DEBUG", "msg": "ws_heartbeat", "data": {"latency_ms": 0}}
{"ts": "2026-05-10T07:03:10.696045+00:00", "channel": "websocket", "level": "DEBUG", "msg": "ws_heartbeat", "data": {"latency_ms": 0}}
{"ts": "2026-05-10T07:03:40.699256+00:00", "channel": "websocket", "level": "DEBUG", "msg": "ws_heartbeat", "data": {"latency_ms": 0}}
{"ts": "2026-05-10T07:04:10.701509+00:00", "channel": "websocket", "level": "DEBUG", "msg": "ws_heartbeat", "data": {"latency_ms": 0}}
{"ts": "2026-05-10T07:04:40.702335+00:00", "channel": "websocket", "level": "DEBUG", "msg": "ws_heartbeat", "data": {"latency_ms": 0}}
{"ts": "2026-05-10T07:05:10.706505+00:00", "channel": "websocket", "level": "DEBUG", "msg": "ws_heartbeat", "data": {"latency_ms": 0}}
{"ts": "2026-05-10T07:05:40.708600+00:00", "channel": "websocket", "level": "DEBUG", "msg": "ws_heartbeat", "data": {"latency_ms": 0}}
{"ts": "2026-05-10T07:06:10.712969+00:00", "channel": "websocket", "level": "DEBUG", "msg": "ws_heartbeat", "data": {"latency_ms": 0}}
{"ts": "2026-05-10T07:06:40.736257+00:00", "channel": "websocket", "level": "DEBUG", "msg": "ws_heartbeat", "data": {"latency_ms": 0}}
{"ts": "2026-05-10T07:07:10.718572+00:00", "channel": "websocket", "level": "DEBUG", "msg": "ws_heartbeat", "data": {"latency_ms": 0}}
{"ts": "2026-05-10T07:07:40.717897+00:00", "channel": "websocket", "level": "DEBUG", "msg": "ws_heartbeat", "data": {"latency_ms": 0}}
{"ts": "2026-05-10T07:08:10.722812+00:00", "channel": "websocket", "level": "DEBUG", "msg": "ws_heartbeat", "data": {"latency_ms": 0}}
{"ts": "2026-05-10T07:08:40.733487+00:00", "channel": "websocket", "level": "DEBUG", "msg": "ws_heartbeat", "data": {"latency_ms": 0}}
{"ts": "2026-05-10T07:09:10.727375+00:00", "channel": "websocket", "level": "DEBUG", "msg": "ws_heartbeat", "data": {"latency_ms": 0}}
{"ts": "2026-05-10T07:09:40.731086+00:00", "channel": "websocket", "level": "DEBUG", "msg": "ws_heartbeat", "data": {"latency_ms": 0}}
{"ts": "2026-05-10T07:10:10.735575+00:00", "channel": "websocket", "level": "DEBUG", "msg": "ws_heartbeat", "data": {"latency_ms": 0}}
{"ts": "2026-05-10T07:10:40.741123+00:00", "channel": "websocket", "level": "DEBUG", "msg": "ws_heartbeat", "data": {"latency_ms": 0}}
{"ts": "2026-05-10T07:11:10.744458+00:00", "channel": "websocket", "level": "DEBUG", "msg": "ws_heartbeat", "data": {"latency_ms": 0}}
{"ts": "2026-05-10T07:11:40.746560+00:00", "channel": "websocket", "level": "DEBUG", "msg": "ws_heartbeat", "data": {"latency_ms": 0}}
{"ts": "2026-05-10T07:12:10.751149+00:00", "channel": "websocket", "level": "DEBUG", "msg": "ws_heartbeat", "data": {"latency_ms": 0}}
{"ts": "2026-05-10T07:12:40.753133+00:00", "channel": "websocket", "level": "DEBUG", "msg": "ws_heartbeat", "data": {"latency_ms": 0}}
{"ts": "2026-05-10T07:13:10.755018+00:00", "channel": "websocket", "level": "DEBUG", "msg": "ws_heartbeat", "data": {"latency_ms": 0}}
{"ts": "2026-05-10T07:13:40.758639+00:00", "channel": "websocket", "level": "DEBUG", "msg": "ws_heartbeat", "data": {"latency_ms": 0}}
{"ts": "2026-05-10T07:14:10.759883+00:00", "channel": "websocket", "level": "DEBUG", "msg": "ws_heartbeat", "data": {"latency_ms": 0}}
{"ts": "2026-05-10T07:14:25.474129+00:00", "channel": "websocket", "level": "WARNING", "msg": "ws_disconnect", "data": {"socket_id": "GOzPCTK26AoRblnbAAAA", "reason": "socket.io_disconnect", "total_disconnections": 9}}
{"ts": "2026-05-10T07:14:31.498321+00:00", "channel": "websocket", "level": "INFO", "msg": "ws_backoff", "data": {"delay_s": 10, "attempt": 10}}
{"ts": "2026-05-10T07:14:32.028831+00:00", "channel": "websocket", "level": "INFO", "msg": "ws_connect", "data": {"socket_id": "ZbjSPFJE2Ouc-F55AAAA", "ip": "https://ibrahim-backend-production.up.railway.app"}}
{"ts": "2026-05-10T07:15:01.729289+00:00", "channel": "websocket", "level": "DEBUG", "msg": "ws_heartbeat", "data": {"latency_ms": 0}}
{"ts": "2026-05-10T07:15:31.728079+00:00", "channel": "websocket", "level": "DEBUG", "msg": "ws_heartbeat", "data": {"latency_ms": 0}}
{"ts": "2026-05-10T07:16:01.727767+00:00", "channel": "websocket", "level": "DEBUG", "msg": "ws_heartbeat", "data": {"latency_ms": 0}}
{"ts": "2026-05-10T07:16:31.729212+00:00", "channel": "websocket", "level": "DEBUG", "msg": "ws_heartbeat", "data": {"latency_ms": 0}}
{"ts": "2026-05-10T07:17:01.731823+00:00", "channel": "websocket", "level": "DEBUG", "msg": "ws_heartbeat", "data": {"latency_ms": 0}}
{"ts": "2026-05-10T07:17:31.734133+00:00", "channel": "websocket", "level": "DEBUG", "msg": "ws_heartbeat", "data": {"latency_ms": 0}}
{"ts": "2026-05-10T07:18:01.733031+00:00", "channel": "websocket", "level": "DEBUG", "msg": "ws_heartbeat", "data": {"latency_ms": 0}}
{"ts": "2026-05-10T07:18:31.733653+00:00", "channel": "websocket", "level": "DEBUG", "msg": "ws_heartbeat", "data": {"latency_ms": 0}}
{"ts": "2026-05-10T07:19:01.734268+00:00", "channel": "websocket", "level": "DEBUG", "msg": "ws_heartbeat", "data": {"latency_ms": 0}}
{"ts": "2026-05-10T07:19:31.734341+00:00", "channel": "websocket", "level": "DEBUG", "msg": "ws_heartbeat", "data": {"latency_ms": 0}}
{"ts": "2026-05-10T07:20:01.770204+00:00", "channel": "websocket", "level": "DEBUG", "msg": "ws_heartbeat", "data": {"latency_ms": 0}}
{"ts": "2026-05-10T07:20:31.739455+00:00", "channel": "websocket", "level": "DEBUG", "msg": "ws_heartbeat", "data": {"latency_ms": 0}}
{"ts": "2026-05-10T07:21:01.739169+00:00", "channel": "websocket", "level": "DEBUG", "msg": "ws_heartbeat", "data": {"latency_ms": 0}}
{"ts": "2026-05-10T07:21:31.738686+00:00", "channel": "websocket", "level": "DEBUG", "msg": "ws_heartbeat", "data": {"latency_ms": 0}}
{"ts": "2026-05-10T07:22:01.740568+00:00", "channel": "websocket", "level": "DEBUG", "msg": "ws_heartbeat", "data": {"latency_ms": 0}}
{"ts": "2026-05-10T07:22:31.743965+00:00", "channel": "websocket", "level": "DEBUG", "msg": "ws_heartbeat", "data": {"latency_ms": 0}}
{"ts": "2026-05-10T07:23:01.743531+00:00", "channel": "websocket", "level": "DEBUG", "msg": "ws_heartbeat", "data": {"latency_ms": 0}}
{"ts": "2026-05-10T07:23:31.744302+00:00", "channel": "websocket", "level": "DEBUG", "msg": "ws_heartbeat", "data": {"latency_ms": 0}}
{"ts": "2026-05-10T07:24:01.746897+00:00", "channel": "websocket", "level": "DEBUG", "msg": "ws_heartbeat", "data": {"latency_ms": 0}}
{"ts": "2026-05-10T07:24:31.748735+00:00", "channel": "websocket", "level": "DEBUG", "msg": "ws_heartbeat", "data": {"latency_ms": 0}}
{"ts": "2026-05-10T07:25:01.747771+00:00", "channel": "websocket", "level": "DEBUG", "msg": "ws_heartbeat", "data": {"latency_ms": 0}}
{"ts": "2026-05-10T07:25:31.752131+00:00", "channel": "websocket", "level": "DEBUG", "msg": "ws_heartbeat", "data": {"latency_ms": 0}}
{"ts": "2026-05-10T07:26:01.749944+00:00", "channel": "websocket", "level": "DEBUG", "msg": "ws_heartbeat", "data": {"latency_ms": 0}}
{"ts": "2026-05-10T07:26:31.751611+00:00", "channel": "websocket", "level": "DEBUG", "msg": "ws_heartbeat", "data": {"latency_ms": 0}}
{"ts": "2026-05-10T07:27:01.752700+00:00", "channel": "websocket", "level": "DEBUG", "msg": "ws_heartbeat", "data": {"latency_ms": 0}}
{"ts": "2026-05-10T07:27:31.754618+00:00", "channel": "websocket", "level": "DEBUG", "msg": "ws_heartbeat", "data": {"latency_ms": 0}}
{"ts": "2026-05-10T07:28:01.753078+00:00", "channel": "websocket", "level": "DEBUG", "msg": "ws_heartbeat", "data": {"latency_ms": 0}}
{"ts": "2026-05-10T07:28:31.754698+00:00", "channel": "websocket", "level": "DEBUG", "msg": "ws_heartbeat", "data": {"latency_ms": 0}}
{"ts": "2026-05-10T07:29:01.756094+00:00", "channel": "websocket", "level": "DEBUG", "msg": "ws_heartbeat", "data": {"latency_ms": 0}}
{"ts": "2026-05-10T07:29:31.755693+00:00", "channel": "websocket", "level": "DEBUG", "msg": "ws_heartbeat", "data": {"latency_ms": 0}}
{"ts": "2026-05-10T07:30:01.756455+00:00", "channel": "websocket", "level": "DEBUG", "msg": "ws_heartbeat", "data": {"latency_ms": 0}}
{"ts": "2026-05-10T07:30:31.757363+00:00", "channel": "websocket", "level": "DEBUG", "msg": "ws_heartbeat", "data": {"latency_ms": 0}}
{"ts": "2026-05-10T07:31:01.757470+00:00", "channel": "websocket", "level": "DEBUG", "msg": "ws_heartbeat", "data": {"latency_ms": 0}}
{"ts": "2026-05-10T07:31:31.758942+00:00", "channel": "websocket", "level": "DEBUG", "msg": "ws_heartbeat", "data": {"latency_ms": 0}}
{"ts": "2026-05-10T07:32:01.760515+00:00", "channel": "websocket", "level": "DEBUG", "msg": "ws_heartbeat", "data": {"latency_ms": 0}}
{"ts": "2026-05-10T07:32:10.343144+00:00", "channel": "websocket", "level": "WARNING", "msg": "ws_disconnect", "data": {"socket_id": "ZbjSPFJE2Ouc-F55AAAA", "reason": "socket.io_disconnect", "total_disconnections": 10}}
{"ts": "2026-05-10T07:32:16.373272+00:00", "channel": "websocket", "level": "INFO", "msg": "ws_backoff", "data": {"delay_s": 10, "attempt": 11}}
{"ts": "2026-05-10T07:32:16.857327+00:00", "channel": "websocket", "level": "INFO", "msg": "ws_connect", "data": {"socket_id": "iScKVTjooJYDbmPaAAAA", "ip": "https://ibrahim-backend-production.up.railway.app"}}
{"ts": "2026-05-10T07:32:46.554550+00:00", "channel": "websocket", "level": "DEBUG", "msg": "ws_heartbeat", "data": {"latency_ms": 0}}
{"ts": "2026-05-10T07:33:16.554766+00:00", "channel": "websocket", "level": "DEBUG", "msg": "ws_heartbeat", "data": {"latency_ms": 0}}
{"ts": "2026-05-10T07:33:46.555708+00:00", "channel": "websocket", "level": "DEBUG", "msg": "ws_heartbeat", "data": {"latency_ms": 0}}
{"ts": "2026-05-10T07:34:16.555890+00:00", "channel": "websocket", "level": "DEBUG", "msg": "ws_heartbeat", "data": {"latency_ms": 0}}
{"ts": "2026-05-10T07:34:46.574050+00:00", "channel": "websocket", "level": "DEBUG", "msg": "ws_heartbeat", "data": {"latency_ms": 0}}
{"ts": "2026-05-10T07:35:16.557719+00:00", "channel": "websocket", "level": "DEBUG", "msg": "ws_heartbeat", "data": {"latency_ms": 0}}
{"ts": "2026-05-10T07:35:46.560524+00:00", "channel": "websocket", "level": "DEBUG", "msg": "ws_heartbeat", "data": {"latency_ms": 0}}
{"ts": "2026-05-10T07:36:16.560943+00:00", "channel": "websocket", "level": "DEBUG", "msg": "ws_heartbeat", "data": {"latency_ms": 0}}
{"ts": "2026-05-10T07:36:46.561554+00:00", "channel": "websocket", "level": "DEBUG", "msg": "ws_heartbeat", "data": {"latency_ms": 0}}
{"ts": "2026-05-10T07:37:13.305956+00:00", "channel": "websocket", "level": "WARNING", "msg": "ws_disconnect", "data": {"socket_id": "iScKVTjooJYDbmPaAAAA", "reason": "socket.io_disconnect", "total_disconnections": 11}}
{"ts": "2026-05-10T07:37:19.326507+00:00", "channel": "websocket", "level": "INFO", "msg": "ws_backoff", "data": {"delay_s": 10, "attempt": 12}}
{"ts": "2026-05-10T07:37:19.786830+00:00", "channel": "websocket", "level": "INFO", "msg": "ws_connect", "data": {"socket_id": "sqZNXs8zdc0klo7jAAAA", "ip": "https://ibrahim-backend-production.up.railway.app"}}
{"ts": "2026-05-10T07:37:49.484234+00:00", "channel": "websocket", "level": "DEBUG", "msg": "ws_heartbeat", "data": {"latency_ms": 0}}
{"ts": "2026-05-10T07:38:19.486430+00:00", "channel": "websocket", "level": "DEBUG", "msg": "ws_heartbeat", "data": {"latency_ms": 0}}
{"ts": "2026-05-10T07:38:49.484455+00:00", "channel": "websocket", "level": "DEBUG", "msg": "ws_heartbeat", "data": {"latency_ms": 0}}
{"ts": "2026-05-10T07:39:19.484132+00:00", "channel": "websocket", "level": "DEBUG", "msg": "ws_heartbeat", "data": {"latency_ms": 0}}
{"ts": "2026-05-10T07:39:49.490269+00:00", "channel": "websocket", "level": "DEBUG", "msg": "ws_heartbeat", "data": {"latency_ms": 0}}
{"ts": "2026-05-10T07:40:19.487225+00:00", "channel": "websocket", "level": "DEBUG", "msg": "ws_heartbeat", "data": {"latency_ms": 0}}
{"ts": "2026-05-10T07:40:49.488844+00:00", "channel": "websocket", "level": "DEBUG", "msg": "ws_heartbeat", "data": {"latency_ms": 0}}
{"ts": "2026-05-10T07:41:19.492897+00:00", "channel": "websocket", "level": "DEBUG", "msg": "ws_heartbeat", "data": {"latency_ms": 0}}
{"ts": "2026-05-10T07:41:49.490080+00:00", "channel": "websocket", "level": "DEBUG", "msg": "ws_heartbeat", "data": {"latency_ms": 0}}
{"ts": "2026-05-10T07:42:19.494197+00:00", "channel": "websocket", "level": "DEBUG", "msg": "ws_heartbeat", "data": {"latency_ms": 0}}
{"ts": "2026-05-10T07:42:49.508846+00:00", "channel": "websocket", "level": "DEBUG", "msg": "ws_heartbeat", "data": {"latency_ms": 0}}
{"ts": "2026-05-10T07:43:19.494762+00:00", "channel": "websocket", "level": "DEBUG", "msg": "ws_heartbeat", "data": {"latency_ms": 0}}
{"ts": "2026-05-10T07:43:49.498633+00:00", "channel": "websocket", "level": "DEBUG", "msg": "ws_heartbeat", "data": {"latency_ms": 0}}
{"ts": "2026-05-10T07:44:19.499724+00:00", "channel": "websocket", "level": "DEBUG", "msg": "ws_heartbeat", "data": {"latency_ms": 0}}
{"ts": "2026-05-10T07:44:49.525535+00:00", "channel": "websocket", "level": "DEBUG", "msg": "ws_heartbeat", "data": {"latency_ms": 0}}
{"ts": "2026-05-10T07:45:19.508074+00:00", "channel": "websocket", "level": "DEBUG", "msg": "ws_heartbeat", "data": {"latency_ms": 0}}
{"ts": "2026-05-10T07:45:49.508432+00:00", "channel": "websocket", "level": "DEBUG", "msg": "ws_heartbeat", "data": {"latency_ms": 0}}
{"ts": "2026-05-10T07:46:19.511129+00:00", "channel": "websocket", "level": "DEBUG", "msg": "ws_heartbeat", "data": {"latency_ms": 0}}
{"ts": "2026-05-10T07:46:49.517705+00:00", "channel": "websocket", "level": "DEBUG", "msg": "ws_heartbeat", "data": {"latency_ms": 0}}
{"ts": "2026-05-10T07:47:19.519490+00:00", "channel": "websocket", "level": "DEBUG", "msg": "ws_heartbeat", "data": {"latency_ms": 0}}
{"ts": "2026-05-10T07:47:49.519662+00:00", "channel": "websocket", "level": "DEBUG", "msg": "ws_heartbeat", "data": {"latency_ms": 0}}
{"ts": "2026-05-10T07:48:19.523528+00:00", "channel": "websocket", "level": "DEBUG", "msg": "ws_heartbeat", "data": {"latency_ms": 0}}
{"ts": "2026-05-10T07:48:49.525130+00:00", "channel": "websocket", "level": "DEBUG", "msg": "ws_heartbeat", "data": {"latency_ms": 0}}
{"ts": "2026-05-10T07:49:19.530853+00:00", "channel": "websocket", "level": "DEBUG", "msg": "ws_heartbeat", "data": {"latency_ms": 0}}
{"ts": "2026-05-10T07:49:49.531115+00:00", "channel": "websocket", "level": "DEBUG", "msg": "ws_heartbeat", "data": {"latency_ms": 0}}
{"ts": "2026-05-10T07:50:19.533975+00:00", "channel": "websocket", "level": "DEBUG", "msg": "ws_heartbeat", "data": {"latency_ms": 0}}
{"ts": "2026-05-10T07:50:49.537260+00:00", "channel": "websocket", "level": "DEBUG", "msg": "ws_heartbeat", "data": {"latency_ms": 0}}
{"ts": "2026-05-10T07:51:19.534355+00:00", "channel": "websocket", "level": "DEBUG", "msg": "ws_heartbeat", "data": {"latency_ms": 0}}
{"ts": "2026-05-10T07:51:49.539026+00:00", "channel": "websocket", "level": "DEBUG", "msg": "ws_heartbeat", "data": {"latency_ms": 0}}
{"ts": "2026-05-10T07:52:19.540715+00:00", "channel": "websocket", "level": "DEBUG", "msg": "ws_heartbeat", "data": {"latency_ms": 0}}
{"ts": "2026-05-10T07:52:49.552798+00:00", "channel": "websocket", "level": "DEBUG", "msg": "ws_heartbeat", "data": {"latency_ms": 0}}
{"ts": "2026-05-10T07:53:19.542556+00:00", "channel": "websocket", "level": "DEBUG", "msg": "ws_heartbeat", "data": {"latency_ms": 0}}
{"ts": "2026-05-10T07:53:49.549595+00:00", "channel": "websocket", "level": "DEBUG", "msg": "ws_heartbeat", "data": {"latency_ms": 0}}
{"ts": "2026-05-10T07:54:19.548155+00:00", "channel": "websocket", "level": "DEBUG", "msg": "ws_heartbeat", "data": {"latency_ms": 0}}
{"ts": "2026-05-10T07:54:49.550030+00:00", "channel": "websocket", "level": "DEBUG", "msg": "ws_heartbeat", "data": {"latency_ms": 0}}
{"ts": "2026-05-10T07:55:19.551504+00:00", "channel": "websocket", "level": "DEBUG", "msg": "ws_heartbeat", "data": {"latency_ms": 0}}
{"ts": "2026-05-10T07:55:26.591560+00:00", "channel": "websocket", "level": "WARNING", "msg": "ws_disconnect", "data": {"socket_id": "sqZNXs8zdc0klo7jAAAA", "reason": "socket.io_disconnect", "total_disconnections": 12}}
{"ts": "2026-05-10T07:55:32.607671+00:00", "channel": "websocket", "level": "INFO", "msg": "ws_backoff", "data": {"delay_s": 10, "attempt": 13}}
{"ts": "2026-05-10T07:55:33.353051+00:00", "channel": "websocket", "level": "INFO", "msg": "ws_connect", "data": {"socket_id": "KtkCucklA3WZLH0KAAAA", "ip": "https://ibrahim-backend-production.up.railway.app"}}
{"ts": "2026-05-10T07:56:03.049960+00:00", "channel": "websocket", "level": "DEBUG", "msg": "ws_heartbeat", "data": {"latency_ms": 0}}
{"ts": "2026-05-10T07:56:04.931492+00:00", "channel": "websocket", "level": "WARNING", "msg": "ws_disconnect", "data": {"socket_id": "KtkCucklA3WZLH0KAAAA", "reason": "socket.io_disconnect", "total_disconnections": 13}}
{"ts": "2026-05-10T07:56:10.966564+00:00", "channel": "websocket", "level": "INFO", "msg": "ws_backoff", "data": {"delay_s": 10, "attempt": 14}}
{"ts": "2026-05-10T07:56:11.394285+00:00", "channel": "websocket", "level": "INFO", "msg": "ws_connect", "data": {"socket_id": "nd89sWFf1YN6FdgrAAAA", "ip": "https://ibrahim-backend-production.up.railway.app"}}
{"ts": "2026-05-10T07:56:20.634599+00:00", "channel": "websocket", "level": "WARNING", "msg": "ws_disconnect", "data": {"socket_id": "nd89sWFf1YN6FdgrAAAA", "reason": "socket.io_disconnect", "total_disconnections": 14}}
{"ts": "2026-05-10T07:56:26.655963+00:00", "channel": "websocket", "level": "INFO", "msg": "ws_backoff", "data": {"delay_s": 10, "attempt": 15}}
{"ts": "2026-05-10T07:56:27.213268+00:00", "channel": "websocket", "level": "INFO", "msg": "ws_connect", "data": {"socket_id": "tHaa6-x6lZ9XHyQlAAAA", "ip": "https://ibrahim-backend-production.up.railway.app"}}
{"ts": "2026-05-10T07:56:32.693045+00:00", "channel": "websocket", "level": "WARNING", "msg": "ws_disconnect", "data": {"socket_id": "tHaa6-x6lZ9XHyQlAAAA", "reason": "socket.io_disconnect", "total_disconnections": 15}}
{"ts": "2026-05-10T07:56:38.716913+00:00", "channel": "websocket", "level": "INFO", "msg": "ws_backoff", "data": {"delay_s": 10, "attempt": 16}}
{"ts": "2026-05-10T07:56:39.140516+00:00", "channel": "websocket", "level": "INFO", "msg": "ws_connect", "data": {"socket_id": "lqsyNS2iTGAr3g0WAAAA", "ip": "https://ibrahim-backend-production.up.railway.app"}}
{"ts": "2026-05-10T07:56:48.406013+00:00", "channel": "websocket", "level": "WARNING", "msg": "ws_disconnect", "data": {"socket_id": "lqsyNS2iTGAr3g0WAAAA", "reason": "socket.io_disconnect", "total_disconnections": 16}}
{"ts": "2026-05-10T07:56:54.422093+00:00", "channel": "websocket", "level": "INFO", "msg": "ws_backoff", "data": {"delay_s": 10, "attempt": 17}}
{"ts": "2026-05-10T07:56:54.948885+00:00", "channel": "websocket", "level": "INFO", "msg": "ws_connect", "data": {"socket_id": "T_ZPsM3OirCQKWwAAAAA", "ip": "https://ibrahim-backend-production.up.railway.app"}}
{"ts": "2026-05-10T07:57:24.642493+00:00", "channel": "websocket", "level": "DEBUG", "msg": "ws_heartbeat", "data": {"latency_ms": 0}}
{"ts": "2026-05-10T07:57:54.642313+00:00", "channel": "websocket", "level": "DEBUG", "msg": "ws_heartbeat", "data": {"latency_ms": 0}}
{"ts": "2026-05-10T07:58:24.644697+00:00", "channel": "websocket", "level": "DEBUG", "msg": "ws_heartbeat", "data": {"latency_ms": 0}}
{"ts": "2026-05-10T07:58:54.648355+00:00", "channel": "websocket", "level": "DEBUG", "msg": "ws_heartbeat", "data": {"latency_ms": 0}}
{"ts": "2026-05-10T07:59:24.649096+00:00", "channel": "websocket", "level": "DEBUG", "msg": "ws_heartbeat", "data": {"latency_ms": 0}}
{"ts": "2026-05-10T07:59:54.650759+00:00", "channel": "websocket", "level": "DEBUG", "msg": "ws_heartbeat", "data": {"latency_ms": 0}}
{"ts": "2026-05-10T08:00:24.651823+00:00", "channel": "websocket", "level": "DEBUG", "msg": "ws_heartbeat", "data": {"latency_ms": 0}}
{"ts": "2026-05-10T08:00:54.656628+00:00", "channel": "websocket", "level": "DEBUG", "msg": "ws_heartbeat", "data": {"latency_ms": 0}}
{"ts": "2026-05-10T08:01:24.656457+00:00", "channel": "websocket", "level": "DEBUG", "msg": "ws_heartbeat", "data": {"latency_ms": 0}}
{"ts": "2026-05-10T08:01:54.657550+00:00", "channel": "websocket", "level": "DEBUG", "msg": "ws_heartbeat", "data": {"latency_ms": 0}}
{"ts": "2026-05-10T08:02:24.660479+00:00", "channel": "websocket", "level": "DEBUG", "msg": "ws_heartbeat", "data": {"latency_ms": 0}}
{"ts": "2026-05-10T08:02:54.662644+00:00", "channel": "websocket", "level": "DEBUG", "msg": "ws_heartbeat", "data": {"latency_ms": 0}}
{"ts": "2026-05-10T08:03:24.665021+00:00", "channel": "websocket", "level": "DEBUG", "msg": "ws_heartbeat", "data": {"latency_ms": 0}}
{"ts": "2026-05-10T08:03:54.668065+00:00", "channel": "websocket", "level": "DEBUG", "msg": "ws_heartbeat", "data": {"latency_ms": 0}}
{"ts": "2026-05-10T08:04:24.666702+00:00", "channel": "websocket", "level": "DEBUG", "msg": "ws_heartbeat", "data": {"latency_ms": 0}}
{"ts": "2026-05-10T08:04:54.670969+00:00", "channel": "websocket", "level": "DEBUG", "msg": "ws_heartbeat", "data": {"latency_ms": 0}}
{"ts": "2026-05-10T08:05:24.673557+00:00", "channel": "websocket", "level": "DEBUG", "msg": "ws_heartbeat", "data": {"latency_ms": 0}}
{"ts": "2026-05-10T08:05:54.675883+00:00", "channel": "websocket", "level": "DEBUG", "msg": "ws_heartbeat", "data": {"latency_ms": 0}}
{"ts": "2026-05-10T08:06:24.677951+00:00", "channel": "websocket", "level": "DEBUG", "msg": "ws_heartbeat", "data": {"latency_ms": 0}}
{"ts": "2026-05-10T08:06:35.935351+00:00", "channel": "websocket", "level": "WARNING", "msg": "ws_disconnect", "data": {"socket_id": "T_ZPsM3OirCQKWwAAAAA", "reason": "socket.io_disconnect", "total_disconnections": 17}}
{"ts": "2026-05-10T08:06:41.955407+00:00", "channel": "websocket", "level": "INFO", "msg": "ws_backoff", "data": {"delay_s": 10, "attempt": 18}}
{"ts": "2026-05-10T08:06:42.412400+00:00", "channel": "websocket", "level": "INFO", "msg": "ws_connect", "data": {"socket_id": "AwCTbbTYQdJnBjAxAAAA", "ip": "https://ibrahim-backend-production.up.railway.app"}}
{"ts": "2026-05-10T08:07:12.111575+00:00", "channel": "websocket", "level": "DEBUG", "msg": "ws_heartbeat", "data": {"latency_ms": 0}}
{"ts": "2026-05-10T08:07:42.111127+00:00", "channel": "websocket", "level": "DEBUG", "msg": "ws_heartbeat", "data": {"latency_ms": 0}}
{"ts": "2026-05-10T08:08:12.111985+00:00", "channel": "websocket", "level": "DEBUG", "msg": "ws_heartbeat", "data": {"latency_ms": 0}}
{"ts": "2026-05-10T08:08:42.112805+00:00", "channel": "websocket", "level": "DEBUG", "msg": "ws_heartbeat", "data": {"latency_ms": 0}}
{"ts": "2026-05-10T08:09:12.113556+00:00", "channel": "websocket", "level": "DEBUG", "msg": "ws_heartbeat", "data": {"latency_ms": 0}}
{"ts": "2026-05-10T08:09:42.112730+00:00", "channel": "websocket", "level": "DEBUG", "msg": "ws_heartbeat", "data": {"latency_ms": 0}}
{"ts": "2026-05-10T08:10:12.116821+00:00", "channel": "websocket", "level": "DEBUG", "msg": "ws_heartbeat", "data": {"latency_ms": 0}}
{"ts": "2026-05-10T08:10:42.116479+00:00", "channel": "websocket", "level": "DEBUG", "msg": "ws_heartbeat", "data": {"latency_ms": 0}}
{"ts": "2026-05-10T08:11:12.115760+00:00", "channel": "websocket", "level": "DEBUG", "msg": "ws_heartbeat", "data": {"latency_ms": 0}}
{"ts": "2026-05-10T08:11:42.122829+00:00", "channel": "websocket", "level": "DEBUG", "msg": "ws_heartbeat", "data": {"latency_ms": 0}}
{"ts": "2026-05-10T08:12:12.126397+00:00", "channel": "websocket", "level": "DEBUG", "msg": "ws_heartbeat", "data": {"latency_ms": 0}}
{"ts": "2026-05-10T08:12:42.120185+00:00", "channel": "websocket", "level": "DEBUG", "msg": "ws_heartbeat", "data": {"latency_ms": 0}}
{"ts": "2026-05-10T08:13:12.119225+00:00", "channel": "websocket", "level": "DEBUG", "msg": "ws_heartbeat", "data": {"latency_ms": 0}}
{"ts": "2026-05-10T08:13:42.122172+00:00", "channel": "websocket", "level": "DEBUG", "msg": "ws_heartbeat", "data": {"latency_ms": 0}}
{"ts": "2026-05-10T08:14:12.121611+00:00", "channel": "websocket", "level": "DEBUG", "msg": "ws_heartbeat", "data": {"latency_ms": 0}}
{"ts": "2026-05-10T08:14:36.067761+00:00", "channel": "websocket", "level": "WARNING", "msg": "ws_disconnect", "data": {"socket_id": "AwCTbbTYQdJnBjAxAAAA", "reason": "socket.io_disconnect", "total_disconnections": 18}}
{"ts": "2026-05-10T08:14:42.092461+00:00", "channel": "websocket", "level": "INFO", "msg": "ws_backoff", "data": {"delay_s": 10, "attempt": 19}}
{"ts": "2026-05-10T08:14:42.593731+00:00", "channel": "websocket", "level": "INFO", "msg": "ws_connect", "data": {"socket_id": "LWnXJqBxyrtQJyG2AAAA", "ip": "https://ibrahim-backend-production.up.railway.app"}}
{"ts": "2026-05-10T08:15:12.292626+00:00", "channel": "websocket", "level": "DEBUG", "msg": "ws_heartbeat", "data": {"latency_ms": 0}}
{"ts": "2026-05-10T08:15:42.297234+00:00", "channel": "websocket", "level": "DEBUG", "msg": "ws_heartbeat", "data": {"latency_ms": 0}}
{"ts": "2026-05-10T08:16:12.295178+00:00", "channel": "websocket", "level": "DEBUG", "msg": "ws_heartbeat", "data": {"latency_ms": 0}}
{"ts": "2026-05-10T08:16:42.297851+00:00", "channel": "websocket", "level": "DEBUG", "msg": "ws_heartbeat", "data": {"latency_ms": 0}}
{"ts": "2026-05-10T08:17:12.300226+00:00", "channel": "websocket", "level": "DEBUG", "msg": "ws_heartbeat", "data": {"latency_ms": 0}}
{"ts": "2026-05-10T08:17:42.305020+00:00", "channel": "websocket", "level": "DEBUG", "msg": "ws_heartbeat", "data": {"latency_ms": 0}}
{"ts": "2026-05-10T08:18:12.305217+00:00", "channel": "websocket", "level": "DEBUG", "msg": "ws_heartbeat", "data": {"latency_ms": 0}}
{"ts": "2026-05-10T08:18:42.308742+00:00", "channel": "websocket", "level": "DEBUG", "msg": "ws_heartbeat", "data": {"latency_ms": 0}}
{"ts": "2026-05-10T08:19:12.307669+00:00", "channel": "websocket", "level": "DEBUG", "msg": "ws_heartbeat", "data": {"latency_ms": 0}}
{"ts": "2026-05-10T08:19:42.309006+00:00", "channel": "websocket", "level": "DEBUG", "msg": "ws_heartbeat", "data": {"latency_ms": 0}}
{"ts": "2026-05-10T08:20:12.312818+00:00", "channel": "websocket", "level": "DEBUG", "msg": "ws_heartbeat", "data": {"latency_ms": 0}}
{"ts": "2026-05-10T08:20:42.314905+00:00", "channel": "websocket", "level": "DEBUG", "msg": "ws_heartbeat", "data": {"latency_ms": 0}}
{"ts": "2026-05-10T08:21:12.314333+00:00", "channel": "websocket", "level": "DEBUG", "msg": "ws_heartbeat", "data": {"latency_ms": 0}}
{"ts": "2026-05-10T08:21:42.316520+00:00", "channel": "websocket", "level": "DEBUG", "msg": "ws_heartbeat", "data": {"latency_ms": 0}}
{"ts": "2026-05-10T08:22:12.320055+00:00", "channel": "websocket", "level": "DEBUG", "msg": "ws_heartbeat", "data": {"latency_ms": 0}}
{"ts": "2026-05-10T08:22:42.320881+00:00", "channel": "websocket", "level": "DEBUG", "msg": "ws_heartbeat", "data": {"latency_ms": 0}}
{"ts": "2026-05-10T08:23:12.321914+00:00", "channel": "websocket", "level": "DEBUG", "msg": "ws_heartbeat", "data": {"latency_ms": 0}}
{"ts": "2026-05-10T08:23:42.322922+00:00", "channel": "websocket", "level": "DEBUG", "msg": "ws_heartbeat", "data": {"latency_ms": 0}}
{"ts": "2026-05-10T08:24:12.324878+00:00", "channel": "websocket", "level": "DEBUG", "msg": "ws_heartbeat", "data": {"latency_ms": 0}}
{"ts": "2026-05-10T08:24:42.326810+00:00", "channel": "websocket", "level": "DEBUG", "msg": "ws_heartbeat", "data": {"latency_ms": 0}}
{"ts": "2026-05-10T08:25:12.328896+00:00", "channel": "websocket", "level": "DEBUG", "msg": "ws_heartbeat", "data": {"latency_ms": 0}}
{"ts": "2026-05-10T08:25:42.328628+00:00", "channel": "websocket", "level": "DEBUG", "msg": "ws_heartbeat", "data": {"latency_ms": 0}}
{"ts": "2026-05-10T08:26:12.329309+00:00", "channel": "websocket", "level": "DEBUG", "msg": "ws_heartbeat", "data": {"latency_ms": 0}}
{"ts": "2026-05-10T08:26:42.332040+00:00", "channel": "websocket", "level": "DEBUG", "msg": "ws_heartbeat", "data": {"latency_ms": 0}}
{"ts": "2026-05-10T08:27:12.333669+00:00", "channel": "websocket", "level": "DEBUG", "msg": "ws_heartbeat", "data": {"latency_ms": 0}}
{"ts": "2026-05-10T08:27:42.334052+00:00", "channel": "websocket", "level": "DEBUG", "msg": "ws_heartbeat", "data": {"latency_ms": 0}}
{"ts": "2026-05-10T08:28:12.335241+00:00", "channel": "websocket", "level": "DEBUG", "msg": "ws_heartbeat", "data": {"latency_ms": 0}}
{"ts": "2026-05-10T08:28:42.337870+00:00", "channel": "websocket", "level": "DEBUG", "msg": "ws_heartbeat", "data": {"latency_ms": 0}}
{"ts": "2026-05-10T08:29:12.339192+00:00", "channel": "websocket", "level": "DEBUG", "msg": "ws_heartbeat", "data": {"latency_ms": 0}}
{"ts": "2026-05-10T08:29:42.338186+00:00", "channel": "websocket", "level": "DEBUG", "msg": "ws_heartbeat", "data": {"latency_ms": 0}}
{"ts": "2026-05-10T08:30:12.341602+00:00", "channel": "websocket", "level": "DEBUG", "msg": "ws_heartbeat", "data": {"latency_ms": 0}}
{"ts": "2026-05-10T08:30:42.341821+00:00", "channel": "websocket", "level": "DEBUG", "msg": "ws_heartbeat", "data": {"latency_ms": 0}}
{"ts": "2026-05-10T08:31:12.342733+00:00", "channel": "websocket", "level": "DEBUG", "msg": "ws_heartbeat", "data": {"latency_ms": 0}}
{"ts": "2026-05-10T08:31:42.344849+00:00", "channel": "websocket", "level": "DEBUG", "msg": "ws_heartbeat", "data": {"latency_ms": 0}}
{"ts": "2026-05-10T08:32:12.345469+00:00", "channel": "websocket", "level": "DEBUG", "msg": "ws_heartbeat", "data": {"latency_ms": 0}}
{"ts": "2026-05-10T08:32:42.344896+00:00", "channel": "websocket", "level": "DEBUG", "msg": "ws_heartbeat", "data": {"latency_ms": 0}}
{"ts": "2026-05-10T08:33:12.346830+00:00", "channel": "websocket", "level": "DEBUG", "msg": "ws_heartbeat", "data": {"latency_ms": 0}}
{"ts": "2026-05-10T08:33:42.348526+00:00", "channel": "websocket", "level": "DEBUG", "msg": "ws_heartbeat", "data": {"latency_ms": 0}}
{"ts": "2026-05-10T08:34:12.350606+00:00", "channel": "websocket", "level": "DEBUG", "msg": "ws_heartbeat", "data": {"latency_ms": 0}}
{"ts": "2026-05-10T08:34:42.350432+00:00", "channel": "websocket", "level": "DEBUG", "msg": "ws_heartbeat", "data": {"latency_ms": 0}}
{"ts": "2026-05-10T08:35:12.350574+00:00", "channel": "websocket", "level": "DEBUG", "msg": "ws_heartbeat", "data": {"latency_ms": 0}}
{"ts": "2026-05-10T08:35:42.355439+00:00", "channel": "websocket", "level": "DEBUG", "msg": "ws_heartbeat", "data": {"latency_ms": 0}}
{"ts": "2026-05-10T08:36:10.511290+00:00", "channel": "websocket", "level": "WARNING", "msg": "ws_disconnect", "data": {"socket_id": "LWnXJqBxyrtQJyG2AAAA", "reason": "socket.io_disconnect", "total_disconnections": 19}}
{"ts": "2026-05-10T08:36:16.514532+00:00", "channel": "websocket", "level": "INFO", "msg": "ws_backoff", "data": {"delay_s": 10, "attempt": 20}}
{"ts": "2026-05-10T08:36:17.014511+00:00", "channel": "websocket", "level": "INFO", "msg": "ws_connect", "data": {"socket_id": "hhT84TaaEIDzUh7JAAAA", "ip": "https://ibrahim-backend-production.up.railway.app"}}
{"ts": "2026-05-10T08:36:46.726448+00:00", "channel": "websocket", "level": "DEBUG", "msg": "ws_heartbeat", "data": {"latency_ms": 0}}
{"ts": "2026-05-10T08:37:16.725179+00:00", "channel": "websocket", "level": "DEBUG", "msg": "ws_heartbeat", "data": {"latency_ms": 0}}
{"ts": "2026-05-10T08:37:46.727375+00:00", "channel": "websocket", "level": "DEBUG", "msg": "ws_heartbeat", "data": {"latency_ms": 0}}
{"ts": "2026-05-10T08:38:16.729537+00:00", "channel": "websocket", "level": "DEBUG", "msg": "ws_heartbeat", "data": {"latency_ms": 0}}
{"ts": "2026-05-10T08:38:46.728194+00:00", "channel": "websocket", "level": "DEBUG", "msg": "ws_heartbeat", "data": {"latency_ms": 0}}
{"ts": "2026-05-10T08:39:16.729859+00:00", "channel": "websocket", "level": "DEBUG", "msg": "ws_heartbeat", "data": {"latency_ms": 0}}
{"ts": "2026-05-10T08:39:46.730581+00:00", "channel": "websocket", "level": "DEBUG", "msg": "ws_heartbeat", "data": {"latency_ms": 0}}
{"ts": "2026-05-10T08:40:16.733428+00:00", "channel": "websocket", "level": "DEBUG", "msg": "ws_heartbeat", "data": {"latency_ms": 0}}
{"ts": "2026-05-10T08:40:46.731233+00:00", "channel": "websocket", "level": "DEBUG", "msg": "ws_heartbeat", "data": {"latency_ms": 0}}
{"ts": "2026-05-10T08:41:16.735186+00:00", "channel": "websocket", "level": "DEBUG", "msg": "ws_heartbeat", "data": {"latency_ms": 0}}
{"ts": "2026-05-10T08:41:46.733210+00:00", "channel": "websocket", "level": "DEBUG", "msg": "ws_heartbeat", "data": {"latency_ms": 0}}
{"ts": "2026-05-10T08:42:16.734286+00:00", "channel": "websocket", "level": "DEBUG", "msg": "ws_heartbeat", "data": {"latency_ms": 0}}
{"ts": "2026-05-10T08:42:46.738170+00:00", "channel": "websocket", "level": "DEBUG", "msg": "ws_heartbeat", "data": {"latency_ms": 0}}
{"ts": "2026-05-10T08:43:16.736429+00:00", "channel": "websocket", "level": "DEBUG", "msg": "ws_heartbeat", "data": {"latency_ms": 0}}
{"ts": "2026-05-10T08:43:46.741018+00:00", "channel": "websocket", "level": "DEBUG", "msg": "ws_heartbeat", "data": {"latency_ms": 0}}
{"ts": "2026-05-10T08:44:16.738412+00:00", "channel": "websocket", "level": "DEBUG", "msg": "ws_heartbeat", "data": {"latency_ms": 0}}
{"ts": "2026-05-10T08:44:46.740408+00:00", "channel": "websocket", "level": "DEBUG", "msg": "ws_heartbeat", "data": {"latency_ms": 0}}
{"ts": "2026-05-10T08:45:16.740632+00:00", "channel": "websocket", "level": "DEBUG", "msg": "ws_heartbeat", "data": {"latency_ms": 0}}
{"ts": "2026-05-10T08:45:46.742584+00:00", "channel": "websocket", "level": "DEBUG", "msg": "ws_heartbeat", "data": {"latency_ms": 0}}
{"ts": "2026-05-10T08:46:16.740330+00:00", "channel": "websocket", "level": "DEBUG", "msg": "ws_heartbeat", "data": {"latency_ms": 0}}
{"ts": "2026-05-10T08:46:46.742458+00:00", "channel": "websocket", "level": "DEBUG", "msg": "ws_heartbeat", "data": {"latency_ms": 0}}
{"ts": "2026-05-10T08:47:16.744954+00:00", "channel": "websocket", "level": "DEBUG", "msg": "ws_heartbeat", "data": {"latency_ms": 0}}
{"ts": "2026-05-10T08:47:46.746008+00:00", "channel": "websocket", "level": "DEBUG", "msg": "ws_heartbeat", "data": {"latency_ms": 0}}
{"ts": "2026-05-10T08:48:16.747052+00:00", "channel": "websocket", "level": "DEBUG", "msg": "ws_heartbeat", "data": {"latency_ms": 0}}
{"ts": "2026-05-10T08:48:46.747652+00:00", "channel": "websocket", "level": "DEBUG", "msg": "ws_heartbeat", "data": {"latency_ms": 0}}
{"ts": "2026-05-10T08:49:16.748452+00:00", "channel": "websocket", "level": "DEBUG", "msg": "ws_heartbeat", "data": {"latency_ms": 0}}
{"ts": "2026-05-10T08:49:46.750469+00:00", "channel": "websocket", "level": "DEBUG", "msg": "ws_heartbeat", "data": {"latency_ms": 0}}
{"ts": "2026-05-10T08:50:16.750145+00:00", "channel": "websocket", "level": "DEBUG", "msg": "ws_heartbeat", "data": {"latency_ms": 0}}
{"ts": "2026-05-10T08:50:46.749975+00:00", "channel": "websocket", "level": "DEBUG", "msg": "ws_heartbeat", "data": {"latency_ms": 0}}
{"ts": "2026-05-10T08:51:16.750821+00:00", "channel": "websocket", "level": "DEBUG", "msg": "ws_heartbeat", "data": {"latency_ms": 0}}
{"ts": "2026-05-10T08:51:46.752071+00:00", "channel": "websocket", "level": "DEBUG", "msg": "ws_heartbeat", "data": {"latency_ms": 0}}
{"ts": "2026-05-10T08:52:16.754445+00:00", "channel": "websocket", "level": "DEBUG", "msg": "ws_heartbeat", "data": {"latency_ms": 0}}
{"ts": "2026-05-10T08:52:46.752767+00:00", "channel": "websocket", "level": "DEBUG", "msg": "ws_heartbeat", "data": {"latency_ms": 0}}
{"ts": "2026-05-10T08:53:16.754878+00:00", "channel": "websocket", "level": "DEBUG", "msg": "ws_heartbeat", "data": {"latency_ms": 0}}
{"ts": "2026-05-10T08:53:46.756046+00:00", "channel": "websocket", "level": "DEBUG", "msg": "ws_heartbeat", "data": {"latency_ms": 0}}
{"ts": "2026-05-10T08:54:16.756162+00:00", "channel": "websocket", "level": "DEBUG", "msg": "ws_heartbeat", "data": {"latency_ms": 0}}
{"ts": "2026-05-10T08:54:46.762334+00:00", "channel": "websocket", "level": "DEBUG", "msg": "ws_heartbeat", "data": {"latency_ms": 0}}
{"ts": "2026-05-10T08:55:16.761153+00:00", "channel": "websocket", "level": "DEBUG", "msg": "ws_heartbeat", "data": {"latency_ms": 0}}
{"ts": "2026-05-10T08:55:46.766323+00:00", "channel": "websocket", "level": "DEBUG", "msg": "ws_heartbeat", "data": {"latency_ms": 0}}
{"ts": "2026-05-10T08:56:16.770890+00:00", "channel": "websocket", "level": "DEBUG", "msg": "ws_heartbeat", "data": {"latency_ms": 0}}
{"ts": "2026-05-10T08:56:46.774432+00:00", "channel": "websocket", "level": "DEBUG", "msg": "ws_heartbeat", "data": {"latency_ms": 0}}
{"ts": "2026-05-10T08:57:16.780528+00:00", "channel": "websocket", "level": "DEBUG", "msg": "ws_heartbeat", "data": {"latency_ms": 0}}
{"ts": "2026-05-10T08:57:46.779310+00:00", "channel": "websocket", "level": "DEBUG", "msg": "ws_heartbeat", "data": {"latency_ms": 0}}
{"ts": "2026-05-10T08:58:16.783355+00:00", "channel": "websocket", "level": "DEBUG", "msg": "ws_heartbeat", "data": {"latency_ms": 0}}
{"ts": "2026-05-10T08:58:46.786251+00:00", "channel": "websocket", "level": "DEBUG", "msg": "ws_heartbeat", "data": {"latency_ms": 0}}
{"ts": "2026-05-10T08:59:16.792935+00:00", "channel": "websocket", "level": "DEBUG", "msg": "ws_heartbeat", "data": {"latency_ms": 0}}
{"ts": "2026-05-10T08:59:46.796430+00:00", "channel": "websocket", "level": "DEBUG", "msg": "ws_heartbeat", "data": {"latency_ms": 0}}
{"ts": "2026-05-10T09:00:16.798317+00:00", "channel": "websocket", "level": "DEBUG", "msg": "ws_heartbeat", "data": {"latency_ms": 0}}
{"ts": "2026-05-10T09:00:46.799064+00:00", "channel": "websocket", "level": "DEBUG", "msg": "ws_heartbeat", "data": {"latency_ms": 0}}
{"ts": "2026-05-10T09:01:16.799987+00:00", "channel": "websocket", "level": "DEBUG", "msg": "ws_heartbeat", "data": {"latency_ms": 0}}
{"ts": "2026-05-10T09:01:46.798752+00:00", "channel": "websocket", "level": "DEBUG", "msg": "ws_heartbeat", "data": {"latency_ms": 0}}
{"ts": "2026-05-10T09:02:16.802384+00:00", "channel": "websocket", "level": "DEBUG", "msg": "ws_heartbeat", "data": {"latency_ms": 0}}
{"ts": "2026-05-10T09:02:46.802677+00:00", "channel": "websocket", "level": "DEBUG", "msg": "ws_heartbeat", "data": {"latency_ms": 0}}
{"ts": "2026-05-10T09:03:16.801096+00:00", "channel": "websocket", "level": "DEBUG", "msg": "ws_heartbeat", "data": {"latency_ms": 0}}
{"ts": "2026-05-10T09:03:46.803729+00:00", "channel": "websocket", "level": "DEBUG", "msg": "ws_heartbeat", "data": {"latency_ms": 0}}
{"ts": "2026-05-10T09:04:16.804335+00:00", "channel": "websocket", "level": "DEBUG", "msg": "ws_heartbeat", "data": {"latency_ms": 0}}
{"ts": "2026-05-10T09:04:46.806708+00:00", "channel": "websocket", "level": "DEBUG", "msg": "ws_heartbeat", "data": {"latency_ms": 0}}
{"ts": "2026-05-10T09:05:16.807185+00:00", "channel": "websocket", "level": "DEBUG", "msg": "ws_heartbeat", "data": {"latency_ms": 0}}
{"ts": "2026-05-10T09:05:46.807582+00:00", "channel": "websocket", "level": "DEBUG", "msg": "ws_heartbeat", "data": {"latency_ms": 0}}
{"ts": "2026-05-10T09:06:16.811279+00:00", "channel": "websocket", "level": "DEBUG", "msg": "ws_heartbeat", "data": {"latency_ms": 0}}
{"ts": "2026-05-10T09:06:46.812728+00:00", "channel": "websocket", "level": "DEBUG", "msg": "ws_heartbeat", "data": {"latency_ms": 0}}
{"ts": "2026-05-10T09:07:16.812082+00:00", "channel": "websocket", "level": "DEBUG", "msg": "ws_heartbeat", "data": {"latency_ms": 0}}
{"ts": "2026-05-10T09:07:46.816082+00:00", "channel": "websocket", "level": "DEBUG", "msg": "ws_heartbeat", "data": {"latency_ms": 0}}
{"ts": "2026-05-10T09:08:16.815381+00:00", "channel": "websocket", "level": "DEBUG", "msg": "ws_heartbeat", "data": {"latency_ms": 0}}
{"ts": "2026-05-10T09:08:46.816316+00:00", "channel": "websocket", "level": "DEBUG", "msg": "ws_heartbeat", "data": {"latency_ms": 0}}
{"ts": "2026-05-10T09:09:16.816154+00:00", "channel": "websocket", "level": "DEBUG", "msg": "ws_heartbeat", "data": {"latency_ms": 0}}
{"ts": "2026-05-10T09:09:46.818496+00:00", "channel": "websocket", "level": "DEBUG", "msg": "ws_heartbeat", "data": {"latency_ms": 0}}
{"ts": "2026-05-10T09:10:16.816968+00:00", "channel": "websocket", "level": "DEBUG", "msg": "ws_heartbeat", "data": {"latency_ms": 0}}
{"ts": "2026-05-10T09:10:46.819627+00:00", "channel": "websocket", "level": "DEBUG", "msg": "ws_heartbeat", "data": {"latency_ms": 0}}
{"ts": "2026-05-10T09:11:16.819381+00:00", "channel": "websocket", "level": "DEBUG", "msg": "ws_heartbeat", "data": {"latency_ms": 0}}
{"ts": "2026-05-10T09:11:46.819913+00:00", "channel": "websocket", "level": "DEBUG", "msg": "ws_heartbeat", "data": {"latency_ms": 0}}
{"ts": "2026-05-10T09:12:16.822313+00:00", "channel": "websocket", "level": "DEBUG", "msg": "ws_heartbeat", "data": {"latency_ms": 0}}
{"ts": "2026-05-10T09:12:46.821948+00:00", "channel": "websocket", "level": "DEBUG", "msg": "ws_heartbeat", "data": {"latency_ms": 0}}
{"ts": "2026-05-10T09:13:16.823402+00:00", "channel": "websocket", "level": "DEBUG", "msg": "ws_heartbeat", "data": {"latency_ms": 0}}
{"ts": "2026-05-10T09:13:46.825399+00:00", "channel": "websocket", "level": "DEBUG", "msg": "ws_heartbeat", "data": {"latency_ms": 0}}
{"ts": "2026-05-10T09:14:16.827330+00:00", "channel": "websocket", "level": "DEBUG", "msg": "ws_heartbeat", "data": {"latency_ms": 0}}
{"ts": "2026-05-10T09:14:46.829936+00:00", "channel": "websocket", "level": "DEBUG", "msg": "ws_heartbeat", "data": {"latency_ms": 0}}
{"ts": "2026-05-10T09:15:16.828172+00:00", "channel": "websocket", "level": "DEBUG", "msg": "ws_heartbeat", "data": {"latency_ms": 0}}
{"ts": "2026-05-10T09:15:46.829614+00:00", "channel": "websocket", "level": "DEBUG", "msg": "ws_heartbeat", "data": {"latency_ms": 0}}
{"ts": "2026-05-10T09:16:16.832408+00:00", "channel": "websocket", "level": "DEBUG", "msg": "ws_heartbeat", "data": {"latency_ms": 0}}
{"ts": "2026-05-10T09:16:46.832737+00:00", "channel": "websocket", "level": "DEBUG", "msg": "ws_heartbeat", "data": {"latency_ms": 0}}
{"ts": "2026-05-10T09:17:16.835193+00:00", "channel": "websocket", "level": "DEBUG", "msg": "ws_heartbeat", "data": {"latency_ms": 0}}
{"ts": "2026-05-10T09:17:46.836539+00:00", "channel": "websocket", "level": "DEBUG", "msg": "ws_heartbeat", "data": {"latency_ms": 0}}
{"ts": "2026-05-10T09:18:16.835414+00:00", "channel": "websocket", "level": "DEBUG", "msg": "ws_heartbeat", "data": {"latency_ms": 0}}
{"ts": "2026-05-10T09:18:46.836016+00:00", "channel": "websocket", "level": "DEBUG", "msg": "ws_heartbeat", "data": {"latency_ms": 0}}
{"ts": "2026-05-10T09:19:16.838426+00:00", "channel": "websocket", "level": "DEBUG", "msg": "ws_heartbeat", "data": {"latency_ms": 0}}
{"ts": "2026-05-10T09:19:46.839194+00:00", "channel": "websocket", "level": "DEBUG", "msg": "ws_heartbeat", "data": {"latency_ms": 0}}
{"ts": "2026-05-10T09:20:16.840901+00:00", "channel": "websocket", "level": "DEBUG", "msg": "ws_heartbeat", "data": {"latency_ms": 0}}
{"ts": "2026-05-10T09:20:46.841319+00:00", "channel": "websocket", "level": "DEBUG", "msg": "ws_heartbeat", "data": {"latency_ms": 0}}
{"ts": "2026-05-10T09:21:16.842271+00:00", "channel": "websocket", "level": "DEBUG", "msg": "ws_heartbeat", "data": {"latency_ms": 0}}
{"ts": "2026-05-10T09:21:46.842656+00:00", "channel": "websocket", "level": "DEBUG", "msg": "ws_heartbeat", "data": {"latency_ms": 0}}
{"ts": "2026-05-10T09:22:16.847560+00:00", "channel": "websocket", "level": "DEBUG", "msg": "ws_heartbeat", "data": {"latency_ms": 0}}
{"ts": "2026-05-10T09:22:46.847541+00:00", "channel": "websocket", "level": "DEBUG", "msg": "ws_heartbeat", "data": {"latency_ms": 0}}
{"ts": "2026-05-10T09:23:16.853322+00:00", "channel": "websocket", "level": "DEBUG", "msg": "ws_heartbeat", "data": {"latency_ms": 0}}
{"ts": "2026-05-10T09:23:46.850771+00:00", "channel": "websocket", "level": "DEBUG", "msg": "ws_heartbeat", "data": {"latency_ms": 0}}
{"ts": "2026-05-10T09:24:16.852011+00:00", "channel": "websocket", "level": "DEBUG", "msg": "ws_heartbeat", "data": {"latency_ms": 0}}
{"ts": "2026-05-10T09:24:46.853293+00:00", "channel": "websocket", "level": "DEBUG", "msg": "ws_heartbeat", "data": {"latency_ms": 0}}
{"ts": "2026-05-10T09:25:16.869261+00:00", "channel": "websocket", "level": "DEBUG", "msg": "ws_heartbeat", "data": {"latency_ms": 0}}
{"ts": "2026-05-10T09:25:46.971890+00:00", "channel": "websocket", "level": "DEBUG", "msg": "ws_heartbeat", "data": {"latency_ms": 0}}
{"ts": "2026-05-10T09:26:16.870510+00:00", "channel": "websocket", "level": "DEBUG", "msg": "ws_heartbeat", "data": {"latency_ms": 0}}
{"ts": "2026-05-10T09:26:46.875560+00:00", "channel": "websocket", "level": "DEBUG", "msg": "ws_heartbeat", "data": {"latency_ms": 0}}
{"ts": "2026-05-10T09:27:16.874071+00:00", "channel": "websocket", "level": "DEBUG", "msg": "ws_heartbeat", "data": {"latency_ms": 0}}
{"ts": "2026-05-10T09:27:46.875411+00:00", "channel": "websocket", "level": "DEBUG", "msg": "ws_heartbeat", "data": {"latency_ms": 0}}
{"ts": "2026-05-10T09:28:16.879731+00:00", "channel": "websocket", "level": "DEBUG", "msg": "ws_heartbeat", "data": {"latency_ms": 0}}
{"ts": "2026-05-10T09:28:46.886703+00:00", "channel": "websocket", "level": "DEBUG", "msg": "ws_heartbeat", "data": {"latency_ms": 0}}
{"ts": "2026-05-10T09:29:16.884213+00:00", "channel": "websocket", "level": "DEBUG", "msg": "ws_heartbeat", "data": {"latency_ms": 0}}
{"ts": "2026-05-10T09:29:46.889357+00:00", "channel": "websocket", "level": "DEBUG", "msg": "ws_heartbeat", "data": {"latency_ms": 0}}
{"ts": "2026-05-10T09:30:16.894623+00:00", "channel": "websocket", "level": "DEBUG", "msg": "ws_heartbeat", "data": {"latency_ms": 0}}
{"ts": "2026-05-10T09:30:46.894806+00:00", "channel": "websocket", "level": "DEBUG", "msg": "ws_heartbeat", "data": {"latency_ms": 0}}
{"ts": "2026-05-10T09:31:16.897514+00:00", "channel": "websocket", "level": "DEBUG", "msg": "ws_heartbeat", "data": {"latency_ms": 0}}
{"ts": "2026-05-10T09:31:46.900742+00:00", "channel": "websocket", "level": "DEBUG", "msg": "ws_heartbeat", "data": {"latency_ms": 0}}
{"ts": "2026-05-10T09:32:16.902657+00:00", "channel": "websocket", "level": "DEBUG", "msg": "ws_heartbeat", "data": {"latency_ms": 0}}
{"ts": "2026-05-10T09:32:46.907399+00:00", "channel": "websocket", "level": "DEBUG", "msg": "ws_heartbeat", "data": {"latency_ms": 0}}
{"ts": "2026-05-10T09:33:16.909875+00:00", "channel": "websocket", "level": "DEBUG", "msg": "ws_heartbeat", "data": {"latency_ms": 0}}
{"ts": "2026-05-10T09:33:46.911521+00:00", "channel": "websocket", "level": "DEBUG", "msg": "ws_heartbeat", "data": {"latency_ms": 0}}
{"ts": "2026-05-10T09:34:16.915208+00:00", "channel": "websocket", "level": "DEBUG", "msg": "ws_heartbeat", "data": {"latency_ms": 0}}
{"ts": "2026-05-10T09:34:46.914951+00:00", "channel": "websocket", "level": "DEBUG", "msg": "ws_heartbeat", "data": {"latency_ms": 0}}
{"ts": "2026-05-10T09:35:16.920409+00:00", "channel": "websocket", "level": "DEBUG", "msg": "ws_heartbeat", "data": {"latency_ms": 0}}
{"ts": "2026-05-10T09:35:46.923973+00:00", "channel": "websocket", "level": "DEBUG", "msg": "ws_heartbeat", "data": {"latency_ms": 0}}
{"ts": "2026-05-10T09:36:16.926937+00:00", "channel": "websocket", "level": "DEBUG", "msg": "ws_heartbeat", "data": {"latency_ms": 0}}
{"ts": "2026-05-10T09:36:46.927587+00:00", "channel": "websocket", "level": "DEBUG", "msg": "ws_heartbeat", "data": {"latency_ms": 0}}
{"ts": "2026-05-10T09:37:16.929908+00:00", "channel": "websocket", "level": "DEBUG", "msg": "ws_heartbeat", "data": {"latency_ms": 0}}
{"ts": "2026-05-10T09:37:46.932455+00:00", "channel": "websocket", "level": "DEBUG", "msg": "ws_heartbeat", "data": {"latency_ms": 0}}
{"ts": "2026-05-10T09:38:16.933753+00:00", "channel": "websocket", "level": "DEBUG", "msg": "ws_heartbeat", "data": {"latency_ms": 0}}
{"ts": "2026-05-10T09:38:46.937163+00:00", "channel": "websocket", "level": "DEBUG", "msg": "ws_heartbeat", "data": {"latency_ms": 0}}
{"ts": "2026-05-10T09:39:16.938807+00:00", "channel": "websocket", "level": "DEBUG", "msg": "ws_heartbeat", "data": {"latency_ms": 0}}
{"ts": "2026-05-10T09:39:46.943010+00:00", "channel": "websocket", "level": "DEBUG", "msg": "ws_heartbeat", "data": {"latency_ms": 0}}
{"ts": "2026-05-10T09:40:16.942838+00:00", "channel": "websocket", "level": "DEBUG", "msg": "ws_heartbeat", "data": {"latency_ms": 0}}
{"ts": "2026-05-10T09:40:46.944776+00:00", "channel": "websocket", "level": "DEBUG", "msg": "ws_heartbeat", "data": {"latency_ms": 0}}
{"ts": "2026-05-10T09:41:16.945763+00:00", "channel": "websocket", "level": "DEBUG", "msg": "ws_heartbeat", "data": {"latency_ms": 0}}
{"ts": "2026-05-10T09:41:46.948298+00:00", "channel": "websocket", "level": "DEBUG", "msg": "ws_heartbeat", "data": {"latency_ms": 0}}
{"ts": "2026-05-10T09:42:16.948683+00:00", "channel": "websocket", "level": "DEBUG", "msg": "ws_heartbeat", "data": {"latency_ms": 0}}
{"ts": "2026-05-10T09:42:46.956730+00:00", "channel": "websocket", "level": "DEBUG", "msg": "ws_heartbeat", "data": {"latency_ms": 0}}
{"ts": "2026-05-10T09:43:16.957439+00:00", "channel": "websocket", "level": "DEBUG", "msg": "ws_heartbeat", "data": {"latency_ms": 0}}
{"ts": "2026-05-10T09:43:46.960489+00:00", "channel": "websocket", "level": "DEBUG", "msg": "ws_heartbeat", "data": {"latency_ms": 0}}
{"ts": "2026-05-10T09:44:16.961148+00:00", "channel": "websocket", "level": "DEBUG", "msg": "ws_heartbeat", "data": {"latency_ms": 0}}
{"ts": "2026-05-10T09:44:46.960324+00:00", "channel": "websocket", "level": "DEBUG", "msg": "ws_heartbeat", "data": {"latency_ms": 0}}
{"ts": "2026-05-10T09:45:16.963191+00:00", "channel": "websocket", "level": "DEBUG", "msg": "ws_heartbeat", "data": {"latency_ms": 0}}
{"ts": "2026-05-10T09:45:46.965627+00:00", "channel": "websocket", "level": "DEBUG", "msg": "ws_heartbeat", "data": {"latency_ms": 0}}
{"ts": "2026-05-10T09:46:16.965938+00:00", "channel": "websocket", "level": "DEBUG", "msg": "ws_heartbeat", "data": {"latency_ms": 0}}
{"ts": "2026-05-10T09:46:46.966489+00:00", "channel": "websocket", "level": "DEBUG", "msg": "ws_heartbeat", "data": {"latency_ms": 0}}
{"ts": "2026-05-10T09:47:16.968083+00:00", "channel": "websocket", "level": "DEBUG", "msg": "ws_heartbeat", "data": {"latency_ms": 0}}
{"ts": "2026-05-10T09:47:46.967442+00:00", "channel": "websocket", "level": "DEBUG", "msg": "ws_heartbeat", "data": {"latency_ms": 0}}
{"ts": "2026-05-10T09:48:16.970146+00:00", "channel": "websocket", "level": "DEBUG", "msg": "ws_heartbeat", "data": {"latency_ms": 0}}
{"ts": "2026-05-10T09:48:46.969237+00:00", "channel": "websocket", "level": "DEBUG", "msg": "ws_heartbeat", "data": {"latency_ms": 0}}
{"ts": "2026-05-10T09:49:16.967738+00:00", "channel": "websocket", "level": "DEBUG", "msg": "ws_heartbeat", "data": {"latency_ms": 0}}
{"ts": "2026-05-10T09:49:46.971459+00:00", "channel": "websocket", "level": "DEBUG", "msg": "ws_heartbeat", "data": {"latency_ms": 0}}
{"ts": "2026-05-10T09:50:16.974959+00:00", "channel": "websocket", "level": "DEBUG", "msg": "ws_heartbeat", "data": {"latency_ms": 0}}
{"ts": "2026-05-10T09:50:46.976938+00:00", "channel": "websocket", "level": "DEBUG", "msg": "ws_heartbeat", "data": {"latency_ms": 0}}
{"ts": "2026-05-10T09:51:16.980169+00:00", "channel": "websocket", "level": "DEBUG", "msg": "ws_heartbeat", "data": {"latency_ms": 0}}
{"ts": "2026-05-10T09:51:46.983640+00:00", "channel": "websocket", "level": "DEBUG", "msg": "ws_heartbeat", "data": {"latency_ms": 0}}
{"ts": "2026-05-10T09:52:16.986640+00:00", "channel": "websocket", "level": "DEBUG", "msg": "ws_heartbeat", "data": {"latency_ms": 0}}
{"ts": "2026-05-10T09:52:46.989325+00:00", "channel": "websocket", "level": "DEBUG", "msg": "ws_heartbeat", "data": {"latency_ms": 0}}
{"ts": "2026-05-10T09:53:00.114672+00:00", "channel": "websocket", "level": "WARNING", "msg": "ws_disconnect", "data": {"socket_id": "hhT84TaaEIDzUh7JAAAA", "reason": "socket.io_disconnect", "total_disconnections": 20}}
{"ts": "2026-05-10T09:53:06.138605+00:00", "channel": "websocket", "level": "INFO", "msg": "ws_backoff", "data": {"delay_s": 10, "attempt": 21}}
{"ts": "2026-05-10T09:53:06.583206+00:00", "channel": "websocket", "level": "INFO", "msg": "ws_connect", "data": {"socket_id": "XvFuq7X9gSVFBQvxAAAA", "ip": "https://ibrahim-backend-production.up.railway.app"}}
{"ts": "2026-05-10T09:53:36.280597+00:00", "channel": "websocket", "level": "DEBUG", "msg": "ws_heartbeat", "data": {"latency_ms": 0}}
{"ts": "2026-05-10T09:53:46.137708+00:00", "channel": "websocket", "level": "DEBUG", "msg": "ws_heartbeat", "data": {"latency_ms": 0}}
{"ts": "2026-05-10T09:54:06.281444+00:00", "channel": "websocket", "level": "DEBUG", "msg": "ws_heartbeat", "data": {"latency_ms": 0}}
{"ts": "2026-05-10T09:54:36.282943+00:00", "channel": "websocket", "level": "DEBUG", "msg": "ws_heartbeat", "data": {"latency_ms": 0}}
{"ts": "2026-05-10T09:54:43.330084+00:00", "channel": "websocket", "level": "INFO", "msg": "ws_backoff", "data": {"delay_s": 5, "attempt": 1}}
{"ts": "2026-05-10T09:55:06.280898+00:00", "channel": "websocket", "level": "DEBUG", "msg": "ws_heartbeat", "data": {"latency_ms": 0}}
{"ts": "2026-05-10T09:55:36.282089+00:00", "channel": "websocket", "level": "DEBUG", "msg": "ws_heartbeat", "data": {"latency_ms": 0}}
{"ts": "2026-05-10T09:56:06.281711+00:00", "channel": "websocket", "level": "DEBUG", "msg": "ws_heartbeat", "data": {"latency_ms": 0}}
{"ts": "2026-05-10T09:56:36.283890+00:00", "channel": "websocket", "level": "DEBUG", "msg": "ws_heartbeat", "data": {"latency_ms": 0}}
{"ts": "2026-05-10T09:57:06.287034+00:00", "channel": "websocket", "level": "DEBUG", "msg": "ws_heartbeat", "data": {"latency_ms": 0}}
{"ts": "2026-05-10T09:57:36.286377+00:00", "channel": "websocket", "level": "DEBUG", "msg": "ws_heartbeat", "data": {"latency_ms": 0}}
{"ts": "2026-05-10T09:58:06.287192+00:00", "channel": "websocket", "level": "DEBUG", "msg": "ws_heartbeat", "data": {"latency_ms": 0}}
{"ts": "2026-05-10T09:58:36.291932+00:00", "channel": "websocket", "level": "DEBUG", "msg": "ws_heartbeat", "data": {"latency_ms": 0}}
{"ts": "2026-05-10T09:59:06.291447+00:00", "channel": "websocket", "level": "DEBUG", "msg": "ws_heartbeat", "data": {"latency_ms": 0}}
{"ts": "2026-05-10T09:59:36.292558+00:00", "channel": "websocket", "level": "DEBUG", "msg": "ws_heartbeat", "data": {"latency_ms": 0}}
{"ts": "2026-05-10T10:00:06.293912+00:00", "channel": "websocket", "level": "DEBUG", "msg": "ws_heartbeat", "data": {"latency_ms": 0}}
{"ts": "2026-05-10T10:00:36.302095+00:00", "channel": "websocket", "level": "DEBUG", "msg": "ws_heartbeat", "data": {"latency_ms": 0}}
{"ts": "2026-05-10T10:01:06.301272+00:00", "channel": "websocket", "level": "DEBUG", "msg": "ws_heartbeat", "data": {"latency_ms": 0}}
{"ts": "2026-05-10T10:01:20.116136+00:00", "channel": "websocket", "level": "DEBUG", "msg": "ws_heartbeat", "data": {"latency_ms": 0}}
{"ts": "2026-05-10T10:01:36.305327+00:00", "channel": "websocket", "level": "DEBUG", "msg": "ws_heartbeat", "data": {"latency_ms": 0}}
{"ts": "2026-05-10T10:01:50.909132+00:00", "channel": "websocket", "level": "DEBUG", "msg": "ws_heartbeat", "data": {"latency_ms": 0}}
{"ts": "2026-05-10T10:02:06.306072+00:00", "channel": "websocket", "level": "DEBUG", "msg": "ws_heartbeat", "data": {"latency_ms": 0}}
{"ts": "2026-05-10T10:02:18.605856+00:00", "channel": "websocket", "level": "DEBUG", "msg": "ws_heartbeat", "data": {"latency_ms": 0}}
{"ts": "2026-05-10T10:02:36.308406+00:00", "channel": "websocket", "level": "DEBUG", "msg": "ws_heartbeat", "data": {"latency_ms": 0}}
{"ts": "2026-05-10T10:03:06.310866+00:00", "channel": "websocket", "level": "DEBUG", "msg": "ws_heartbeat", "data": {"latency_ms": 0}}
{"ts": "2026-05-10T10:03:13.601562+00:00", "channel": "websocket", "level": "DEBUG", "msg": "ws_heartbeat", "data": {"latency_ms": 0}}
{"ts": "2026-05-10T10:03:36.312131+00:00", "channel": "websocket", "level": "DEBUG", "msg": "ws_heartbeat", "data": {"latency_ms": 0}}
{"ts": "2026-05-10T10:04:06.315658+00:00", "channel": "websocket", "level": "DEBUG", "msg": "ws_heartbeat", "data": {"latency_ms": 0}}
{"ts": "2026-05-10T10:04:36.317179+00:00", "channel": "websocket", "level": "DEBUG", "msg": "ws_heartbeat", "data": {"latency_ms": 0}}
{"ts": "2026-05-10T10:05:06.319598+00:00", "channel": "websocket", "level": "DEBUG", "msg": "ws_heartbeat", "data": {"latency_ms": 0}}
{"ts": "2026-05-10T10:05:36.324671+00:00", "channel": "websocket", "level": "DEBUG", "msg": "ws_heartbeat", "data": {"latency_ms": 0}}
{"ts": "2026-05-10T10:06:06.322929+00:00", "channel": "websocket", "level": "DEBUG", "msg": "ws_heartbeat", "data": {"latency_ms": 0}}
{"ts": "2026-05-10T10:06:36.325267+00:00", "channel": "websocket", "level": "DEBUG", "msg": "ws_heartbeat", "data": {"latency_ms": 0}}
{"ts": "2026-05-10T10:07:06.325978+00:00", "channel": "websocket", "level": "DEBUG", "msg": "ws_heartbeat", "data": {"latency_ms": 0}}
{"ts": "2026-05-10T10:07:36.329258+00:00", "channel": "websocket", "level": "DEBUG", "msg": "ws_heartbeat", "data": {"latency_ms": 0}}
{"ts": "2026-05-10T10:08:06.330476+00:00", "channel": "websocket", "level": "DEBUG", "msg": "ws_heartbeat", "data": {"latency_ms": 0}}
{"ts": "2026-05-10T10:08:36.333282+00:00", "channel": "websocket", "level": "DEBUG", "msg": "ws_heartbeat", "data": {"latency_ms": 0}}
{"ts": "2026-05-10T10:09:06.335449+00:00", "channel": "websocket", "level": "DEBUG", "msg": "ws_heartbeat", "data": {"latency_ms": 0}}
{"ts": "2026-05-10T10:09:36.338585+00:00", "channel": "websocket", "level": "DEBUG", "msg": "ws_heartbeat", "data": {"latency_ms": 0}}
{"ts": "2026-05-10T10:10:06.343773+00:00", "channel": "websocket", "level": "DEBUG", "msg": "ws_heartbeat", "data": {"latency_ms": 0}}
{"ts": "2026-05-10T10:10:36.350569+00:00", "channel": "websocket", "level": "DEBUG", "msg": "ws_heartbeat", "data": {"latency_ms": 0}}
{"ts": "2026-05-10T10:11:06.345376+00:00", "channel": "websocket", "level": "DEBUG", "msg": "ws_heartbeat", "data": {"latency_ms": 0}}
{"ts": "2026-05-10T10:11:36.350652+00:00", "channel": "websocket", "level": "DEBUG", "msg": "ws_heartbeat", "data": {"latency_ms": 0}}
{"ts": "2026-05-10T10:12:06.351359+00:00", "channel": "websocket", "level": "DEBUG", "msg": "ws_heartbeat", "data": {"latency_ms": 0}}
{"ts": "2026-05-10T10:12:36.353915+00:00", "channel": "websocket", "level": "DEBUG", "msg": "ws_heartbeat", "data": {"latency_ms": 0}}
{"ts": "2026-05-10T10:13:06.354322+00:00", "channel": "websocket", "level": "DEBUG", "msg": "ws_heartbeat", "data": {"latency_ms": 0}}
{"ts": "2026-05-10T10:13:36.356655+00:00", "channel": "websocket", "level": "DEBUG", "msg": "ws_heartbeat", "data": {"latency_ms": 0}}
{"ts": "2026-05-10T10:14:06.359834+00:00", "channel": "websocket", "level": "DEBUG", "msg": "ws_heartbeat", "data": {"latency_ms": 0}}
{"ts": "2026-05-10T10:14:36.365302+00:00", "channel": "websocket", "level": "DEBUG", "msg": "ws_heartbeat", "data": {"latency_ms": 0}}
{"ts": "2026-05-10T10:15:06.390272+00:00", "channel": "websocket", "level": "DEBUG", "msg": "ws_heartbeat", "data": {"latency_ms": 0}}
{"ts": "2026-05-10T10:15:36.365254+00:00", "channel": "websocket", "level": "DEBUG", "msg": "ws_heartbeat", "data": {"latency_ms": 0}}
{"ts": "2026-05-10T10:16:06.367991+00:00", "channel": "websocket", "level": "DEBUG", "msg": "ws_heartbeat", "data": {"latency_ms": 0}}
{"ts": "2026-05-10T10:16:36.372396+00:00", "channel": "websocket", "level": "DEBUG", "msg": "ws_heartbeat", "data": {"latency_ms": 0}}
{"ts": "2026-05-10T10:17:06.374219+00:00", "channel": "websocket", "level": "DEBUG", "msg": "ws_heartbeat", "data": {"latency_ms": 0}}
{"ts": "2026-05-10T10:17:36.382546+00:00", "channel": "websocket", "level": "DEBUG", "msg": "ws_heartbeat", "data": {"latency_ms": 0}}
{"ts": "2026-05-10T10:18:06.378615+00:00", "channel": "websocket", "level": "DEBUG", "msg": "ws_heartbeat", "data": {"latency_ms": 0}}
{"ts": "2026-05-10T10:18:36.378006+00:00", "channel": "websocket", "level": "DEBUG", "msg": "ws_heartbeat", "data": {"latency_ms": 0}}
{"ts": "2026-05-10T10:19:06.381606+00:00", "channel": "websocket", "level": "DEBUG", "msg": "ws_heartbeat", "data": {"latency_ms": 0}}
{"ts": "2026-05-10T10:19:36.383800+00:00", "channel": "websocket", "level": "DEBUG", "msg": "ws_heartbeat", "data": {"latency_ms": 0}}
{"ts": "2026-05-10T10:20:06.383415+00:00", "channel": "websocket", "level": "DEBUG", "msg": "ws_heartbeat", "data": {"latency_ms": 0}}
{"ts": "2026-05-10T10:20:36.385539+00:00", "channel": "websocket", "level": "DEBUG", "msg": "ws_heartbeat", "data": {"latency_ms": 0}}
{"ts": "2026-05-10T10:21:06.387683+00:00", "channel": "websocket", "level": "DEBUG", "msg": "ws_heartbeat", "data": {"latency_ms": 0}}
{"ts": "2026-05-10T10:21:36.388398+00:00", "channel": "websocket", "level": "DEBUG", "msg": "ws_heartbeat", "data": {"latency_ms": 0}}
{"ts": "2026-05-10T10:22:06.389990+00:00", "channel": "websocket", "level": "DEBUG", "msg": "ws_heartbeat", "data": {"latency_ms": 0}}
{"ts": "2026-05-10T10:22:36.391233+00:00", "channel": "websocket", "level": "DEBUG", "msg": "ws_heartbeat", "data": {"latency_ms": 0}}
{"ts": "2026-05-10T10:23:06.393950+00:00", "channel": "websocket", "level": "DEBUG", "msg": "ws_heartbeat", "data": {"latency_ms": 0}}
{"ts": "2026-05-10T10:23:36.403391+00:00", "channel": "websocket", "level": "DEBUG", "msg": "ws_heartbeat", "data": {"latency_ms": 0}}
{"ts": "2026-05-10T10:24:06.398896+00:00", "channel": "websocket", "level": "DEBUG", "msg": "ws_heartbeat", "data": {"latency_ms": 0}}
{"ts": "2026-05-10T10:24:36.401222+00:00", "channel": "websocket", "level": "DEBUG", "msg": "ws_heartbeat", "data": {"latency_ms": 0}}
{"ts": "2026-05-10T10:25:06.401508+00:00", "channel": "websocket", "level": "DEBUG", "msg": "ws_heartbeat", "data": {"latency_ms": 0}}
{"ts": "2026-05-10T10:25:36.403834+00:00", "channel": "websocket", "level": "DEBUG", "msg": "ws_heartbeat", "data": {"latency_ms": 0}}
{"ts": "2026-05-10T10:26:06.405017+00:00", "channel": "websocket", "level": "DEBUG", "msg": "ws_heartbeat", "data": {"latency_ms": 0}}
{"ts": "2026-05-10T10:26:36.403489+00:00", "channel": "websocket", "level": "DEBUG", "msg": "ws_heartbeat", "data": {"latency_ms": 0}}
{"ts": "2026-05-10T10:27:06.405874+00:00", "channel": "websocket", "level": "DEBUG", "msg": "ws_heartbeat", "data": {"latency_ms": 0}}
{"ts": "2026-05-10T10:27:27.802417+00:00", "channel": "websocket", "level": "WARNING", "msg": "ws_disconnect", "data": {"socket_id": "XvFuq7X9gSVFBQvxAAAA", "reason": "socket.io_disconnect", "total_disconnections": 21}}
{"ts": "2026-05-10T10:27:33.816878+00:00", "channel": "websocket", "level": "INFO", "msg": "ws_backoff", "data": {"delay_s": 10, "attempt": 22}}
{"ts": "2026-05-10T10:27:34.310746+00:00", "channel": "websocket", "level": "INFO", "msg": "ws_connect", "data": {"socket_id": "TL_1cFl2zKKDXB-HAAAA", "ip": "https://ibrahim-backend-production.up.railway.app"}}
{"ts": "2026-05-10T10:28:04.004452+00:00", "channel": "websocket", "level": "DEBUG", "msg": "ws_heartbeat", "data": {"latency_ms": 0}}
{"ts": "2026-05-10T10:28:34.004179+00:00", "channel": "websocket", "level": "DEBUG", "msg": "ws_heartbeat", "data": {"latency_ms": 0}}
{"ts": "2026-05-10T10:29:04.002511+00:00", "channel": "websocket", "level": "DEBUG", "msg": "ws_heartbeat", "data": {"latency_ms": 0}}
{"ts": "2026-05-10T10:29:34.007314+00:00", "channel": "websocket", "level": "DEBUG", "msg": "ws_heartbeat", "data": {"latency_ms": 0}}
{"ts": "2026-05-10T10:30:04.009416+00:00", "channel": "websocket", "level": "DEBUG", "msg": "ws_heartbeat", "data": {"latency_ms": 0}}
{"ts": "2026-05-10T10:30:09.092544+00:00", "channel": "websocket", "level": "INFO", "msg": "ws_backoff", "data": {"delay_s": 5, "attempt": 1}}
{"ts": "2026-05-10T10:30:09.727805+00:00", "channel": "websocket", "level": "INFO", "msg": "ws_connect", "data": {"socket_id": "63T1-lDddM09HBHEAAAC", "ip": "https://ibrahim-backend-production.up.railway.app"}}
{"ts": "2026-05-10T10:30:39.358591+00:00", "channel": "websocket", "level": "DEBUG", "msg": "ws_heartbeat", "data": {"latency_ms": 0}}
{"ts": "2026-05-10T10:31:09.360131+00:00", "channel": "websocket", "level": "DEBUG", "msg": "ws_heartbeat", "data": {"latency_ms": 0}}
{"ts": "2026-05-10T10:31:39.362684+00:00", "channel": "websocket", "level": "DEBUG", "msg": "ws_heartbeat", "data": {"latency_ms": 0}}
{"ts": "2026-05-10T10:32:09.361874+00:00", "channel": "websocket", "level": "DEBUG", "msg": "ws_heartbeat", "data": {"latency_ms": 0}}
{"ts": "2026-05-10T10:32:39.364430+00:00", "channel": "websocket", "level": "DEBUG", "msg": "ws_heartbeat", "data": {"latency_ms": 0}}
{"ts": "2026-05-10T10:33:09.364750+00:00", "channel": "websocket", "level": "DEBUG", "msg": "ws_heartbeat", "data": {"latency_ms": 0}}
{"ts": "2026-05-10T10:33:39.364489+00:00", "channel": "websocket", "level": "DEBUG", "msg": "ws_heartbeat", "data": {"latency_ms": 0}}
{"ts": "2026-05-10T10:34:09.363631+00:00", "channel": "websocket", "level": "DEBUG", "msg": "ws_heartbeat", "data": {"latency_ms": 0}}
{"ts": "2026-05-10T10:34:39.366208+00:00", "channel": "websocket", "level": "DEBUG", "msg": "ws_heartbeat", "data": {"latency_ms": 0}}
{"ts": "2026-05-10T10:35:09.365625+00:00", "channel": "websocket", "level": "DEBUG", "msg": "ws_heartbeat", "data": {"latency_ms": 0}}
{"ts": "2026-05-10T10:35:39.367148+00:00", "channel": "websocket", "level": "DEBUG", "msg": "ws_heartbeat", "data": {"latency_ms": 0}}
{"ts": "2026-05-10T10:36:09.367608+00:00", "channel": "websocket", "level": "DEBUG", "msg": "ws_heartbeat", "data": {"latency_ms": 0}}
{"ts": "2026-05-10T10:36:39.369216+00:00", "channel": "websocket", "level": "DEBUG", "msg": "ws_heartbeat", "data": {"latency_ms": 0}}
{"ts": "2026-05-10T10:37:09.370005+00:00", "channel": "websocket", "level": "DEBUG", "msg": "ws_heartbeat", "data": {"latency_ms": 0}}
{"ts": "2026-05-10T10:37:39.368492+00:00", "channel": "websocket", "level": "DEBUG", "msg": "ws_heartbeat", "data": {"latency_ms": 0}}
{"ts": "2026-05-10T10:38:09.368772+00:00", "channel": "websocket", "level": "DEBUG", "msg": "ws_heartbeat", "data": {"latency_ms": 0}}
{"ts": "2026-05-10T10:38:39.369086+00:00", "channel": "websocket", "level": "DEBUG", "msg": "ws_heartbeat", "data": {"latency_ms": 0}}
{"ts": "2026-05-10T10:39:09.369301+00:00", "channel": "websocket", "level": "DEBUG", "msg": "ws_heartbeat", "data": {"latency_ms": 0}}
{"ts": "2026-05-10T10:39:39.371642+00:00", "channel": "websocket", "level": "DEBUG", "msg": "ws_heartbeat", "data": {"latency_ms": 0}}
{"ts": "2026-05-10T10:40:09.371694+00:00", "channel": "websocket", "level": "DEBUG", "msg": "ws_heartbeat", "data": {"latency_ms": 0}}
{"ts": "2026-05-10T10:40:39.372096+00:00", "channel": "websocket", "level": "DEBUG", "msg": "ws_heartbeat", "data": {"latency_ms": 0}}
{"ts": "2026-05-10T10:41:09.370592+00:00", "channel": "websocket", "level": "DEBUG", "msg": "ws_heartbeat", "data": {"latency_ms": 0}}
{"ts": "2026-05-10T10:41:39.371430+00:00", "channel": "websocket", "level": "DEBUG", "msg": "ws_heartbeat", "data": {"latency_ms": 0}}
{"ts": "2026-05-10T10:42:09.372635+00:00", "channel": "websocket", "level": "DEBUG", "msg": "ws_heartbeat", "data": {"latency_ms": 0}}
{"ts": "2026-05-10T10:42:39.373262+00:00", "channel": "websocket", "level": "DEBUG", "msg": "ws_heartbeat", "data": {"latency_ms": 0}}
{"ts": "2026-05-10T10:43:09.374958+00:00", "channel": "websocket", "level": "DEBUG", "msg": "ws_heartbeat", "data": {"latency_ms": 0}}
{"ts": "2026-05-10T10:43:39.375304+00:00", "channel": "websocket", "level": "DEBUG", "msg": "ws_heartbeat", "data": {"latency_ms": 0}}
{"ts": "2026-05-10T10:44:09.378885+00:00", "channel": "websocket", "level": "DEBUG", "msg": "ws_heartbeat", "data": {"latency_ms": 0}}
{"ts": "2026-05-10T10:44:39.376534+00:00", "channel": "websocket", "level": "DEBUG", "msg": "ws_heartbeat", "data": {"latency_ms": 0}}
{"ts": "2026-05-10T10:45:09.378927+00:00", "channel": "websocket", "level": "DEBUG", "msg": "ws_heartbeat", "data": {"latency_ms": 0}}
{"ts": "2026-05-10T10:45:39.378464+00:00", "channel": "websocket", "level": "DEBUG", "msg": "ws_heartbeat", "data": {"latency_ms": 0}}
{"ts": "2026-05-10T10:46:09.379888+00:00", "channel": "websocket", "level": "DEBUG", "msg": "ws_heartbeat", "data": {"latency_ms": 0}}
{"ts": "2026-05-10T10:46:39.380058+00:00", "channel": "websocket", "level": "DEBUG", "msg": "ws_heartbeat", "data": {"latency_ms": 0}}
{"ts": "2026-05-10T10:47:09.382870+00:00", "channel": "websocket", "level": "DEBUG", "msg": "ws_heartbeat", "data": {"latency_ms": 0}}
{"ts": "2026-05-10T10:47:39.383310+00:00", "channel": "websocket", "level": "DEBUG", "msg": "ws_heartbeat", "data": {"latency_ms": 0}}
{"ts": "2026-05-10T10:48:09.382898+00:00", "channel": "websocket", "level": "DEBUG", "msg": "ws_heartbeat", "data": {"latency_ms": 0}}
{"ts": "2026-05-10T10:48:39.382624+00:00", "channel": "websocket", "level": "DEBUG", "msg": "ws_heartbeat", "data": {"latency_ms": 0}}
{"ts": "2026-05-10T10:49:09.381302+00:00", "channel": "websocket", "level": "DEBUG", "msg": "ws_heartbeat", "data": {"latency_ms": 0}}
{"ts": "2026-05-10T10:49:39.387762+00:00", "channel": "websocket", "level": "DEBUG", "msg": "ws_heartbeat", "data": {"latency_ms": 0}}
{"ts": "2026-05-10T10:50:09.382917+00:00", "channel": "websocket", "level": "DEBUG", "msg": "ws_heartbeat", "data": {"latency_ms": 0}}
{"ts": "2026-05-10T10:50:39.383941+00:00", "channel": "websocket", "level": "DEBUG", "msg": "ws_heartbeat", "data": {"latency_ms": 0}}
{"ts": "2026-05-10T10:51:09.387734+00:00", "channel": "websocket", "level": "DEBUG", "msg": "ws_heartbeat", "data": {"latency_ms": 0}}
{"ts": "2026-05-10T10:51:39.386704+00:00", "channel": "websocket", "level": "DEBUG", "msg": "ws_heartbeat", "data": {"latency_ms": 0}}
{"ts": "2026-05-10T10:52:09.386357+00:00", "channel": "websocket", "level": "DEBUG", "msg": "ws_heartbeat", "data": {"latency_ms": 0}}
{"ts": "2026-05-10T10:52:39.394734+00:00", "channel": "websocket", "level": "DEBUG", "msg": "ws_heartbeat", "data": {"latency_ms": 0}}
{"ts": "2026-05-10T10:53:09.388975+00:00", "channel": "websocket", "level": "DEBUG", "msg": "ws_heartbeat", "data": {"latency_ms": 0}}
{"ts": "2026-05-10T10:53:39.387104+00:00", "channel": "websocket", "level": "DEBUG", "msg": "ws_heartbeat", "data": {"latency_ms": 0}}
{"ts": "2026-05-10T10:54:09.389492+00:00", "channel": "websocket", "level": "DEBUG", "msg": "ws_heartbeat", "data": {"latency_ms": 0}}
{"ts": "2026-05-10T10:54:39.389728+00:00", "channel": "websocket", "level": "DEBUG", "msg": "ws_heartbeat", "data": {"latency_ms": 0}}
{"ts": "2026-05-10T10:55:09.393305+00:00", "channel": "websocket", "level": "DEBUG", "msg": "ws_heartbeat", "data": {"latency_ms": 0}}
{"ts": "2026-05-10T10:55:39.389761+00:00", "channel": "websocket", "level": "DEBUG", "msg": "ws_heartbeat", "data": {"latency_ms": 0}}
{"ts": "2026-05-10T10:56:09.389945+00:00", "channel": "websocket", "level": "DEBUG", "msg": "ws_heartbeat", "data": {"latency_ms": 0}}
{"ts": "2026-05-10T10:56:39.391641+00:00", "channel": "websocket", "level": "DEBUG", "msg": "ws_heartbeat", "data": {"latency_ms": 0}}
{"ts": "2026-05-10T10:56:58.974625+00:00", "channel": "websocket", "level": "WARNING", "msg": "ws_disconnect", "data": {"socket_id": "TL_1cFl2zKKDXB-HAAAA", "reason": "socket.io_disconnect", "total_disconnections": 22}}
{"ts": "2026-05-10T10:57:04.998019+00:00", "channel": "websocket", "level": "INFO", "msg": "ws_backoff", "data": {"delay_s": 10, "attempt": 23}}
{"ts": "2026-05-10T10:57:05.557689+00:00", "channel": "websocket", "level": "INFO", "msg": "ws_connect", "data": {"socket_id": "u9u5TQEr4MHgL8INAAAA", "ip": "https://ibrahim-backend-production.up.railway.app"}}
{"ts": "2026-05-10T10:57:05.560312+00:00", "channel": "websocket", "level": "INFO", "msg": "ws_connect", "data": {"socket_id": "qm711aUnZ9QVpPXOAAAB", "ip": "https://ibrahim-backend-production.up.railway.app"}}
{"ts": "2026-05-10T10:57:35.255195+00:00", "channel": "websocket", "level": "DEBUG", "msg": "ws_heartbeat", "data": {"latency_ms": 0}}
{"ts": "2026-05-10T10:58:05.255182+00:00", "channel": "websocket", "level": "DEBUG", "msg": "ws_heartbeat", "data": {"latency_ms": 0}}
{"ts": "2026-05-10T10:58:35.254919+00:00", "channel": "websocket", "level": "DEBUG", "msg": "ws_heartbeat", "data": {"latency_ms": 0}}
{"ts": "2026-05-10T10:59:05.257357+00:00", "channel": "websocket", "level": "DEBUG", "msg": "ws_heartbeat", "data": {"latency_ms": 0}}
{"ts": "2026-05-10T10:59:35.256875+00:00", "channel": "websocket", "level": "DEBUG", "msg": "ws_heartbeat", "data": {"latency_ms": 0}}
{"ts": "2026-05-10T11:00:05.261663+00:00", "channel": "websocket", "level": "DEBUG", "msg": "ws_heartbeat", "data": {"latency_ms": 0}}
{"ts": "2026-05-10T11:00:35.263720+00:00", "channel": "websocket", "level": "DEBUG", "msg": "ws_heartbeat", "data": {"latency_ms": 0}}
{"ts": "2026-05-10T11:01:05.263011+00:00", "channel": "websocket", "level": "DEBUG", "msg": "ws_heartbeat", "data": {"latency_ms": 0}}
{"ts": "2026-05-10T11:01:35.263697+00:00", "channel": "websocket", "level": "DEBUG", "msg": "ws_heartbeat", "data": {"latency_ms": 0}}
{"ts": "2026-05-10T11:02:05.266998+00:00", "channel": "websocket", "level": "DEBUG", "msg": "ws_heartbeat", "data": {"latency_ms": 0}}
{"ts": "2026-05-10T11:02:35.272006+00:00", "channel": "websocket", "level": "DEBUG", "msg": "ws_heartbeat", "data": {"latency_ms": 0}}
{"ts": "2026-05-10T11:03:05.276864+00:00", "channel": "websocket", "level": "DEBUG", "msg": "ws_heartbeat", "data": {"latency_ms": 0}}
{"ts": "2026-05-10T11:03:35.278667+00:00", "channel": "websocket", "level": "DEBUG", "msg": "ws_heartbeat", "data": {"latency_ms": 0}}
{"ts": "2026-05-10T11:04:05.285285+00:00", "channel": "websocket", "level": "DEBUG", "msg": "ws_heartbeat", "data": {"latency_ms": 0}}
{"ts": "2026-05-10T11:04:28.840765+00:00", "channel": "websocket", "level": "WARNING", "msg": "ws_disconnect", "data": {"socket_id": "qm711aUnZ9QVpPXOAAAB", "reason": "socket.io_disconnect", "total_disconnections": 2}}
{"ts": "2026-05-10T11:04:28.840891+00:00", "channel": "websocket", "level": "WARNING", "msg": "ws_disconnect", "data": {"socket_id": "u9u5TQEr4MHgL8INAAAA", "reason": "socket.io_disconnect", "total_disconnections": 23}}
{"ts": "2026-05-10T11:04:34.846286+00:00", "channel": "websocket", "level": "INFO", "msg": "ws_backoff", "data": {"delay_s": 10, "attempt": 24}}
{"ts": "2026-05-10T11:04:35.326949+00:00", "channel": "websocket", "level": "INFO", "msg": "ws_connect", "data": {"socket_id": "REUXvgiWuDgC_u6qAAAA", "ip": "https://ibrahim-backend-production.up.railway.app"}}
{"ts": "2026-05-10T11:04:35.337880+00:00", "channel": "websocket", "level": "INFO", "msg": "ws_connect", "data": {"socket_id": "cNJKss--I4wbxlHjAAAB", "ip": "https://ibrahim-backend-production.up.railway.app"}}
{"ts": "2026-05-10T11:05:05.033872+00:00", "channel": "websocket", "level": "DEBUG", "msg": "ws_heartbeat", "data": {"latency_ms": 0}}
{"ts": "2026-05-10T11:05:35.041527+00:00", "channel": "websocket", "level": "DEBUG", "msg": "ws_heartbeat", "data": {"latency_ms": 0}}
{"ts": "2026-05-10T11:06:05.033472+00:00", "channel": "websocket", "level": "DEBUG", "msg": "ws_heartbeat", "data": {"latency_ms": 0}}
{"ts": "2026-05-10T11:06:35.036482+00:00", "channel": "websocket", "level": "DEBUG", "msg": "ws_heartbeat", "data": {"latency_ms": 0}}
{"ts": "2026-05-10T11:07:05.035214+00:00", "channel": "websocket", "level": "DEBUG", "msg": "ws_heartbeat", "data": {"latency_ms": 0}}
{"ts": "2026-05-10T11:07:35.043360+00:00", "channel": "websocket", "level": "DEBUG", "msg": "ws_heartbeat", "data": {"latency_ms": 0}}
{"ts": "2026-05-10T11:08:05.040399+00:00", "channel": "websocket", "level": "DEBUG", "msg": "ws_heartbeat", "data": {"latency_ms": 0}}
{"ts": "2026-05-10T11:08:35.047337+00:00", "channel": "websocket", "level": "DEBUG", "msg": "ws_heartbeat", "data": {"latency_ms": 0}}
{"ts": "2026-05-10T11:09:05.048657+00:00", "channel": "websocket", "level": "DEBUG", "msg": "ws_heartbeat", "data": {"latency_ms": 0}}
{"ts": "2026-05-10T11:09:35.051434+00:00", "channel": "websocket", "level": "DEBUG", "msg": "ws_heartbeat", "data": {"latency_ms": 0}}
{"ts": "2026-05-10T11:10:05.056797+00:00", "channel": "websocket", "level": "DEBUG", "msg": "ws_heartbeat", "data": {"latency_ms": 0}}
{"ts": "2026-05-10T11:10:35.063414+00:00", "channel": "websocket", "level": "DEBUG", "msg": "ws_heartbeat", "data": {"latency_ms": 0}}
{"ts": "2026-05-10T11:11:05.064948+00:00", "channel": "websocket", "level": "DEBUG", "msg": "ws_heartbeat", "data": {"latency_ms": 0}}
{"ts": "2026-05-10T11:11:35.065119+00:00", "channel": "websocket", "level": "DEBUG", "msg": "ws_heartbeat", "data": {"latency_ms": 0}}
{"ts": "2026-05-10T11:11:45.758144+00:00", "channel": "websocket", "level": "WARNING", "msg": "ws_disconnect", "data": {"socket_id": "REUXvgiWuDgC_u6qAAAA", "reason": "socket.io_disconnect", "total_disconnections": 3}}
{"ts": "2026-05-10T11:11:45.758222+00:00", "channel": "websocket", "level": "WARNING", "msg": "ws_disconnect", "data": {"socket_id": "cNJKss--I4wbxlHjAAAB", "reason": "socket.io_disconnect", "total_disconnections": 24}}
{"ts": "2026-05-10T11:11:51.770033+00:00", "channel": "websocket", "level": "INFO", "msg": "ws_backoff", "data": {"delay_s": 10, "attempt": 25}}
{"ts": "2026-05-10T11:11:53.198320+00:00", "channel": "websocket", "level": "INFO", "msg": "ws_connect", "data": {"socket_id": "IalND9twd-CZKYwnAAAA", "ip": "https://ibrahim-backend-production.up.railway.app"}}
{"ts": "2026-05-10T11:11:53.200028+00:00", "channel": "websocket", "level": "INFO", "msg": "ws_connect", "data": {"socket_id": "MkXkQCcCQKfmwsfvAAAB", "ip": "https://ibrahim-backend-production.up.railway.app"}}
{"ts": "2026-05-10T11:12:22.899416+00:00", "channel": "websocket", "level": "DEBUG", "msg": "ws_heartbeat", "data": {"latency_ms": 0}}
{"ts": "2026-05-10T11:12:52.901101+00:00", "channel": "websocket", "level": "DEBUG", "msg": "ws_heartbeat", "data": {"latency_ms": 0}}
{"ts": "2026-05-10T11:13:22.903536+00:00", "channel": "websocket", "level": "DEBUG", "msg": "ws_heartbeat", "data": {"latency_ms": 0}}
{"ts": "2026-05-10T11:13:52.909823+00:00", "channel": "websocket", "level": "DEBUG", "msg": "ws_heartbeat", "data": {"latency_ms": 0}}
{"ts": "2026-05-10T11:14:22.912347+00:00", "channel": "websocket", "level": "DEBUG", "msg": "ws_heartbeat", "data": {"latency_ms": 0}}
{"ts": "2026-05-10T11:14:52.913472+00:00", "channel": "websocket", "level": "DEBUG", "msg": "ws_heartbeat", "data": {"latency_ms": 0}}
{"ts": "2026-05-10T11:15:22.913323+00:00", "channel": "websocket", "level": "DEBUG", "msg": "ws_heartbeat", "data": {"latency_ms": 0}}
{"ts": "2026-05-10T11:15:52.913185+00:00", "channel": "websocket", "level": "DEBUG", "msg": "ws_heartbeat", "data": {"latency_ms": 0}}
{"ts": "2026-05-10T11:16:22.917432+00:00", "channel": "websocket", "level": "DEBUG", "msg": "ws_heartbeat", "data": {"latency_ms": 0}}
{"ts": "2026-05-10T11:16:52.917724+00:00", "channel": "websocket", "level": "DEBUG", "msg": "ws_heartbeat", "data": {"latency_ms": 0}}
{"ts": "2026-05-10T11:17:22.915944+00:00", "channel": "websocket", "level": "DEBUG", "msg": "ws_heartbeat", "data": {"latency_ms": 0}}
{"ts": "2026-05-10T11:17:52.919523+00:00", "channel": "websocket", "level": "DEBUG", "msg": "ws_heartbeat", "data": {"latency_ms": 0}}
{"ts": "2026-05-10T11:18:22.920878+00:00", "channel": "websocket", "level": "DEBUG", "msg": "ws_heartbeat", "data": {"latency_ms": 0}}
{"ts": "2026-05-10T11:18:52.923553+00:00", "channel": "websocket", "level": "DEBUG", "msg": "ws_heartbeat", "data": {"latency_ms": 0}}
{"ts": "2026-05-10T11:19:22.919671+00:00", "channel": "websocket", "level": "DEBUG", "msg": "ws_heartbeat", "data": {"latency_ms": 0}}
{"ts": "2026-05-10T11:19:52.923405+00:00", "channel": "websocket", "level": "DEBUG", "msg": "ws_heartbeat", "data": {"latency_ms": 0}}
{"ts": "2026-05-10T11:20:22.920985+00:00", "channel": "websocket", "level": "DEBUG", "msg": "ws_heartbeat", "data": {"latency_ms": 0}}
{"ts": "2026-05-10T11:20:52.923707+00:00", "channel": "websocket", "level": "DEBUG", "msg": "ws_heartbeat", "data": {"latency_ms": 0}}
{"ts": "2026-05-10T11:21:22.923510+00:00", "channel": "websocket", "level": "DEBUG", "msg": "ws_heartbeat", "data": {"latency_ms": 0}}
{"ts": "2026-05-10T11:21:52.922017+00:00", "channel": "websocket", "level": "DEBUG", "msg": "ws_heartbeat", "data": {"latency_ms": 0}}
{"ts": "2026-05-10T11:22:22.923527+00:00", "channel": "websocket", "level": "DEBUG", "msg": "ws_heartbeat", "data": {"latency_ms": 0}}
{"ts": "2026-05-10T11:22:52.924818+00:00", "channel": "websocket", "level": "DEBUG", "msg": "ws_heartbeat", "data": {"latency_ms": 0}}
{"ts": "2026-05-10T11:23:22.924454+00:00", "channel": "websocket", "level": "DEBUG", "msg": "ws_heartbeat", "data": {"latency_ms": 0}}
{"ts": "2026-05-10T11:23:52.926257+00:00", "channel": "websocket", "level": "DEBUG", "msg": "ws_heartbeat", "data": {"latency_ms": 0}}
{"ts": "2026-05-10T11:24:22.928864+00:00", "channel": "websocket", "level": "DEBUG", "msg": "ws_heartbeat", "data": {"latency_ms": 0}}
{"ts": "2026-05-10T11:24:52.927939+00:00", "channel": "websocket", "level": "DEBUG", "msg": "ws_heartbeat", "data": {"latency_ms": 0}}
{"ts": "2026-05-10T11:25:02.186784+00:00", "channel": "websocket", "level": "WARNING", "msg": "ws_disconnect", "data": {"socket_id": "IalND9twd-CZKYwnAAAA", "reason": "socket.io_disconnect", "total_disconnections": 25}}
{"ts": "2026-05-10T11:25:02.186972+00:00", "channel": "websocket", "level": "WARNING", "msg": "ws_disconnect", "data": {"socket_id": "MkXkQCcCQKfmwsfvAAAB", "reason": "socket.io_disconnect", "total_disconnections": 4}}
{"ts": "2026-05-10T11:25:08.192263+00:00", "channel": "websocket", "level": "INFO", "msg": "ws_backoff", "data": {"delay_s": 10, "attempt": 5}}
{"ts": "2026-05-10T11:25:08.192357+00:00", "channel": "websocket", "level": "INFO", "msg": "ws_backoff", "data": {"delay_s": 10, "attempt": 26}}
{"ts": "2026-05-10T11:25:08.712663+00:00", "channel": "websocket", "level": "INFO", "msg": "ws_connect", "data": {"socket_id": "gJNeh2QGMVpTtlCnAAAA", "ip": "https://ibrahim-backend-production.up.railway.app"}}
{"ts": "2026-05-10T11:25:08.729231+00:00", "channel": "websocket", "level": "INFO", "msg": "ws_connect", "data": {"socket_id": "bdK0PLRJGLjMG30AAAAB", "ip": "https://ibrahim-backend-production.up.railway.app"}}
{"ts": "2026-05-10T11:25:38.416364+00:00", "channel": "websocket", "level": "DEBUG", "msg": "ws_heartbeat", "data": {"latency_ms": 0}}
{"ts": "2026-05-10T11:26:08.415898+00:00", "channel": "websocket", "level": "DEBUG", "msg": "ws_heartbeat", "data": {"latency_ms": 0}}
{"ts": "2026-05-10T11:26:38.418317+00:00", "channel": "websocket", "level": "DEBUG", "msg": "ws_heartbeat", "data": {"latency_ms": 0}}
{"ts": "2026-05-10T11:27:08.418297+00:00", "channel": "websocket", "level": "DEBUG", "msg": "ws_heartbeat", "data": {"latency_ms": 0}}
{"ts": "2026-05-10T11:27:38.417400+00:00", "channel": "websocket", "level": "DEBUG", "msg": "ws_heartbeat", "data": {"latency_ms": 0}}
{"ts": "2026-05-10T11:28:08.418515+00:00", "channel": "websocket", "level": "DEBUG", "msg": "ws_heartbeat", "data": {"latency_ms": 0}}
{"ts": "2026-05-10T11:28:38.420585+00:00", "channel": "websocket", "level": "DEBUG", "msg": "ws_heartbeat", "data": {"latency_ms": 0}}
{"ts": "2026-05-10T11:29:08.422525+00:00", "channel": "websocket", "level": "DEBUG", "msg": "ws_heartbeat", "data": {"latency_ms": 0}}
{"ts": "2026-05-10T11:29:38.420968+00:00", "channel": "websocket", "level": "DEBUG", "msg": "ws_heartbeat", "data": {"latency_ms": 0}}
{"ts": "2026-05-10T11:30:08.426523+00:00", "channel": "websocket", "level": "DEBUG", "msg": "ws_heartbeat", "data": {"latency_ms": 0}}
{"ts": "2026-05-10T11:30:38.429704+00:00", "channel": "websocket", "level": "DEBUG", "msg": "ws_heartbeat", "data": {"latency_ms": 0}}
{"ts": "2026-05-10T11:31:08.431136+00:00", "channel": "websocket", "level": "DEBUG", "msg": "ws_heartbeat", "data": {"latency_ms": 0}}
{"ts": "2026-05-10T11:31:38.434430+00:00", "channel": "websocket", "level": "DEBUG", "msg": "ws_heartbeat", "data": {"latency_ms": 0}}
{"ts": "2026-05-10T11:32:08.438422+00:00", "channel": "websocket", "level": "DEBUG", "msg": "ws_heartbeat", "data": {"latency_ms": 0}}
{"ts": "2026-05-10T11:32:38.437469+00:00", "channel": "websocket", "level": "DEBUG", "msg": "ws_heartbeat", "data": {"latency_ms": 0}}
{"ts": "2026-05-10T11:33:08.441823+00:00", "channel": "websocket", "level": "DEBUG", "msg": "ws_heartbeat", "data": {"latency_ms": 0}}
{"ts": "2026-05-10T11:33:38.443935+00:00", "channel": "websocket", "level": "DEBUG", "msg": "ws_heartbeat", "data": {"latency_ms": 0}}
{"ts": "2026-05-10T11:34:08.447487+00:00", "channel": "websocket", "level": "DEBUG", "msg": "ws_heartbeat", "data": {"latency_ms": 0}}
{"ts": "2026-05-10T11:34:38.449711+00:00", "channel": "websocket", "level": "DEBUG", "msg": "ws_heartbeat", "data": {"latency_ms": 0}}
{"ts": "2026-05-10T11:35:08.449498+00:00", "channel": "websocket", "level": "DEBUG", "msg": "ws_heartbeat", "data": {"latency_ms": 0}}
{"ts": "2026-05-10T11:35:38.453410+00:00", "channel": "websocket", "level": "DEBUG", "msg": "ws_heartbeat", "data": {"latency_ms": 0}}
{"ts": "2026-05-10T11:36:08.453503+00:00", "channel": "websocket", "level": "DEBUG", "msg": "ws_heartbeat", "data": {"latency_ms": 0}}
{"ts": "2026-05-10T11:36:38.455851+00:00", "channel": "websocket", "level": "DEBUG", "msg": "ws_heartbeat", "data": {"latency_ms": 0}}
{"ts": "2026-05-10T11:37:08.460112+00:00", "channel": "websocket", "level": "DEBUG", "msg": "ws_heartbeat", "data": {"latency_ms": 0}}
{"ts": "2026-05-10T11:37:38.464456+00:00", "channel": "websocket", "level": "DEBUG", "msg": "ws_heartbeat", "data": {"latency_ms": 0}}
{"ts": "2026-05-10T11:38:08.465173+00:00", "channel": "websocket", "level": "DEBUG", "msg": "ws_heartbeat", "data": {"latency_ms": 0}}
{"ts": "2026-05-10T11:38:38.470369+00:00", "channel": "websocket", "level": "DEBUG", "msg": "ws_heartbeat", "data": {"latency_ms": 0}}
{"ts": "2026-05-10T11:39:08.470828+00:00", "channel": "websocket", "level": "DEBUG", "msg": "ws_heartbeat", "data": {"latency_ms": 0}}
{"ts": "2026-05-10T11:39:38.474136+00:00", "channel": "websocket", "level": "DEBUG", "msg": "ws_heartbeat", "data": {"latency_ms": 0}}
{"ts": "2026-05-10T11:40:08.477445+00:00", "channel": "websocket", "level": "DEBUG", "msg": "ws_heartbeat", "data": {"latency_ms": 0}}
{"ts": "2026-05-10T11:40:38.482585+00:00", "channel": "websocket", "level": "DEBUG", "msg": "ws_heartbeat", "data": {"latency_ms": 0}}
{"ts": "2026-05-10T11:41:08.483685+00:00", "channel": "websocket", "level": "DEBUG", "msg": "ws_heartbeat", "data": {"latency_ms": 0}}
{"ts": "2026-05-10T11:41:38.484891+00:00", "channel": "websocket", "level": "DEBUG", "msg": "ws_heartbeat", "data": {"latency_ms": 0}}
{"ts": "2026-05-10T11:42:08.487472+00:00", "channel": "websocket", "level": "DEBUG", "msg": "ws_heartbeat", "data": {"latency_ms": 0}}
{"ts": "2026-05-10T11:42:38.489076+00:00", "channel": "websocket", "level": "DEBUG", "msg": "ws_heartbeat", "data": {"latency_ms": 0}}
{"ts": "2026-05-10T11:43:08.494200+00:00", "channel": "websocket", "level": "DEBUG", "msg": "ws_heartbeat", "data": {"latency_ms": 0}}
{"ts": "2026-05-10T11:43:38.495712+00:00", "channel": "websocket", "level": "DEBUG", "msg": "ws_heartbeat", "data": {"latency_ms": 0}}
{"ts": "2026-05-10T11:44:08.498450+00:00", "channel": "websocket", "level": "DEBUG", "msg": "ws_heartbeat", "data": {"latency_ms": 0}}
{"ts": "2026-05-10T11:44:38.503046+00:00", "channel": "websocket", "level": "DEBUG", "msg": "ws_heartbeat", "data": {"latency_ms": 0}}
{"ts": "2026-05-10T11:45:08.505936+00:00", "channel": "websocket", "level": "DEBUG", "msg": "ws_heartbeat", "data": {"latency_ms": 0}}
{"ts": "2026-05-10T11:45:38.508067+00:00", "channel": "websocket", "level": "DEBUG", "msg": "ws_heartbeat", "data": {"latency_ms": 0}}
{"ts": "2026-05-10T11:46:08.579415+00:00", "channel": "websocket", "level": "DEBUG", "msg": "ws_heartbeat", "data": {"latency_ms": 0}}
{"ts": "2026-05-10T11:46:38.513382+00:00", "channel": "websocket", "level": "DEBUG", "msg": "ws_heartbeat", "data": {"latency_ms": 0}}
{"ts": "2026-05-10T11:47:08.514501+00:00", "channel": "websocket", "level": "DEBUG", "msg": "ws_heartbeat", "data": {"latency_ms": 0}}
{"ts": "2026-05-10T11:47:38.518798+00:00", "channel": "websocket", "level": "DEBUG", "msg": "ws_heartbeat", "data": {"latency_ms": 0}}
{"ts": "2026-05-10T11:48:08.520183+00:00", "channel": "websocket", "level": "DEBUG", "msg": "ws_heartbeat", "data": {"latency_ms": 0}}
{"ts": "2026-05-10T11:48:38.522171+00:00", "channel": "websocket", "level": "DEBUG", "msg": "ws_heartbeat", "data": {"latency_ms": 0}}
{"ts": "2026-05-10T11:49:08.525921+00:00", "channel": "websocket", "level": "DEBUG", "msg": "ws_heartbeat", "data": {"latency_ms": 0}}
{"ts": "2026-05-10T11:49:38.528226+00:00", "channel": "websocket", "level": "DEBUG", "msg": "ws_heartbeat", "data": {"latency_ms": 0}}
{"ts": "2026-05-10T11:50:08.530562+00:00", "channel": "websocket", "level": "DEBUG", "msg": "ws_heartbeat", "data": {"latency_ms": 0}}
{"ts": "2026-05-10T11:50:38.535489+00:00", "channel": "websocket", "level": "DEBUG", "msg": "ws_heartbeat", "data": {"latency_ms": 0}}
{"ts": "2026-05-10T11:51:08.542394+00:00", "channel": "websocket", "level": "DEBUG", "msg": "ws_heartbeat", "data": {"latency_ms": 0}}
{"ts": "2026-05-10T11:51:38.537854+00:00", "channel": "websocket", "level": "DEBUG", "msg": "ws_heartbeat", "data": {"latency_ms": 0}}
{"ts": "2026-05-10T11:52:08.543578+00:00", "channel": "websocket", "level": "DEBUG", "msg": "ws_heartbeat", "data": {"latency_ms": 0}}
{"ts": "2026-05-10T11:52:38.542649+00:00", "channel": "websocket", "level": "DEBUG", "msg": "ws_heartbeat", "data": {"latency_ms": 0}}
{"ts": "2026-05-10T11:53:08.549292+00:00", "channel": "websocket", "level": "DEBUG", "msg": "ws_heartbeat", "data": {"latency_ms": 0}}
{"ts": "2026-05-10T11:53:38.550894+00:00", "channel": "websocket", "level": "DEBUG", "msg": "ws_heartbeat", "data": {"latency_ms": 0}}
{"ts": "2026-05-10T11:54:08.549856+00:00", "channel": "websocket", "level": "DEBUG", "msg": "ws_heartbeat", "data": {"latency_ms": 0}}
{"ts": "2026-05-10T11:54:38.552174+00:00", "channel": "websocket", "level": "DEBUG", "msg": "ws_heartbeat", "data": {"latency_ms": 0}}
{"ts": "2026-05-10T11:55:08.555628+00:00", "channel": "websocket", "level": "DEBUG", "msg": "ws_heartbeat", "data": {"latency_ms": 0}}
{"ts": "2026-05-10T11:55:38.558987+00:00", "channel": "websocket", "level": "DEBUG", "msg": "ws_heartbeat", "data": {"latency_ms": 0}}
{"ts": "2026-05-10T11:56:08.559929+00:00", "channel": "websocket", "level": "DEBUG", "msg": "ws_heartbeat", "data": {"latency_ms": 0}}
{"ts": "2026-05-10T11:56:38.565212+00:00", "channel": "websocket", "level": "DEBUG", "msg": "ws_heartbeat", "data": {"latency_ms": 0}}
{"ts": "2026-05-10T11:57:08.567699+00:00", "channel": "websocket", "level": "DEBUG", "msg": "ws_heartbeat", "data": {"latency_ms": 0}}
{"ts": "2026-05-10T11:57:38.569718+00:00", "channel": "websocket", "level": "DEBUG", "msg": "ws_heartbeat", "data": {"latency_ms": 0}}
{"ts": "2026-05-10T11:58:08.573858+00:00", "channel": "websocket", "level": "DEBUG", "msg": "ws_heartbeat", "data": {"latency_ms": 0}}
{"ts": "2026-05-10T11:58:38.574376+00:00", "channel": "websocket", "level": "DEBUG", "msg": "ws_heartbeat", "data": {"latency_ms": 0}}
{"ts": "2026-05-10T11:59:08.574711+00:00", "channel": "websocket", "level": "DEBUG", "msg": "ws_heartbeat", "data": {"latency_ms": 0}}
{"ts": "2026-05-10T11:59:38.577181+00:00", "channel": "websocket", "level": "DEBUG", "msg": "ws_heartbeat", "data": {"latency_ms": 0}}
{"ts": "2026-05-10T12:00:08.577771+00:00", "channel": "websocket", "level": "DEBUG", "msg": "ws_heartbeat", "data": {"latency_ms": 0}}
{"ts": "2026-05-10T12:00:38.580512+00:00", "channel": "websocket", "level": "DEBUG", "msg": "ws_heartbeat", "data": {"latency_ms": 0}}
{"ts": "2026-05-10T12:01:08.582310+00:00", "channel": "websocket", "level": "DEBUG", "msg": "ws_heartbeat", "data": {"latency_ms": 0}}
{"ts": "2026-05-10T12:01:38.585997+00:00", "channel": "websocket", "level": "DEBUG", "msg": "ws_heartbeat", "data": {"latency_ms": 0}}
{"ts": "2026-05-10T12:02:08.588736+00:00", "channel": "websocket", "level": "DEBUG", "msg": "ws_heartbeat", "data": {"latency_ms": 0}}
{"ts": "2026-05-10T12:02:38.590333+00:00", "channel": "websocket", "level": "DEBUG", "msg": "ws_heartbeat", "data": {"latency_ms": 0}}
{"ts": "2026-05-10T12:03:08.588810+00:00", "channel": "websocket", "level": "DEBUG", "msg": "ws_heartbeat", "data": {"latency_ms": 0}}
{"ts": "2026-05-10T12:03:38.592389+00:00", "channel": "websocket", "level": "DEBUG", "msg": "ws_heartbeat", "data": {"latency_ms": 0}}
{"ts": "2026-05-10T12:04:08.593437+00:00", "channel": "websocket", "level": "DEBUG", "msg": "ws_heartbeat", "data": {"latency_ms": 0}}
{"ts": "2026-05-10T12:04:38.596868+00:00", "channel": "websocket", "level": "DEBUG", "msg": "ws_heartbeat", "data": {"latency_ms": 0}}
{"ts": "2026-05-10T12:05:08.598868+00:00", "channel": "websocket", "level": "DEBUG", "msg": "ws_heartbeat", "data": {"latency_ms": 0}}
{"ts": "2026-05-10T12:05:38.599768+00:00", "channel": "websocket", "level": "DEBUG", "msg": "ws_heartbeat", "data": {"latency_ms": 0}}
{"ts": "2026-05-10T12:06:08.602003+00:00", "channel": "websocket", "level": "DEBUG", "msg": "ws_heartbeat", "data": {"latency_ms": 0}}
{"ts": "2026-05-10T12:06:38.604971+00:00", "channel": "websocket", "level": "DEBUG", "msg": "ws_heartbeat", "data": {"latency_ms": 0}}
{"ts": "2026-05-10T12:07:08.622240+00:00", "channel": "websocket", "level": "DEBUG", "msg": "ws_heartbeat", "data": {"latency_ms": 0}}
{"ts": "2026-05-10T12:07:38.609716+00:00", "channel": "websocket", "level": "DEBUG", "msg": "ws_heartbeat", "data": {"latency_ms": 0}}
{"ts": "2026-05-10T12:08:08.612831+00:00", "channel": "websocket", "level": "DEBUG", "msg": "ws_heartbeat", "data": {"latency_ms": 0}}
{"ts": "2026-05-10T12:08:38.614410+00:00", "channel": "websocket", "level": "DEBUG", "msg": "ws_heartbeat", "data": {"latency_ms": 0}}
{"ts": "2026-05-10T12:09:08.616348+00:00", "channel": "websocket", "level": "DEBUG", "msg": "ws_heartbeat", "data": {"latency_ms": 0}}
{"ts": "2026-05-10T12:09:38.619053+00:00", "channel": "websocket", "level": "DEBUG", "msg": "ws_heartbeat", "data": {"latency_ms": 0}}
{"ts": "2026-05-10T12:10:08.623624+00:00", "channel": "websocket", "level": "DEBUG", "msg": "ws_heartbeat", "data": {"latency_ms": 0}}
{"ts": "2026-05-10T12:10:38.625406+00:00", "channel": "websocket", "level": "DEBUG", "msg": "ws_heartbeat", "data": {"latency_ms": 0}}
{"ts": "2026-05-10T12:11:08.627460+00:00", "channel": "websocket", "level": "DEBUG", "msg": "ws_heartbeat", "data": {"latency_ms": 0}}
{"ts": "2026-05-10T12:11:38.627832+00:00", "channel": "websocket", "level": "DEBUG", "msg": "ws_heartbeat", "data": {"latency_ms": 0}}
{"ts": "2026-05-10T12:12:08.630766+00:00", "channel": "websocket", "level": "DEBUG", "msg": "ws_heartbeat", "data": {"latency_ms": 0}}
{"ts": "2026-05-10T12:12:38.633552+00:00", "channel": "websocket", "level": "DEBUG", "msg": "ws_heartbeat", "data": {"latency_ms": 0}}
{"ts": "2026-05-10T12:13:08.638515+00:00", "channel": "websocket", "level": "DEBUG", "msg": "ws_heartbeat", "data": {"latency_ms": 0}}
{"ts": "2026-05-10T12:13:38.640883+00:00", "channel": "websocket", "level": "DEBUG", "msg": "ws_heartbeat", "data": {"latency_ms": 0}}
{"ts": "2026-05-10T12:14:08.643786+00:00", "channel": "websocket", "level": "DEBUG", "msg": "ws_heartbeat", "data": {"latency_ms": 0}}
{"ts": "2026-05-10T12:14:38.645314+00:00", "channel": "websocket", "level": "DEBUG", "msg": "ws_heartbeat", "data": {"latency_ms": 0}}
{"ts": "2026-05-10T12:15:08.648206+00:00", "channel": "websocket", "level": "DEBUG", "msg": "ws_heartbeat", "data": {"latency_ms": 0}}
{"ts": "2026-05-10T12:15:38.653373+00:00", "channel": "websocket", "level": "DEBUG", "msg": "ws_heartbeat", "data": {"latency_ms": 0}}
{"ts": "2026-05-10T12:16:08.652122+00:00", "channel": "websocket", "level": "DEBUG", "msg": "ws_heartbeat", "data": {"latency_ms": 0}}
{"ts": "2026-05-10T12:16:38.652287+00:00", "channel": "websocket", "level": "DEBUG", "msg": "ws_heartbeat", "data": {"latency_ms": 0}}
{"ts": "2026-05-10T12:17:08.658354+00:00", "channel": "websocket", "level": "DEBUG", "msg": "ws_heartbeat", "data": {"latency_ms": 0}}
{"ts": "2026-05-10T12:17:38.661834+00:00", "channel": "websocket", "level": "DEBUG", "msg": "ws_heartbeat", "data": {"latency_ms": 0}}
{"ts": "2026-05-10T12:18:08.659778+00:00", "channel": "websocket", "level": "DEBUG", "msg": "ws_heartbeat", "data": {"latency_ms": 0}}
{"ts": "2026-05-10T12:18:38.663286+00:00", "channel": "websocket", "level": "DEBUG", "msg": "ws_heartbeat", "data": {"latency_ms": 0}}
{"ts": "2026-05-10T12:19:08.666140+00:00", "channel": "websocket", "level": "DEBUG", "msg": "ws_heartbeat", "data": {"latency_ms": 0}}
{"ts": "2026-05-10T12:19:38.664889+00:00", "channel": "websocket", "level": "DEBUG", "msg": "ws_heartbeat", "data": {"latency_ms": 0}}
{"ts": "2026-05-10T12:20:08.665821+00:00", "channel": "websocket", "level": "DEBUG", "msg": "ws_heartbeat", "data": {"latency_ms": 0}}
{"ts": "2026-05-10T12:20:38.668548+00:00", "channel": "websocket", "level": "DEBUG", "msg": "ws_heartbeat", "data": {"latency_ms": 0}}
{"ts": "2026-05-10T12:21:08.669740+00:00", "channel": "websocket", "level": "DEBUG", "msg": "ws_heartbeat", "data": {"latency_ms": 0}}
{"ts": "2026-05-10T12:21:38.674183+00:00", "channel": "websocket", "level": "DEBUG", "msg": "ws_heartbeat", "data": {"latency_ms": 0}}
{"ts": "2026-05-10T12:22:08.675283+00:00", "channel": "websocket", "level": "DEBUG", "msg": "ws_heartbeat", "data": {"latency_ms": 0}}
{"ts": "2026-05-10T12:22:38.677029+00:00", "channel": "websocket", "level": "DEBUG", "msg": "ws_heartbeat", "data": {"latency_ms": 0}}
{"ts": "2026-05-10T12:23:08.677645+00:00", "channel": "websocket", "level": "DEBUG", "msg": "ws_heartbeat", "data": {"latency_ms": 0}}
{"ts": "2026-05-10T12:23:38.680588+00:00", "channel": "websocket", "level": "DEBUG", "msg": "ws_heartbeat", "data": {"latency_ms": 0}}
{"ts": "2026-05-10T12:24:08.680905+00:00", "channel": "websocket", "level": "DEBUG", "msg": "ws_heartbeat", "data": {"latency_ms": 0}}
{"ts": "2026-05-10T12:24:38.682141+00:00", "channel": "websocket", "level": "DEBUG", "msg": "ws_heartbeat", "data": {"latency_ms": 0}}
{"ts": "2026-05-10T12:25:08.686392+00:00", "channel": "websocket", "level": "DEBUG", "msg": "ws_heartbeat", "data": {"latency_ms": 0}}
{"ts": "2026-05-10T12:25:38.687415+00:00", "channel": "websocket", "level": "DEBUG", "msg": "ws_heartbeat", "data": {"latency_ms": 0}}
{"ts": "2026-05-10T12:26:08.686009+00:00", "channel": "websocket", "level": "DEBUG", "msg": "ws_heartbeat", "data": {"latency_ms": 0}}
{"ts": "2026-05-10T12:26:38.686877+00:00", "channel": "websocket", "level": "DEBUG", "msg": "ws_heartbeat", "data": {"latency_ms": 0}}
{"ts": "2026-05-10T12:27:08.689874+00:00", "channel": "websocket", "level": "DEBUG", "msg": "ws_heartbeat", "data": {"latency_ms": 0}}
{"ts": "2026-05-10T12:27:38.694470+00:00", "channel": "websocket", "level": "DEBUG", "msg": "ws_heartbeat", "data": {"latency_ms": 0}}
{"ts": "2026-05-10T12:28:08.689061+00:00", "channel": "websocket", "level": "DEBUG", "msg": "ws_heartbeat", "data": {"latency_ms": 0}}
{"ts": "2026-05-10T12:28:38.691340+00:00", "channel": "websocket", "level": "DEBUG", "msg": "ws_heartbeat", "data": {"latency_ms": 0}}
{"ts": "2026-05-10T12:29:08.691230+00:00", "channel": "websocket", "level": "DEBUG", "msg": "ws_heartbeat", "data": {"latency_ms": 0}}
{"ts": "2026-05-10T12:29:38.694796+00:00", "channel": "websocket", "level": "DEBUG", "msg": "ws_heartbeat", "data": {"latency_ms": 0}}
{"ts": "2026-05-10T12:30:08.694301+00:00", "channel": "websocket", "level": "DEBUG", "msg": "ws_heartbeat", "data": {"latency_ms": 0}}
{"ts": "2026-05-10T12:30:38.694829+00:00", "channel": "websocket", "level": "DEBUG", "msg": "ws_heartbeat", "data": {"latency_ms": 0}}
{"ts": "2026-05-10T12:31:08.696170+00:00", "channel": "websocket", "level": "DEBUG", "msg": "ws_heartbeat", "data": {"latency_ms": 0}}
{"ts": "2026-05-10T12:31:38.697363+00:00", "channel": "websocket", "level": "DEBUG", "msg": "ws_heartbeat", "data": {"latency_ms": 0}}
{"ts": "2026-05-10T12:32:08.698938+00:00", "channel": "websocket", "level": "DEBUG", "msg": "ws_heartbeat", "data": {"latency_ms": 0}}
{"ts": "2026-05-10T12:32:38.697491+00:00", "channel": "websocket", "level": "DEBUG", "msg": "ws_heartbeat", "data": {"latency_ms": 0}}
{"ts": "2026-05-10T12:33:08.699637+00:00", "channel": "websocket", "level": "DEBUG", "msg": "ws_heartbeat", "data": {"latency_ms": 0}}
{"ts": "2026-05-10T12:33:38.699489+00:00", "channel": "websocket", "level": "DEBUG", "msg": "ws_heartbeat", "data": {"latency_ms": 0}}
{"ts": "2026-05-10T12:34:08.700143+00:00", "channel": "websocket", "level": "DEBUG", "msg": "ws_heartbeat", "data": {"latency_ms": 0}}
{"ts": "2026-05-10T12:34:38.701403+00:00", "channel": "websocket", "level": "DEBUG", "msg": "ws_heartbeat", "data": {"latency_ms": 0}}
{"ts": "2026-05-10T12:35:08.701520+00:00", "channel": "websocket", "level": "DEBUG", "msg": "ws_heartbeat", "data": {"latency_ms": 0}}
{"ts": "2026-05-10T12:35:38.702420+00:00", "channel": "websocket", "level": "DEBUG", "msg": "ws_heartbeat", "data": {"latency_ms": 0}}
{"ts": "2026-05-10T12:36:08.702538+00:00", "channel": "websocket", "level": "DEBUG", "msg": "ws_heartbeat", "data": {"latency_ms": 0}}
{"ts": "2026-05-10T12:36:38.720204+00:00", "channel": "websocket", "level": "DEBUG", "msg": "ws_heartbeat", "data": {"latency_ms": 0}}
{"ts": "2026-05-10T12:37:08.706421+00:00", "channel": "websocket", "level": "DEBUG", "msg": "ws_heartbeat", "data": {"latency_ms": 0}}
{"ts": "2026-05-10T12:37:38.704940+00:00", "channel": "websocket", "level": "DEBUG", "msg": "ws_heartbeat", "data": {"latency_ms": 0}}
{"ts": "2026-05-10T12:38:08.706035+00:00", "channel": "websocket", "level": "DEBUG", "msg": "ws_heartbeat", "data": {"latency_ms": 0}}
{"ts": "2026-05-10T12:38:38.708485+00:00", "channel": "websocket", "level": "DEBUG", "msg": "ws_heartbeat", "data": {"latency_ms": 0}}
{"ts": "2026-05-10T12:39:04.388789+00:00", "channel": "websocket", "level": "WARNING", "msg": "ws_disconnect", "data": {"socket_id": "gJNeh2QGMVpTtlCnAAAA", "reason": "socket.io_disconnect", "total_disconnections": 5}}
{"ts": "2026-05-10T12:39:04.389025+00:00", "channel": "websocket", "level": "WARNING", "msg": "ws_disconnect", "data": {"socket_id": "bdK0PLRJGLjMG30AAAAB", "reason": "socket.io_disconnect", "total_disconnections": 26}}
{"ts": "2026-05-10T12:39:10.409862+00:00", "channel": "websocket", "level": "INFO", "msg": "ws_backoff", "data": {"delay_s": 10, "attempt": 6}}
{"ts": "2026-05-10T12:39:10.409972+00:00", "channel": "websocket", "level": "INFO", "msg": "ws_backoff", "data": {"delay_s": 10, "attempt": 27}}
{"ts": "2026-05-10T12:39:10.879088+00:00", "channel": "websocket", "level": "INFO", "msg": "ws_connect", "data": {"socket_id": "nPyK1yzxErxpVNJVAAAB", "ip": "https://ibrahim-backend-production.up.railway.app"}}
{"ts": "2026-05-10T12:39:10.883398+00:00", "channel": "websocket", "level": "INFO", "msg": "ws_connect", "data": {"socket_id": "yTECTGzUoHX3ODmWAAAA", "ip": "https://ibrahim-backend-production.up.railway.app"}}
{"ts": "2026-05-10T12:39:40.609808+00:00", "channel": "websocket", "level": "DEBUG", "msg": "ws_heartbeat", "data": {"latency_ms": 0}}
{"ts": "2026-05-10T12:40:10.578822+00:00", "channel": "websocket", "level": "DEBUG", "msg": "ws_heartbeat", "data": {"latency_ms": 0}}
{"ts": "2026-05-10T12:40:40.580003+00:00", "channel": "websocket", "level": "DEBUG", "msg": "ws_heartbeat", "data": {"latency_ms": 0}}
{"ts": "2026-05-10T12:41:10.596877+00:00", "channel": "websocket", "level": "DEBUG", "msg": "ws_heartbeat", "data": {"latency_ms": 0}}
{"ts": "2026-05-10T12:41:40.588382+00:00", "channel": "websocket", "level": "DEBUG", "msg": "ws_heartbeat", "data": {"latency_ms": 0}}
{"ts": "2026-05-10T12:42:10.592275+00:00", "channel": "websocket", "level": "DEBUG", "msg": "ws_heartbeat", "data": {"latency_ms": 0}}
{"ts": "2026-05-10T12:42:40.595711+00:00", "channel": "websocket", "level": "DEBUG", "msg": "ws_heartbeat", "data": {"latency_ms": 0}}
{"ts": "2026-05-10T12:43:10.600813+00:00", "channel": "websocket", "level": "DEBUG", "msg": "ws_heartbeat", "data": {"latency_ms": 0}}
{"ts": "2026-05-10T12:43:40.603361+00:00", "channel": "websocket", "level": "DEBUG", "msg": "ws_heartbeat", "data": {"latency_ms": 0}}
{"ts": "2026-05-10T12:44:10.604169+00:00", "channel": "websocket", "level": "DEBUG", "msg": "ws_heartbeat", "data": {"latency_ms": 0}}
{"ts": "2026-05-10T12:44:40.604906+00:00", "channel": "websocket", "level": "DEBUG", "msg": "ws_heartbeat", "data": {"latency_ms": 0}}
{"ts": "2026-05-10T12:45:10.609162+00:00", "channel": "websocket", "level": "DEBUG", "msg": "ws_heartbeat", "data": {"latency_ms": 0}}
{"ts": "2026-05-10T12:45:40.607647+00:00", "channel": "websocket", "level": "DEBUG", "msg": "ws_heartbeat", "data": {"latency_ms": 0}}
{"ts": "2026-05-10T12:46:10.608409+00:00", "channel": "websocket", "level": "DEBUG", "msg": "ws_heartbeat", "data": {"latency_ms": 0}}
{"ts": "2026-05-10T12:46:40.617168+00:00", "channel": "websocket", "level": "DEBUG", "msg": "ws_heartbeat", "data": {"latency_ms": 0}}
{"ts": "2026-05-10T12:47:10.611619+00:00", "channel": "websocket", "level": "DEBUG", "msg": "ws_heartbeat", "data": {"latency_ms": 0}}
{"ts": "2026-05-10T12:47:40.618194+00:00", "channel": "websocket", "level": "DEBUG", "msg": "ws_heartbeat", "data": {"latency_ms": 0}}
{"ts": "2026-05-10T12:48:10.619753+00:00", "channel": "websocket", "level": "DEBUG", "msg": "ws_heartbeat", "data": {"latency_ms": 0}}
{"ts": "2026-05-10T12:48:40.621012+00:00", "channel": "websocket", "level": "DEBUG", "msg": "ws_heartbeat", "data": {"latency_ms": 0}}
{"ts": "2026-05-10T12:49:10.623111+00:00", "channel": "websocket", "level": "DEBUG", "msg": "ws_heartbeat", "data": {"latency_ms": 0}}
{"ts": "2026-05-10T12:49:40.625626+00:00", "channel": "websocket", "level": "DEBUG", "msg": "ws_heartbeat", "data": {"latency_ms": 0}}
{"ts": "2026-05-10T12:50:10.623979+00:00", "channel": "websocket", "level": "DEBUG", "msg": "ws_heartbeat", "data": {"latency_ms": 0}}
{"ts": "2026-05-10T12:50:40.628140+00:00", "channel": "websocket", "level": "DEBUG", "msg": "ws_heartbeat", "data": {"latency_ms": 0}}
{"ts": "2026-05-10T12:51:10.627127+00:00", "channel": "websocket", "level": "DEBUG", "msg": "ws_heartbeat", "data": {"latency_ms": 0}}
{"ts": "2026-05-10T12:51:40.627619+00:00", "channel": "websocket", "level": "DEBUG", "msg": "ws_heartbeat", "data": {"latency_ms": 0}}
{"ts": "2026-05-10T12:52:10.630560+00:00", "channel": "websocket", "level": "DEBUG", "msg": "ws_heartbeat", "data": {"latency_ms": 0}}
{"ts": "2026-05-10T12:52:40.632940+00:00", "channel": "websocket", "level": "DEBUG", "msg": "ws_heartbeat", "data": {"latency_ms": 0}}
{"ts": "2026-05-10T12:53:10.633586+00:00", "channel": "websocket", "level": "DEBUG", "msg": "ws_heartbeat", "data": {"latency_ms": 0}}
{"ts": "2026-05-10T12:53:40.634878+00:00", "channel": "websocket", "level": "DEBUG", "msg": "ws_heartbeat", "data": {"latency_ms": 0}}
{"ts": "2026-05-10T12:54:10.637271+00:00", "channel": "websocket", "level": "DEBUG", "msg": "ws_heartbeat", "data": {"latency_ms": 0}}
{"ts": "2026-05-10T12:54:40.637705+00:00", "channel": "websocket", "level": "DEBUG", "msg": "ws_heartbeat", "data": {"latency_ms": 0}}
{"ts": "2026-05-10T12:55:10.638611+00:00", "channel": "websocket", "level": "DEBUG", "msg": "ws_heartbeat", "data": {"latency_ms": 0}}
{"ts": "2026-05-10T12:55:40.638808+00:00", "channel": "websocket", "level": "DEBUG", "msg": "ws_heartbeat", "data": {"latency_ms": 0}}
{"ts": "2026-05-10T12:56:10.640859+00:00", "channel": "websocket", "level": "DEBUG", "msg": "ws_heartbeat", "data": {"latency_ms": 0}}
{"ts": "2026-05-10T12:56:40.643440+00:00", "channel": "websocket", "level": "DEBUG", "msg": "ws_heartbeat", "data": {"latency_ms": 0}}
{"ts": "2026-05-10T12:56:50.523131+00:00", "channel": "websocket", "level": "WARNING", "msg": "ws_disconnect", "data": {"socket_id": "yTECTGzUoHX3ODmWAAAA", "reason": "socket.io_disconnect", "total_disconnections": 27}}
{"ts": "2026-05-10T12:56:50.523192+00:00", "channel": "websocket", "level": "WARNING", "msg": "ws_disconnect", "data": {"socket_id": "nPyK1yzxErxpVNJVAAAB", "reason": "socket.io_disconnect", "total_disconnections": 6}}
{"ts": "2026-05-10T12:56:56.532922+00:00", "channel": "websocket", "level": "INFO", "msg": "ws_backoff", "data": {"delay_s": 10, "attempt": 7}}
{"ts": "2026-05-10T12:56:56.533018+00:00", "channel": "websocket", "level": "INFO", "msg": "ws_backoff", "data": {"delay_s": 10, "attempt": 28}}
{"ts": "2026-05-10T12:56:56.994066+00:00", "channel": "websocket", "level": "INFO", "msg": "ws_connect", "data": {"socket_id": "nN3IyMKXxscVclp0AAAA", "ip": "https://ibrahim-backend-production.up.railway.app"}}
{"ts": "2026-05-10T12:56:56.998896+00:00", "channel": "websocket", "level": "INFO", "msg": "ws_connect", "data": {"socket_id": "TiMJBZreV2udoAA2AAAB", "ip": "https://ibrahim-backend-production.up.railway.app"}}
{"ts": "2026-05-10T12:57:26.693713+00:00", "channel": "websocket", "level": "DEBUG", "msg": "ws_heartbeat", "data": {"latency_ms": 0}}
{"ts": "2026-05-10T12:57:56.695355+00:00", "channel": "websocket", "level": "DEBUG", "msg": "ws_heartbeat", "data": {"latency_ms": 0}}
{"ts": "2026-05-10T12:58:26.698279+00:00", "channel": "websocket", "level": "DEBUG", "msg": "ws_heartbeat", "data": {"latency_ms": 0}}
{"ts": "2026-05-10T12:58:56.695260+00:00", "channel": "websocket", "level": "DEBUG", "msg": "ws_heartbeat", "data": {"latency_ms": 0}}
{"ts": "2026-05-10T12:59:26.700790+00:00", "channel": "websocket", "level": "DEBUG", "msg": "ws_heartbeat", "data": {"latency_ms": 0}}
{"ts": "2026-05-10T12:59:56.697224+00:00", "channel": "websocket", "level": "DEBUG", "msg": "ws_heartbeat", "data": {"latency_ms": 0}}
{"ts": "2026-05-10T13:00:26.711257+00:00", "channel": "websocket", "level": "DEBUG", "msg": "ws_heartbeat", "data": {"latency_ms": 0}}
{"ts": "2026-05-10T13:00:56.706161+00:00", "channel": "websocket", "level": "DEBUG", "msg": "ws_heartbeat", "data": {"latency_ms": 0}}
{"ts": "2026-05-10T13:01:26.700259+00:00", "channel": "websocket", "level": "DEBUG", "msg": "ws_heartbeat", "data": {"latency_ms": 0}}
{"ts": "2026-05-10T13:01:56.699754+00:00", "channel": "websocket", "level": "DEBUG", "msg": "ws_heartbeat", "data": {"latency_ms": 0}}
{"ts": "2026-05-10T13:02:26.704770+00:00", "channel": "websocket", "level": "DEBUG", "msg": "ws_heartbeat", "data": {"latency_ms": 0}}
{"ts": "2026-05-10T13:02:56.701499+00:00", "channel": "websocket", "level": "DEBUG", "msg": "ws_heartbeat", "data": {"latency_ms": 0}}
{"ts": "2026-05-10T13:03:26.704649+00:00", "channel": "websocket", "level": "DEBUG", "msg": "ws_heartbeat", "data": {"latency_ms": 0}}
{"ts": "2026-05-10T13:03:56.704538+00:00", "channel": "websocket", "level": "DEBUG", "msg": "ws_heartbeat", "data": {"latency_ms": 0}}
{"ts": "2026-05-10T13:04:26.706640+00:00", "channel": "websocket", "level": "DEBUG", "msg": "ws_heartbeat", "data": {"latency_ms": 0}}
{"ts": "2026-05-10T13:04:56.709802+00:00", "channel": "websocket", "level": "DEBUG", "msg": "ws_heartbeat", "data": {"latency_ms": 0}}
{"ts": "2026-05-10T13:05:26.707965+00:00", "channel": "websocket", "level": "DEBUG", "msg": "ws_heartbeat", "data": {"latency_ms": 0}}
{"ts": "2026-05-10T13:05:56.710757+00:00", "channel": "websocket", "level": "DEBUG", "msg": "ws_heartbeat", "data": {"latency_ms": 0}}
{"ts": "2026-05-10T13:06:26.708922+00:00", "channel": "websocket", "level": "DEBUG", "msg": "ws_heartbeat", "data": {"latency_ms": 0}}
{"ts": "2026-05-10T13:06:56.711212+00:00", "channel": "websocket", "level": "DEBUG", "msg": "ws_heartbeat", "data": {"latency_ms": 0}}
{"ts": "2026-05-10T13:07:26.710917+00:00", "channel": "websocket", "level": "DEBUG", "msg": "ws_heartbeat", "data": {"latency_ms": 0}}
{"ts": "2026-05-10T13:07:56.712825+00:00", "channel": "websocket", "level": "DEBUG", "msg": "ws_heartbeat", "data": {"latency_ms": 0}}
{"ts": "2026-05-10T13:08:26.710459+00:00", "channel": "websocket", "level": "DEBUG", "msg": "ws_heartbeat", "data": {"latency_ms": 0}}
{"ts": "2026-05-10T13:08:56.712498+00:00", "channel": "websocket", "level": "DEBUG", "msg": "ws_heartbeat", "data": {"latency_ms": 0}}
{"ts": "2026-05-10T13:09:26.713042+00:00", "channel": "websocket", "level": "DEBUG", "msg": "ws_heartbeat", "data": {"latency_ms": 0}}
{"ts": "2026-05-10T13:09:56.713243+00:00", "channel": "websocket", "level": "DEBUG", "msg": "ws_heartbeat", "data": {"latency_ms": 0}}
{"ts": "2026-05-10T13:10:26.714114+00:00", "channel": "websocket", "level": "DEBUG", "msg": "ws_heartbeat", "data": {"latency_ms": 0}}
{"ts": "2026-05-10T13:10:55.737430+00:00", "channel": "websocket", "level": "WARNING", "msg": "ws_disconnect", "data": {"socket_id": "TiMJBZreV2udoAA2AAAB", "reason": "socket.io_disconnect", "total_disconnections": 7}}
{"ts": "2026-05-10T13:10:55.740661+00:00", "channel": "websocket", "level": "WARNING", "msg": "ws_disconnect", "data": {"socket_id": "nN3IyMKXxscVclp0AAAA", "reason": "socket.io_disconnect", "total_disconnections": 28}}
{"ts": "2026-05-10T13:11:01.746491+00:00", "channel": "websocket", "level": "INFO", "msg": "ws_backoff", "data": {"delay_s": 10, "attempt": 8}}
{"ts": "2026-05-10T13:11:01.746574+00:00", "channel": "websocket", "level": "INFO", "msg": "ws_backoff", "data": {"delay_s": 10, "attempt": 29}}
{"ts": "2026-05-10T13:11:02.224081+00:00", "channel": "websocket", "level": "INFO", "msg": "ws_connect", "data": {"socket_id": "UlwbJY-Z60RQiYg-AAAA", "ip": "https://ibrahim-backend-production.up.railway.app"}}
{"ts": "2026-05-10T13:11:02.226365+00:00", "channel": "websocket", "level": "INFO", "msg": "ws_connect", "data": {"socket_id": "jrT_9ddEMFpBtQR_AAAB", "ip": "https://ibrahim-backend-production.up.railway.app"}}
{"ts": "2026-05-10T13:11:31.921437+00:00", "channel": "websocket", "level": "DEBUG", "msg": "ws_heartbeat", "data": {"latency_ms": 0}}
{"ts": "2026-05-10T13:12:01.921513+00:00", "channel": "websocket", "level": "DEBUG", "msg": "ws_heartbeat", "data": {"latency_ms": 0}}
{"ts": "2026-05-10T13:12:31.922997+00:00", "channel": "websocket", "level": "DEBUG", "msg": "ws_heartbeat", "data": {"latency_ms": 0}}
{"ts": "2026-05-10T13:13:01.924059+00:00", "channel": "websocket", "level": "DEBUG", "msg": "ws_heartbeat", "data": {"latency_ms": 0}}
{"ts": "2026-05-10T13:13:31.928044+00:00", "channel": "websocket", "level": "DEBUG", "msg": "ws_heartbeat", "data": {"latency_ms": 0}}
{"ts": "2026-05-10T13:14:01.925703+00:00", "channel": "websocket", "level": "DEBUG", "msg": "ws_heartbeat", "data": {"latency_ms": 0}}
{"ts": "2026-05-10T13:14:31.930062+00:00", "channel": "websocket", "level": "DEBUG", "msg": "ws_heartbeat", "data": {"latency_ms": 0}}
{"ts": "2026-05-10T13:14:32.249060+00:00", "channel": "websocket", "level": "WARNING", "msg": "ws_disconnect", "data": {"socket_id": "jrT_9ddEMFpBtQR_AAAB", "reason": "socket.io_disconnect", "total_disconnections": 29}}
{"ts": "2026-05-10T13:14:32.249487+00:00", "channel": "websocket", "level": "WARNING", "msg": "ws_disconnect", "data": {"socket_id": "UlwbJY-Z60RQiYg-AAAA", "reason": "socket.io_disconnect", "total_disconnections": 8}}
{"ts": "2026-05-10T13:14:38.274538+00:00", "channel": "websocket", "level": "INFO", "msg": "ws_backoff", "data": {"delay_s": 10, "attempt": 9}}
{"ts": "2026-05-10T13:14:38.274688+00:00", "channel": "websocket", "level": "INFO", "msg": "ws_backoff", "data": {"delay_s": 10, "attempt": 30}}
{"ts": "2026-05-10T13:14:38.738970+00:00", "channel": "websocket", "level": "INFO", "msg": "ws_connect", "data": {"socket_id": "UronGrDBSdWktys9AAAA", "ip": "https://ibrahim-backend-production.up.railway.app"}}
{"ts": "2026-05-10T13:14:44.205284+00:00", "channel": "websocket", "level": "ERROR", "msg": "ws_error", "data": {"error": "Connection refused by the server", "next_delay_s": 10}}
{"ts": "2026-05-10T13:14:54.207097+00:00", "channel": "websocket", "level": "INFO", "msg": "ws_backoff", "data": {"delay_s": 20, "attempt": 10}}
{"ts": "2026-05-10T13:14:54.670902+00:00", "channel": "websocket", "level": "INFO", "msg": "ws_connect", "data": {"socket_id": "BZm1afWlLLT_j7odAAAC", "ip": "https://ibrahim-backend-production.up.railway.app"}}
{"ts": "2026-05-10T13:15:24.368118+00:00", "channel": "websocket", "level": "DEBUG", "msg": "ws_heartbeat", "data": {"latency_ms": 0}}
{"ts": "2026-05-10T13:15:54.366963+00:00", "channel": "websocket", "level": "DEBUG", "msg": "ws_heartbeat", "data": {"latency_ms": 0}}
{"ts": "2026-05-10T13:16:24.368182+00:00", "channel": "websocket", "level": "DEBUG", "msg": "ws_heartbeat", "data": {"latency_ms": 0}}
{"ts": "2026-05-10T13:16:54.375309+00:00", "channel": "websocket", "level": "DEBUG", "msg": "ws_heartbeat", "data": {"latency_ms": 0}}
{"ts": "2026-05-10T13:17:24.371659+00:00", "channel": "websocket", "level": "DEBUG", "msg": "ws_heartbeat", "data": {"latency_ms": 0}}
{"ts": "2026-05-10T13:17:54.371523+00:00", "channel": "websocket", "level": "DEBUG", "msg": "ws_heartbeat", "data": {"latency_ms": 0}}
{"ts": "2026-05-10T13:18:24.374356+00:00", "channel": "websocket", "level": "DEBUG", "msg": "ws_heartbeat", "data": {"latency_ms": 0}}
{"ts": "2026-05-10T13:18:54.373147+00:00", "channel": "websocket", "level": "DEBUG", "msg": "ws_heartbeat", "data": {"latency_ms": 0}}
{"ts": "2026-05-10T13:19:24.373395+00:00", "channel": "websocket", "level": "DEBUG", "msg": "ws_heartbeat", "data": {"latency_ms": 0}}
{"ts": "2026-05-10T13:19:54.375233+00:00", "channel": "websocket", "level": "DEBUG", "msg": "ws_heartbeat", "data": {"latency_ms": 0}}
{"ts": "2026-05-10T13:20:24.376178+00:00", "channel": "websocket", "level": "DEBUG", "msg": "ws_heartbeat", "data": {"latency_ms": 0}}
{"ts": "2026-05-10T13:20:54.376468+00:00", "channel": "websocket", "level": "DEBUG", "msg": "ws_heartbeat", "data": {"latency_ms": 0}}
{"ts": "2026-05-10T13:21:24.376386+00:00", "channel": "websocket", "level": "DEBUG", "msg": "ws_heartbeat", "data": {"latency_ms": 0}}
{"ts": "2026-05-10T13:21:54.377005+00:00", "channel": "websocket", "level": "DEBUG", "msg": "ws_heartbeat", "data": {"latency_ms": 0}}
{"ts": "2026-05-10T13:22:24.377815+00:00", "channel": "websocket", "level": "DEBUG", "msg": "ws_heartbeat", "data": {"latency_ms": 0}}
{"ts": "2026-05-10T13:22:54.379868+00:00", "channel": "websocket", "level": "DEBUG", "msg": "ws_heartbeat", "data": {"latency_ms": 0}}
{"ts": "2026-05-10T13:23:24.385354+00:00", "channel": "websocket", "level": "DEBUG", "msg": "ws_heartbeat", "data": {"latency_ms": 0}}
{"ts": "2026-05-10T13:23:54.381484+00:00", "channel": "websocket", "level": "DEBUG", "msg": "ws_heartbeat", "data": {"latency_ms": 0}}
{"ts": "2026-05-10T13:24:24.381693+00:00", "channel": "websocket", "level": "DEBUG", "msg": "ws_heartbeat", "data": {"latency_ms": 0}}
{"ts": "2026-05-10T13:24:54.382754+00:00", "channel": "websocket", "level": "DEBUG", "msg": "ws_heartbeat", "data": {"latency_ms": 0}}
{"ts": "2026-05-10T13:25:24.386967+00:00", "channel": "websocket", "level": "DEBUG", "msg": "ws_heartbeat", "data": {"latency_ms": 0}}
{"ts": "2026-05-10T13:25:54.387021+00:00", "channel": "websocket", "level": "DEBUG", "msg": "ws_heartbeat", "data": {"latency_ms": 0}}
{"ts": "2026-05-10T13:26:24.392777+00:00", "channel": "websocket", "level": "DEBUG", "msg": "ws_heartbeat", "data": {"latency_ms": 0}}
{"ts": "2026-05-10T13:26:54.398936+00:00", "channel": "websocket", "level": "DEBUG", "msg": "ws_heartbeat", "data": {"latency_ms": 0}}
{"ts": "2026-05-10T13:27:24.403312+00:00", "channel": "websocket", "level": "DEBUG", "msg": "ws_heartbeat", "data": {"latency_ms": 0}}
{"ts": "2026-05-10T13:27:54.406465+00:00", "channel": "websocket", "level": "DEBUG", "msg": "ws_heartbeat", "data": {"latency_ms": 0}}
{"ts": "2026-05-10T13:28:24.410531+00:00", "channel": "websocket", "level": "DEBUG", "msg": "ws_heartbeat", "data": {"latency_ms": 0}}
{"ts": "2026-05-10T13:28:54.413423+00:00", "channel": "websocket", "level": "DEBUG", "msg": "ws_heartbeat", "data": {"latency_ms": 0}}
{"ts": "2026-05-10T13:29:24.418351+00:00", "channel": "websocket", "level": "DEBUG", "msg": "ws_heartbeat", "data": {"latency_ms": 0}}
{"ts": "2026-05-10T13:29:54.424958+00:00", "channel": "websocket", "level": "DEBUG", "msg": "ws_heartbeat", "data": {"latency_ms": 0}}
{"ts": "2026-05-10T13:30:24.427877+00:00", "channel": "websocket", "level": "DEBUG", "msg": "ws_heartbeat", "data": {"latency_ms": 0}}
{"ts": "2026-05-10T13:30:54.431563+00:00", "channel": "websocket", "level": "DEBUG", "msg": "ws_heartbeat", "data": {"latency_ms": 0}}
{"ts": "2026-05-10T13:31:24.435857+00:00", "channel": "websocket", "level": "DEBUG", "msg": "ws_heartbeat", "data": {"latency_ms": 0}}
{"ts": "2026-05-10T13:31:54.440344+00:00", "channel": "websocket", "level": "DEBUG", "msg": "ws_heartbeat", "data": {"latency_ms": 0}}
{"ts": "2026-05-10T13:32:24.441585+00:00", "channel": "websocket", "level": "DEBUG", "msg": "ws_heartbeat", "data": {"latency_ms": 0}}
{"ts": "2026-05-10T13:32:54.443910+00:00", "channel": "websocket", "level": "DEBUG", "msg": "ws_heartbeat", "data": {"latency_ms": 0}}
{"ts": "2026-05-10T13:33:24.448124+00:00", "channel": "websocket", "level": "DEBUG", "msg": "ws_heartbeat", "data": {"latency_ms": 0}}
{"ts": "2026-05-10T13:33:54.451192+00:00", "channel": "websocket", "level": "DEBUG", "msg": "ws_heartbeat", "data": {"latency_ms": 0}}
{"ts": "2026-05-10T13:34:24.454161+00:00", "channel": "websocket", "level": "DEBUG", "msg": "ws_heartbeat", "data": {"latency_ms": 0}}
{"ts": "2026-05-10T13:34:54.454481+00:00", "channel": "websocket", "level": "DEBUG", "msg": "ws_heartbeat", "data": {"latency_ms": 0}}
{"ts": "2026-05-10T13:35:24.456449+00:00", "channel": "websocket", "level": "DEBUG", "msg": "ws_heartbeat", "data": {"latency_ms": 0}}
{"ts": "2026-05-10T13:35:54.464629+00:00", "channel": "websocket", "level": "DEBUG", "msg": "ws_heartbeat", "data": {"latency_ms": 0}}
{"ts": "2026-05-10T13:36:24.463621+00:00", "channel": "websocket", "level": "DEBUG", "msg": "ws_heartbeat", "data": {"latency_ms": 0}}
{"ts": "2026-05-10T13:36:54.465258+00:00", "channel": "websocket", "level": "DEBUG", "msg": "ws_heartbeat", "data": {"latency_ms": 0}}
{"ts": "2026-05-10T13:37:24.469894+00:00", "channel": "websocket", "level": "DEBUG", "msg": "ws_heartbeat", "data": {"latency_ms": 0}}
{"ts": "2026-05-10T13:37:54.475598+00:00", "channel": "websocket", "level": "DEBUG", "msg": "ws_heartbeat", "data": {"latency_ms": 0}}
{"ts": "2026-05-10T13:38:24.474971+00:00", "channel": "websocket", "level": "DEBUG", "msg": "ws_heartbeat", "data": {"latency_ms": 0}}
{"ts": "2026-05-10T13:38:54.474459+00:00", "channel": "websocket", "level": "DEBUG", "msg": "ws_heartbeat", "data": {"latency_ms": 0}}
{"ts": "2026-05-10T13:39:24.478158+00:00", "channel": "websocket", "level": "DEBUG", "msg": "ws_heartbeat", "data": {"latency_ms": 0}}
{"ts": "2026-05-10T13:39:54.479403+00:00", "channel": "websocket", "level": "DEBUG", "msg": "ws_heartbeat", "data": {"latency_ms": 0}}
{"ts": "2026-05-10T13:40:24.481397+00:00", "channel": "websocket", "level": "DEBUG", "msg": "ws_heartbeat", "data": {"latency_ms": 0}}
{"ts": "2026-05-10T13:40:54.481040+00:00", "channel": "websocket", "level": "DEBUG", "msg": "ws_heartbeat", "data": {"latency_ms": 0}}
{"ts": "2026-05-10T13:41:24.481746+00:00", "channel": "websocket", "level": "DEBUG", "msg": "ws_heartbeat", "data": {"latency_ms": 0}}
{"ts": "2026-05-10T13:41:54.483399+00:00", "channel": "websocket", "level": "DEBUG", "msg": "ws_heartbeat", "data": {"latency_ms": 0}}
{"ts": "2026-05-10T13:42:24.485656+00:00", "channel": "websocket", "level": "DEBUG", "msg": "ws_heartbeat", "data": {"latency_ms": 0}}
{"ts": "2026-05-10T13:42:54.489055+00:00", "channel": "websocket", "level": "DEBUG", "msg": "ws_heartbeat", "data": {"latency_ms": 0}}
{"ts": "2026-05-10T13:43:24.489965+00:00", "channel": "websocket", "level": "DEBUG", "msg": "ws_heartbeat", "data": {"latency_ms": 0}}
{"ts": "2026-05-10T13:43:54.490003+00:00", "channel": "websocket", "level": "DEBUG", "msg": "ws_heartbeat", "data": {"latency_ms": 0}}
{"ts": "2026-05-10T13:44:24.493861+00:00", "channel": "websocket", "level": "DEBUG", "msg": "ws_heartbeat", "data": {"latency_ms": 0}}
{"ts": "2026-05-10T13:44:54.494791+00:00", "channel": "websocket", "level": "DEBUG", "msg": "ws_heartbeat", "data": {"latency_ms": 0}}
{"ts": "2026-05-10T13:45:24.494961+00:00", "channel": "websocket", "level": "DEBUG", "msg": "ws_heartbeat", "data": {"latency_ms": 0}}
{"ts": "2026-05-10T13:45:54.496501+00:00", "channel": "websocket", "level": "DEBUG", "msg": "ws_heartbeat", "data": {"latency_ms": 0}}
{"ts": "2026-05-10T13:46:24.500461+00:00", "channel": "websocket", "level": "DEBUG", "msg": "ws_heartbeat", "data": {"latency_ms": 0}}
{"ts": "2026-05-10T13:46:54.500595+00:00", "channel": "websocket", "level": "DEBUG", "msg": "ws_heartbeat", "data": {"latency_ms": 0}}
{"ts": "2026-05-10T13:47:24.505769+00:00", "channel": "websocket", "level": "DEBUG", "msg": "ws_heartbeat", "data": {"latency_ms": 0}}
{"ts": "2026-05-10T13:47:54.503736+00:00", "channel": "websocket", "level": "DEBUG", "msg": "ws_heartbeat", "data": {"latency_ms": 0}}
{"ts": "2026-05-10T13:48:24.506237+00:00", "channel": "websocket", "level": "DEBUG", "msg": "ws_heartbeat", "data": {"latency_ms": 0}}
{"ts": "2026-05-10T13:48:54.506188+00:00", "channel": "websocket", "level": "DEBUG", "msg": "ws_heartbeat", "data": {"latency_ms": 0}}
{"ts": "2026-05-10T13:49:24.507837+00:00", "channel": "websocket", "level": "DEBUG", "msg": "ws_heartbeat", "data": {"latency_ms": 0}}
{"ts": "2026-05-10T13:49:54.509908+00:00", "channel": "websocket", "level": "DEBUG", "msg": "ws_heartbeat", "data": {"latency_ms": 0}}
{"ts": "2026-05-10T13:50:24.510028+00:00", "channel": "websocket", "level": "DEBUG", "msg": "ws_heartbeat", "data": {"latency_ms": 0}}
{"ts": "2026-05-10T13:50:54.510443+00:00", "channel": "websocket", "level": "DEBUG", "msg": "ws_heartbeat", "data": {"latency_ms": 0}}
{"ts": "2026-05-10T13:51:24.513313+00:00", "channel": "websocket", "level": "DEBUG", "msg": "ws_heartbeat", "data": {"latency_ms": 0}}
{"ts": "2026-05-10T13:51:54.513059+00:00", "channel": "websocket", "level": "DEBUG", "msg": "ws_heartbeat", "data": {"latency_ms": 0}}
{"ts": "2026-05-10T13:52:24.512727+00:00", "channel": "websocket", "level": "DEBUG", "msg": "ws_heartbeat", "data": {"latency_ms": 0}}
{"ts": "2026-05-10T13:52:54.517930+00:00", "channel": "websocket", "level": "DEBUG", "msg": "ws_heartbeat", "data": {"latency_ms": 0}}
{"ts": "2026-05-10T13:53:24.513315+00:00", "channel": "websocket", "level": "DEBUG", "msg": "ws_heartbeat", "data": {"latency_ms": 0}}
{"ts": "2026-05-10T13:53:54.514557+00:00", "channel": "websocket", "level": "DEBUG", "msg": "ws_heartbeat", "data": {"latency_ms": 0}}
{"ts": "2026-05-10T13:54:24.524183+00:00", "channel": "websocket", "level": "DEBUG", "msg": "ws_heartbeat", "data": {"latency_ms": 0}}
{"ts": "2026-05-10T13:54:54.517552+00:00", "channel": "websocket", "level": "DEBUG", "msg": "ws_heartbeat", "data": {"latency_ms": 0}}
{"ts": "2026-05-10T13:55:24.514870+00:00", "channel": "websocket", "level": "DEBUG", "msg": "ws_heartbeat", "data": {"latency_ms": 0}}
{"ts": "2026-05-10T13:55:54.518094+00:00", "channel": "websocket", "level": "DEBUG", "msg": "ws_heartbeat", "data": {"latency_ms": 0}}
{"ts": "2026-05-10T13:56:24.515781+00:00", "channel": "websocket", "level": "DEBUG", "msg": "ws_heartbeat", "data": {"latency_ms": 0}}
{"ts": "2026-05-10T13:56:54.518008+00:00", "channel": "websocket", "level": "DEBUG", "msg": "ws_heartbeat", "data": {"latency_ms": 0}}
{"ts": "2026-05-10T13:57:24.521892+00:00", "channel": "websocket", "level": "DEBUG", "msg": "ws_heartbeat", "data": {"latency_ms": 0}}
{"ts": "2026-05-10T13:57:54.523148+00:00", "channel": "websocket", "level": "DEBUG", "msg": "ws_heartbeat", "data": {"latency_ms": 0}}
{"ts": "2026-05-10T13:58:24.524002+00:00", "channel": "websocket", "level": "DEBUG", "msg": "ws_heartbeat", "data": {"latency_ms": 0}}
{"ts": "2026-05-10T13:58:52.697677+00:00", "channel": "websocket", "level": "DEBUG", "msg": "ws_heartbeat", "data": {"latency_ms": 0}}
{"ts": "2026-05-10T13:59:22.701673+00:00", "channel": "websocket", "level": "DEBUG", "msg": "ws_heartbeat", "data": {"latency_ms": 0}}
{"ts": "2026-05-10T13:59:52.700794+00:00", "channel": "websocket", "level": "DEBUG", "msg": "ws_heartbeat", "data": {"latency_ms": 0}}
{"ts": "2026-05-10T14:00:22.702418+00:00", "channel": "websocket", "level": "DEBUG", "msg": "ws_heartbeat", "data": {"latency_ms": 0}}
{"ts": "2026-05-10T14:00:52.706563+00:00", "channel": "websocket", "level": "DEBUG", "msg": "ws_heartbeat", "data": {"latency_ms": 0}}
{"ts": "2026-05-10T14:01:22.708939+00:00", "channel": "websocket", "level": "DEBUG", "msg": "ws_heartbeat", "data": {"latency_ms": 0}}
{"ts": "2026-05-10T14:01:52.710045+00:00", "channel": "websocket", "level": "DEBUG", "msg": "ws_heartbeat", "data": {"latency_ms": 0}}
{"ts": "2026-05-10T14:02:22.713265+00:00", "channel": "websocket", "level": "DEBUG", "msg": "ws_heartbeat", "data": {"latency_ms": 0}}
{"ts": "2026-05-10T14:02:52.716303+00:00", "channel": "websocket", "level": "DEBUG", "msg": "ws_heartbeat", "data": {"latency_ms": 0}}
{"ts": "2026-05-10T14:03:22.720036+00:00", "channel": "websocket", "level": "DEBUG", "msg": "ws_heartbeat", "data": {"latency_ms": 0}}
{"ts": "2026-05-10T14:03:52.720375+00:00", "channel": "websocket", "level": "DEBUG", "msg": "ws_heartbeat", "data": {"latency_ms": 0}}
{"ts": "2026-05-10T14:04:22.724365+00:00", "channel": "websocket", "level": "DEBUG", "msg": "ws_heartbeat", "data": {"latency_ms": 0}}
{"ts": "2026-05-10T14:04:52.726171+00:00", "channel": "websocket", "level": "DEBUG", "msg": "ws_heartbeat", "data": {"latency_ms": 0}}
{"ts": "2026-05-10T14:05:22.726556+00:00", "channel": "websocket", "level": "DEBUG", "msg": "ws_heartbeat", "data": {"latency_ms": 0}}
{"ts": "2026-05-10T14:05:52.731143+00:00", "channel": "websocket", "level": "DEBUG", "msg": "ws_heartbeat", "data": {"latency_ms": 0}}
{"ts": "2026-05-10T14:06:22.733810+00:00", "channel": "websocket", "level": "DEBUG", "msg": "ws_heartbeat", "data": {"latency_ms": 0}}
{"ts": "2026-05-10T14:06:52.736066+00:00", "channel": "websocket", "level": "DEBUG", "msg": "ws_heartbeat", "data": {"latency_ms": 0}}
{"ts": "2026-05-10T14:07:22.735284+00:00", "channel": "websocket", "level": "DEBUG", "msg": "ws_heartbeat", "data": {"latency_ms": 0}}
{"ts": "2026-05-10T14:07:52.738993+00:00", "channel": "websocket", "level": "DEBUG", "msg": "ws_heartbeat", "data": {"latency_ms": 0}}
{"ts": "2026-05-10T14:08:22.740503+00:00", "channel": "websocket", "level": "DEBUG", "msg": "ws_heartbeat", "data": {"latency_ms": 0}}
{"ts": "2026-05-10T14:08:52.742991+00:00", "channel": "websocket", "level": "DEBUG", "msg": "ws_heartbeat", "data": {"latency_ms": 0}}
{"ts": "2026-05-10T14:09:22.745992+00:00", "channel": "websocket", "level": "DEBUG", "msg": "ws_heartbeat", "data": {"latency_ms": 0}}
{"ts": "2026-05-10T14:09:52.749052+00:00", "channel": "websocket", "level": "DEBUG", "msg": "ws_heartbeat", "data": {"latency_ms": 0}}
{"ts": "2026-05-10T14:10:22.753155+00:00", "channel": "websocket", "level": "DEBUG", "msg": "ws_heartbeat", "data": {"latency_ms": 0}}
{"ts": "2026-05-10T14:10:52.753450+00:00", "channel": "websocket", "level": "DEBUG", "msg": "ws_heartbeat", "data": {"latency_ms": 0}}
{"ts": "2026-05-10T14:11:22.752460+00:00", "channel": "websocket", "level": "DEBUG", "msg": "ws_heartbeat", "data": {"latency_ms": 0}}
{"ts": "2026-05-10T14:11:52.756044+00:00", "channel": "websocket", "level": "DEBUG", "msg": "ws_heartbeat", "data": {"latency_ms": 0}}
{"ts": "2026-05-10T14:12:22.757845+00:00", "channel": "websocket", "level": "DEBUG", "msg": "ws_heartbeat", "data": {"latency_ms": 0}}
{"ts": "2026-05-10T14:12:52.759269+00:00", "channel": "websocket", "level": "DEBUG", "msg": "ws_heartbeat", "data": {"latency_ms": 0}}
{"ts": "2026-05-10T14:13:22.759847+00:00", "channel": "websocket", "level": "DEBUG", "msg": "ws_heartbeat", "data": {"latency_ms": 0}}
{"ts": "2026-05-10T14:13:52.761166+00:00", "channel": "websocket", "level": "DEBUG", "msg": "ws_heartbeat", "data": {"latency_ms": 0}}
{"ts": "2026-05-10T14:14:22.762739+00:00", "channel": "websocket", "level": "DEBUG", "msg": "ws_heartbeat", "data": {"latency_ms": 0}}
{"ts": "2026-05-10T14:14:52.765496+00:00", "channel": "websocket", "level": "DEBUG", "msg": "ws_heartbeat", "data": {"latency_ms": 0}}
{"ts": "2026-05-10T14:15:22.779569+00:00", "channel": "websocket", "level": "DEBUG", "msg": "ws_heartbeat", "data": {"latency_ms": 0}}
{"ts": "2026-05-10T14:15:52.769938+00:00", "channel": "websocket", "level": "DEBUG", "msg": "ws_heartbeat", "data": {"latency_ms": 0}}
{"ts": "2026-05-10T14:16:22.769347+00:00", "channel": "websocket", "level": "DEBUG", "msg": "ws_heartbeat", "data": {"latency_ms": 0}}
{"ts": "2026-05-10T14:16:52.769538+00:00", "channel": "websocket", "level": "DEBUG", "msg": "ws_heartbeat", "data": {"latency_ms": 0}}
{"ts": "2026-05-10T14:17:22.770164+00:00", "channel": "websocket", "level": "DEBUG", "msg": "ws_heartbeat", "data": {"latency_ms": 0}}
{"ts": "2026-05-10T14:17:52.772798+00:00", "channel": "websocket", "level": "DEBUG", "msg": "ws_heartbeat", "data": {"latency_ms": 0}}
{"ts": "2026-05-10T14:18:22.773529+00:00", "channel": "websocket", "level": "DEBUG", "msg": "ws_heartbeat", "data": {"latency_ms": 0}}
{"ts": "2026-05-10T14:18:52.772755+00:00", "channel": "websocket", "level": "DEBUG", "msg": "ws_heartbeat", "data": {"latency_ms": 0}}
{"ts": "2026-05-10T14:19:46.214908+00:00", "channel": "websocket", "level": "WARNING", "msg": "ws_disconnect", "data": {"socket_id": "UronGrDBSdWktys9AAAA", "reason": "socket.io_disconnect", "total_disconnections": 30}}
{"ts": "2026-05-10T14:19:52.240575+00:00", "channel": "websocket", "level": "INFO", "msg": "ws_backoff", "data": {"delay_s": 10, "attempt": 31}}
{"ts": "2026-05-10T14:19:52.302734+00:00", "channel": "websocket", "level": "WARNING", "msg": "ws_disconnect", "data": {"socket_id": "BZm1afWlLLT_j7odAAAC", "reason": "socket.io_disconnect", "total_disconnections": 10}}
{"ts": "2026-05-10T14:19:52.785314+00:00", "channel": "websocket", "level": "INFO", "msg": "ws_connect", "data": {"socket_id": "rILdDnr4Jp_dEQCQAAAE", "ip": "https://ibrahim-backend-production.up.railway.app"}}
{"ts": "2026-05-10T14:19:58.318264+00:00", "channel": "websocket", "level": "INFO", "msg": "ws_backoff", "data": {"delay_s": 10, "attempt": 11}}
{"ts": "2026-05-10T14:19:58.781108+00:00", "channel": "websocket", "level": "INFO", "msg": "ws_connect", "data": {"socket_id": "nx7rp-HGl8u4XUg7AAAG", "ip": "https://ibrahim-backend-production.up.railway.app"}}
{"ts": "2026-05-10T14:20:28.475842+00:00", "channel": "websocket", "level": "DEBUG", "msg": "ws_heartbeat", "data": {"latency_ms": 0}}
{"ts": "2026-05-10T14:20:58.479723+00:00", "channel": "websocket", "level": "DEBUG", "msg": "ws_heartbeat", "data": {"latency_ms": 0}}
{"ts": "2026-05-10T14:21:28.482926+00:00", "channel": "websocket", "level": "DEBUG", "msg": "ws_heartbeat", "data": {"latency_ms": 0}}
{"ts": "2026-05-10T14:21:58.483351+00:00", "channel": "websocket", "level": "DEBUG", "msg": "ws_heartbeat", "data": {"latency_ms": 0}}
{"ts": "2026-05-10T14:22:28.489325+00:00", "channel": "websocket", "level": "DEBUG", "msg": "ws_heartbeat", "data": {"latency_ms": 0}}
{"ts": "2026-05-10T14:22:58.488936+00:00", "channel": "websocket", "level": "DEBUG", "msg": "ws_heartbeat", "data": {"latency_ms": 0}}
{"ts": "2026-05-10T14:23:28.493428+00:00", "channel": "websocket", "level": "DEBUG", "msg": "ws_heartbeat", "data": {"latency_ms": 0}}
{"ts": "2026-05-10T14:23:58.496431+00:00", "channel": "websocket", "level": "DEBUG", "msg": "ws_heartbeat", "data": {"latency_ms": 0}}
{"ts": "2026-05-10T14:24:28.500686+00:00", "channel": "websocket", "level": "DEBUG", "msg": "ws_heartbeat", "data": {"latency_ms": 0}}
{"ts": "2026-05-10T14:24:58.501341+00:00", "channel": "websocket", "level": "DEBUG", "msg": "ws_heartbeat", "data": {"latency_ms": 0}}
{"ts": "2026-05-10T14:25:28.500511+00:00", "channel": "websocket", "level": "DEBUG", "msg": "ws_heartbeat", "data": {"latency_ms": 0}}
{"ts": "2026-05-10T14:25:58.503470+00:00", "channel": "websocket", "level": "DEBUG", "msg": "ws_heartbeat", "data": {"latency_ms": 0}}
{"ts": "2026-05-10T14:26:28.505177+00:00", "channel": "websocket", "level": "DEBUG", "msg": "ws_heartbeat", "data": {"latency_ms": 0}}
{"ts": "2026-05-10T14:26:58.508483+00:00", "channel": "websocket", "level": "DEBUG", "msg": "ws_heartbeat", "data": {"latency_ms": 0}}
{"ts": "2026-05-10T14:27:28.507117+00:00", "channel": "websocket", "level": "DEBUG", "msg": "ws_heartbeat", "data": {"latency_ms": 0}}
{"ts": "2026-05-10T14:27:58.516205+00:00", "channel": "websocket", "level": "DEBUG", "msg": "ws_heartbeat", "data": {"latency_ms": 0}}
{"ts": "2026-05-10T14:28:28.513319+00:00", "channel": "websocket", "level": "DEBUG", "msg": "ws_heartbeat", "data": {"latency_ms": 0}}
{"ts": "2026-05-10T14:28:58.513119+00:00", "channel": "websocket", "level": "DEBUG", "msg": "ws_heartbeat", "data": {"latency_ms": 0}}
{"ts": "2026-05-10T14:29:28.519079+00:00", "channel": "websocket", "level": "DEBUG", "msg": "ws_heartbeat", "data": {"latency_ms": 0}}
{"ts": "2026-05-10T14:29:58.514493+00:00", "channel": "websocket", "level": "DEBUG", "msg": "ws_heartbeat", "data": {"latency_ms": 0}}
{"ts": "2026-05-10T14:30:28.540487+00:00", "channel": "websocket", "level": "DEBUG", "msg": "ws_heartbeat", "data": {"latency_ms": 0}}
{"ts": "2026-05-10T14:30:58.518249+00:00", "channel": "websocket", "level": "DEBUG", "msg": "ws_heartbeat", "data": {"latency_ms": 0}}
{"ts": "2026-05-10T14:31:28.521036+00:00", "channel": "websocket", "level": "DEBUG", "msg": "ws_heartbeat", "data": {"latency_ms": 0}}
{"ts": "2026-05-10T14:31:58.524901+00:00", "channel": "websocket", "level": "DEBUG", "msg": "ws_heartbeat", "data": {"latency_ms": 0}}
{"ts": "2026-05-10T14:32:28.529168+00:00", "channel": "websocket", "level": "DEBUG", "msg": "ws_heartbeat", "data": {"latency_ms": 0}}
{"ts": "2026-05-10T14:32:58.525941+00:00", "channel": "websocket", "level": "DEBUG", "msg": "ws_heartbeat", "data": {"latency_ms": 0}}
{"ts": "2026-05-10T14:33:28.536685+00:00", "channel": "websocket", "level": "DEBUG", "msg": "ws_heartbeat", "data": {"latency_ms": 0}}
{"ts": "2026-05-10T14:33:58.528147+00:00", "channel": "websocket", "level": "DEBUG", "msg": "ws_heartbeat", "data": {"latency_ms": 0}}
{"ts": "2026-05-10T14:34:28.530915+00:00", "channel": "websocket", "level": "DEBUG", "msg": "ws_heartbeat", "data": {"latency_ms": 0}}
{"ts": "2026-05-10T14:34:58.533747+00:00", "channel": "websocket", "level": "DEBUG", "msg": "ws_heartbeat", "data": {"latency_ms": 0}}
{"ts": "2026-05-10T14:35:28.536910+00:00", "channel": "websocket", "level": "DEBUG", "msg": "ws_heartbeat", "data": {"latency_ms": 0}}
{"ts": "2026-05-10T14:35:58.538194+00:00", "channel": "websocket", "level": "DEBUG", "msg": "ws_heartbeat", "data": {"latency_ms": 0}}
{"ts": "2026-05-10T14:36:28.549844+00:00", "channel": "websocket", "level": "DEBUG", "msg": "ws_heartbeat", "data": {"latency_ms": 0}}
{"ts": "2026-05-10T14:36:58.539333+00:00", "channel": "websocket", "level": "DEBUG", "msg": "ws_heartbeat", "data": {"latency_ms": 0}}
{"ts": "2026-05-10T14:37:28.563936+00:00", "channel": "websocket", "level": "DEBUG", "msg": "ws_heartbeat", "data": {"latency_ms": 0}}
{"ts": "2026-05-10T14:37:58.541855+00:00", "channel": "websocket", "level": "DEBUG", "msg": "ws_heartbeat", "data": {"latency_ms": 0}}
{"ts": "2026-05-10T14:38:28.543415+00:00", "channel": "websocket", "level": "DEBUG", "msg": "ws_heartbeat", "data": {"latency_ms": 0}}
{"ts": "2026-05-10T14:38:58.543846+00:00", "channel": "websocket", "level": "DEBUG", "msg": "ws_heartbeat", "data": {"latency_ms": 0}}
{"ts": "2026-05-10T14:39:28.564624+00:00", "channel": "websocket", "level": "DEBUG", "msg": "ws_heartbeat", "data": {"latency_ms": 0}}
{"ts": "2026-05-10T14:39:58.550884+00:00", "channel": "websocket", "level": "DEBUG", "msg": "ws_heartbeat", "data": {"latency_ms": 0}}
{"ts": "2026-05-10T14:40:28.549310+00:00", "channel": "websocket", "level": "DEBUG", "msg": "ws_heartbeat", "data": {"latency_ms": 0}}
{"ts": "2026-05-10T14:40:58.580763+00:00", "channel": "websocket", "level": "DEBUG", "msg": "ws_heartbeat", "data": {"latency_ms": 0}}
{"ts": "2026-05-10T14:41:28.551723+00:00", "channel": "websocket", "level": "DEBUG", "msg": "ws_heartbeat", "data": {"latency_ms": 0}}
{"ts": "2026-05-10T14:41:58.551575+00:00", "channel": "websocket", "level": "DEBUG", "msg": "ws_heartbeat", "data": {"latency_ms": 0}}
{"ts": "2026-05-10T14:42:28.553690+00:00", "channel": "websocket", "level": "DEBUG", "msg": "ws_heartbeat", "data": {"latency_ms": 0}}
{"ts": "2026-05-10T14:42:58.681996+00:00", "channel": "websocket", "level": "DEBUG", "msg": "ws_heartbeat", "data": {"latency_ms": 0}}
{"ts": "2026-05-10T14:43:28.594274+00:00", "channel": "websocket", "level": "DEBUG", "msg": "ws_heartbeat", "data": {"latency_ms": 0}}
{"ts": "2026-05-10T14:43:58.556323+00:00", "channel": "websocket", "level": "DEBUG", "msg": "ws_heartbeat", "data": {"latency_ms": 0}}
{"ts": "2026-05-10T14:44:28.558870+00:00", "channel": "websocket", "level": "DEBUG", "msg": "ws_heartbeat", "data": {"latency_ms": 0}}
{"ts": "2026-05-10T14:44:58.559603+00:00", "channel": "websocket", "level": "DEBUG", "msg": "ws_heartbeat", "data": {"latency_ms": 0}}
{"ts": "2026-05-10T14:45:28.559364+00:00", "channel": "websocket", "level": "DEBUG", "msg": "ws_heartbeat", "data": {"latency_ms": 0}}
{"ts": "2026-05-10T14:45:58.561133+00:00", "channel": "websocket", "level": "DEBUG", "msg": "ws_heartbeat", "data": {"latency_ms": 0}}
{"ts": "2026-05-10T14:46:28.561405+00:00", "channel": "websocket", "level": "DEBUG", "msg": "ws_heartbeat", "data": {"latency_ms": 0}}
{"ts": "2026-05-10T14:46:58.563478+00:00", "channel": "websocket", "level": "DEBUG", "msg": "ws_heartbeat", "data": {"latency_ms": 0}}
{"ts": "2026-05-10T14:47:28.582061+00:00", "channel": "websocket", "level": "DEBUG", "msg": "ws_heartbeat", "data": {"latency_ms": 0}}
{"ts": "2026-05-10T14:47:58.572403+00:00", "channel": "websocket", "level": "DEBUG", "msg": "ws_heartbeat", "data": {"latency_ms": 0}}
{"ts": "2026-05-10T14:48:28.569565+00:00", "channel": "websocket", "level": "DEBUG", "msg": "ws_heartbeat", "data": {"latency_ms": 0}}
{"ts": "2026-05-10T14:48:58.572293+00:00", "channel": "websocket", "level": "DEBUG", "msg": "ws_heartbeat", "data": {"latency_ms": 0}}
{"ts": "2026-05-10T14:49:28.573964+00:00", "channel": "websocket", "level": "DEBUG", "msg": "ws_heartbeat", "data": {"latency_ms": 0}}
{"ts": "2026-05-10T14:49:58.573530+00:00", "channel": "websocket", "level": "DEBUG", "msg": "ws_heartbeat", "data": {"latency_ms": 0}}
{"ts": "2026-05-10T14:50:28.577860+00:00", "channel": "websocket", "level": "DEBUG", "msg": "ws_heartbeat", "data": {"latency_ms": 0}}
{"ts": "2026-05-10T14:50:58.577980+00:00", "channel": "websocket", "level": "DEBUG", "msg": "ws_heartbeat", "data": {"latency_ms": 0}}
{"ts": "2026-05-10T14:51:28.652426+00:00", "channel": "websocket", "level": "DEBUG", "msg": "ws_heartbeat", "data": {"latency_ms": 0}}
{"ts": "2026-05-10T14:51:58.580780+00:00", "channel": "websocket", "level": "DEBUG", "msg": "ws_heartbeat", "data": {"latency_ms": 0}}
{"ts": "2026-05-10T14:52:28.582143+00:00", "channel": "websocket", "level": "DEBUG", "msg": "ws_heartbeat", "data": {"latency_ms": 0}}
{"ts": "2026-05-10T14:52:58.591553+00:00", "channel": "websocket", "level": "DEBUG", "msg": "ws_heartbeat", "data": {"latency_ms": 0}}
{"ts": "2026-05-10T14:53:28.584641+00:00", "channel": "websocket", "level": "DEBUG", "msg": "ws_heartbeat", "data": {"latency_ms": 0}}
{"ts": "2026-05-10T14:53:58.585036+00:00", "channel": "websocket", "level": "DEBUG", "msg": "ws_heartbeat", "data": {"latency_ms": 0}}
{"ts": "2026-05-10T14:54:28.586680+00:00", "channel": "websocket", "level": "DEBUG", "msg": "ws_heartbeat", "data": {"latency_ms": 0}}
{"ts": "2026-05-10T14:54:58.585508+00:00", "channel": "websocket", "level": "DEBUG", "msg": "ws_heartbeat", "data": {"latency_ms": 0}}
{"ts": "2026-05-10T14:55:28.592452+00:00", "channel": "websocket", "level": "DEBUG", "msg": "ws_heartbeat", "data": {"latency_ms": 0}}
{"ts": "2026-05-10T14:55:58.586562+00:00", "channel": "websocket", "level": "DEBUG", "msg": "ws_heartbeat", "data": {"latency_ms": 0}}
{"ts": "2026-05-10T14:56:28.591229+00:00", "channel": "websocket", "level": "DEBUG", "msg": "ws_heartbeat", "data": {"latency_ms": 0}}
{"ts": "2026-05-10T14:56:58.586290+00:00", "channel": "websocket", "level": "DEBUG", "msg": "ws_heartbeat", "data": {"latency_ms": 0}}
{"ts": "2026-05-10T14:57:28.588374+00:00", "channel": "websocket", "level": "DEBUG", "msg": "ws_heartbeat", "data": {"latency_ms": 0}}
{"ts": "2026-05-10T14:57:58.592944+00:00", "channel": "websocket", "level": "DEBUG", "msg": "ws_heartbeat", "data": {"latency_ms": 0}}
{"ts": "2026-05-10T14:58:28.597351+00:00", "channel": "websocket", "level": "DEBUG", "msg": "ws_heartbeat", "data": {"latency_ms": 0}}
{"ts": "2026-05-10T14:58:58.592220+00:00", "channel": "websocket", "level": "DEBUG", "msg": "ws_heartbeat", "data": {"latency_ms": 0}}
{"ts": "2026-05-10T14:59:28.594159+00:00", "channel": "websocket", "level": "DEBUG", "msg": "ws_heartbeat", "data": {"latency_ms": 0}}
{"ts": "2026-05-10T14:59:58.596544+00:00", "channel": "websocket", "level": "DEBUG", "msg": "ws_heartbeat", "data": {"latency_ms": 0}}
{"ts": "2026-05-10T15:00:28.598301+00:00", "channel": "websocket", "level": "DEBUG", "msg": "ws_heartbeat", "data": {"latency_ms": 0}}
{"ts": "2026-05-10T15:00:58.600872+00:00", "channel": "websocket", "level": "DEBUG", "msg": "ws_heartbeat", "data": {"latency_ms": 0}}
{"ts": "2026-05-10T15:01:28.600386+00:00", "channel": "websocket", "level": "DEBUG", "msg": "ws_heartbeat", "data": {"latency_ms": 0}}
{"ts": "2026-05-10T15:01:58.601978+00:00", "channel": "websocket", "level": "DEBUG", "msg": "ws_heartbeat", "data": {"latency_ms": 0}}
{"ts": "2026-05-10T15:02:28.604258+00:00", "channel": "websocket", "level": "DEBUG", "msg": "ws_heartbeat", "data": {"latency_ms": 0}}
{"ts": "2026-05-10T15:02:58.605529+00:00", "channel": "websocket", "level": "DEBUG", "msg": "ws_heartbeat", "data": {"latency_ms": 0}}
{"ts": "2026-05-10T15:03:28.605872+00:00", "channel": "websocket", "level": "DEBUG", "msg": "ws_heartbeat", "data": {"latency_ms": 0}}
{"ts": "2026-05-10T15:03:58.608033+00:00", "channel": "websocket", "level": "DEBUG", "msg": "ws_heartbeat", "data": {"latency_ms": 0}}
{"ts": "2026-05-10T15:04:28.607609+00:00", "channel": "websocket", "level": "DEBUG", "msg": "ws_heartbeat", "data": {"latency_ms": 0}}
{"ts": "2026-05-10T15:04:58.609504+00:00", "channel": "websocket", "level": "DEBUG", "msg": "ws_heartbeat", "data": {"latency_ms": 0}}
{"ts": "2026-05-10T15:05:28.612338+00:00", "channel": "websocket", "level": "DEBUG", "msg": "ws_heartbeat", "data": {"latency_ms": 0}}
{"ts": "2026-05-10T15:05:58.613528+00:00", "channel": "websocket", "level": "DEBUG", "msg": "ws_heartbeat", "data": {"latency_ms": 0}}
{"ts": "2026-05-10T15:06:28.616149+00:00", "channel": "websocket", "level": "DEBUG", "msg": "ws_heartbeat", "data": {"latency_ms": 0}}
{"ts": "2026-05-10T15:06:58.617061+00:00", "channel": "websocket", "level": "DEBUG", "msg": "ws_heartbeat", "data": {"latency_ms": 0}}
{"ts": "2026-05-10T15:07:28.621081+00:00", "channel": "websocket", "level": "DEBUG", "msg": "ws_heartbeat", "data": {"latency_ms": 0}}
{"ts": "2026-05-10T15:07:58.618468+00:00", "channel": "websocket", "level": "DEBUG", "msg": "ws_heartbeat", "data": {"latency_ms": 0}}
{"ts": "2026-05-10T15:08:28.686194+00:00", "channel": "websocket", "level": "DEBUG", "msg": "ws_heartbeat", "data": {"latency_ms": 0}}
{"ts": "2026-05-10T15:08:58.620081+00:00", "channel": "websocket", "level": "DEBUG", "msg": "ws_heartbeat", "data": {"latency_ms": 0}}
{"ts": "2026-05-10T15:09:28.650133+00:00", "channel": "websocket", "level": "DEBUG", "msg": "ws_heartbeat", "data": {"latency_ms": 0}}
{"ts": "2026-05-10T15:09:58.624704+00:00", "channel": "websocket", "level": "DEBUG", "msg": "ws_heartbeat", "data": {"latency_ms": 0}}
{"ts": "2026-05-10T15:10:28.636405+00:00", "channel": "websocket", "level": "DEBUG", "msg": "ws_heartbeat", "data": {"latency_ms": 0}}
{"ts": "2026-05-10T15:10:58.626927+00:00", "channel": "websocket", "level": "DEBUG", "msg": "ws_heartbeat", "data": {"latency_ms": 0}}
{"ts": "2026-05-10T15:11:28.628242+00:00", "channel": "websocket", "level": "DEBUG", "msg": "ws_heartbeat", "data": {"latency_ms": 0}}
{"ts": "2026-05-10T15:11:58.630315+00:00", "channel": "websocket", "level": "DEBUG", "msg": "ws_heartbeat", "data": {"latency_ms": 0}}
{"ts": "2026-05-10T15:12:28.630753+00:00", "channel": "websocket", "level": "DEBUG", "msg": "ws_heartbeat", "data": {"latency_ms": 0}}
{"ts": "2026-05-10T15:12:58.660172+00:00", "channel": "websocket", "level": "DEBUG", "msg": "ws_heartbeat", "data": {"latency_ms": 0}}
{"ts": "2026-05-10T15:13:28.634960+00:00", "channel": "websocket", "level": "DEBUG", "msg": "ws_heartbeat", "data": {"latency_ms": 0}}
{"ts": "2026-05-10T15:13:58.634008+00:00", "channel": "websocket", "level": "DEBUG", "msg": "ws_heartbeat", "data": {"latency_ms": 0}}
{"ts": "2026-05-10T15:14:28.635889+00:00", "channel": "websocket", "level": "DEBUG", "msg": "ws_heartbeat", "data": {"latency_ms": 0}}
{"ts": "2026-05-10T15:14:58.636959+00:00", "channel": "websocket", "level": "DEBUG", "msg": "ws_heartbeat", "data": {"latency_ms": 0}}
{"ts": "2026-05-10T15:15:28.644160+00:00", "channel": "websocket", "level": "DEBUG", "msg": "ws_heartbeat", "data": {"latency_ms": 0}}
{"ts": "2026-05-10T15:15:58.637913+00:00", "channel": "websocket", "level": "DEBUG", "msg": "ws_heartbeat", "data": {"latency_ms": 0}}
{"ts": "2026-05-10T15:16:28.638390+00:00", "channel": "websocket", "level": "DEBUG", "msg": "ws_heartbeat", "data": {"latency_ms": 0}}
{"ts": "2026-05-10T15:16:58.639546+00:00", "channel": "websocket", "level": "DEBUG", "msg": "ws_heartbeat", "data": {"latency_ms": 0}}
{"ts": "2026-05-10T15:17:28.638501+00:00", "channel": "websocket", "level": "DEBUG", "msg": "ws_heartbeat", "data": {"latency_ms": 0}}
{"ts": "2026-05-10T15:17:58.640270+00:00", "channel": "websocket", "level": "DEBUG", "msg": "ws_heartbeat", "data": {"latency_ms": 0}}
{"ts": "2026-05-10T15:18:28.643437+00:00", "channel": "websocket", "level": "DEBUG", "msg": "ws_heartbeat", "data": {"latency_ms": 0}}
{"ts": "2026-05-10T15:18:58.642986+00:00", "channel": "websocket", "level": "DEBUG", "msg": "ws_heartbeat", "data": {"latency_ms": 0}}
{"ts": "2026-05-10T15:19:28.644134+00:00", "channel": "websocket", "level": "DEBUG", "msg": "ws_heartbeat", "data": {"latency_ms": 0}}
{"ts": "2026-05-10T15:19:58.644406+00:00", "channel": "websocket", "level": "DEBUG", "msg": "ws_heartbeat", "data": {"latency_ms": 0}}
{"ts": "2026-05-10T15:20:28.650427+00:00", "channel": "websocket", "level": "DEBUG", "msg": "ws_heartbeat", "data": {"latency_ms": 0}}
{"ts": "2026-05-10T15:20:58.649677+00:00", "channel": "websocket", "level": "DEBUG", "msg": "ws_heartbeat", "data": {"latency_ms": 0}}
{"ts": "2026-05-10T15:21:28.657717+00:00", "channel": "websocket", "level": "DEBUG", "msg": "ws_heartbeat", "data": {"latency_ms": 0}}
{"ts": "2026-05-10T15:21:58.651833+00:00", "channel": "websocket", "level": "DEBUG", "msg": "ws_heartbeat", "data": {"latency_ms": 0}}
{"ts": "2026-05-10T15:22:28.654914+00:00", "channel": "websocket", "level": "DEBUG", "msg": "ws_heartbeat", "data": {"latency_ms": 0}}
{"ts": "2026-05-10T15:22:58.655047+00:00", "channel": "websocket", "level": "DEBUG", "msg": "ws_heartbeat", "data": {"latency_ms": 0}}
{"ts": "2026-05-10T15:23:28.654700+00:00", "channel": "websocket", "level": "DEBUG", "msg": "ws_heartbeat", "data": {"latency_ms": 0}}
{"ts": "2026-05-10T15:23:58.656392+00:00", "channel": "websocket", "level": "DEBUG", "msg": "ws_heartbeat", "data": {"latency_ms": 0}}
{"ts": "2026-05-10T15:24:28.659694+00:00", "channel": "websocket", "level": "DEBUG", "msg": "ws_heartbeat", "data": {"latency_ms": 0}}
{"ts": "2026-05-10T15:24:58.679704+00:00", "channel": "websocket", "level": "DEBUG", "msg": "ws_heartbeat", "data": {"latency_ms": 0}}
{"ts": "2026-05-10T15:25:28.660929+00:00", "channel": "websocket", "level": "DEBUG", "msg": "ws_heartbeat", "data": {"latency_ms": 0}}
{"ts": "2026-05-10T15:25:53.911373+00:00", "channel": "websocket", "level": "WARNING", "msg": "ws_disconnect", "data": {"socket_id": "rILdDnr4Jp_dEQCQAAAE", "reason": "socket.io_disconnect", "total_disconnections": 31}}
{"ts": "2026-05-10T15:25:53.911518+00:00", "channel": "websocket", "level": "WARNING", "msg": "ws_disconnect", "data": {"socket_id": "nx7rp-HGl8u4XUg7AAAG", "reason": "socket.io_disconnect", "total_disconnections": 11}}
{"ts": "2026-05-10T15:25:59.932339+00:00", "channel": "websocket", "level": "INFO", "msg": "ws_backoff", "data": {"delay_s": 10, "attempt": 12}}
{"ts": "2026-05-10T15:25:59.932372+00:00", "channel": "websocket", "level": "INFO", "msg": "ws_backoff", "data": {"delay_s": 10, "attempt": 32}}
{"ts": "2026-05-10T15:26:00.383465+00:00", "channel": "websocket", "level": "INFO", "msg": "ws_connect", "data": {"socket_id": "jip_qZFmFUC_yH_bAAAA", "ip": "https://ibrahim-backend-production.up.railway.app"}}
{"ts": "2026-05-10T15:26:00.393518+00:00", "channel": "websocket", "level": "INFO", "msg": "ws_connect", "data": {"socket_id": "eG6y__4SHmeCLCoTAAAB", "ip": "https://ibrahim-backend-production.up.railway.app"}}
{"ts": "2026-05-10T15:26:30.089316+00:00", "channel": "websocket", "level": "DEBUG", "msg": "ws_heartbeat", "data": {"latency_ms": 0}}
{"ts": "2026-05-10T15:27:00.086782+00:00", "channel": "websocket", "level": "DEBUG", "msg": "ws_heartbeat", "data": {"latency_ms": 0}}
{"ts": "2026-05-10T15:27:30.095652+00:00", "channel": "websocket", "level": "DEBUG", "msg": "ws_heartbeat", "data": {"latency_ms": 0}}
{"ts": "2026-05-10T15:28:00.126606+00:00", "channel": "websocket", "level": "DEBUG", "msg": "ws_heartbeat", "data": {"latency_ms": 0}}
{"ts": "2026-05-10T15:28:30.098961+00:00", "channel": "websocket", "level": "DEBUG", "msg": "ws_heartbeat", "data": {"latency_ms": 0}}
{"ts": "2026-05-10T15:29:00.094223+00:00", "channel": "websocket", "level": "DEBUG", "msg": "ws_heartbeat", "data": {"latency_ms": 0}}
{"ts": "2026-05-10T15:29:30.095951+00:00", "channel": "websocket", "level": "DEBUG", "msg": "ws_heartbeat", "data": {"latency_ms": 0}}
{"ts": "2026-05-10T15:30:00.097673+00:00", "channel": "websocket", "level": "DEBUG", "msg": "ws_heartbeat", "data": {"latency_ms": 0}}
{"ts": "2026-05-10T15:30:30.095810+00:00", "channel": "websocket", "level": "DEBUG", "msg": "ws_heartbeat", "data": {"latency_ms": 0}}
{"ts": "2026-05-10T15:31:00.120570+00:00", "channel": "websocket", "level": "DEBUG", "msg": "ws_heartbeat", "data": {"latency_ms": 0}}
{"ts": "2026-05-10T15:31:30.100435+00:00", "channel": "websocket", "level": "DEBUG", "msg": "ws_heartbeat", "data": {"latency_ms": 0}}
{"ts": "2026-05-10T15:32:00.098001+00:00", "channel": "websocket", "level": "DEBUG", "msg": "ws_heartbeat", "data": {"latency_ms": 0}}
{"ts": "2026-05-10T15:32:30.099264+00:00", "channel": "websocket", "level": "DEBUG", "msg": "ws_heartbeat", "data": {"latency_ms": 0}}
{"ts": "2026-05-10T15:33:00.110892+00:00", "channel": "websocket", "level": "DEBUG", "msg": "ws_heartbeat", "data": {"latency_ms": 0}}
{"ts": "2026-05-10T15:33:30.102320+00:00", "channel": "websocket", "level": "DEBUG", "msg": "ws_heartbeat", "data": {"latency_ms": 0}}
{"ts": "2026-05-10T15:34:00.105165+00:00", "channel": "websocket", "level": "DEBUG", "msg": "ws_heartbeat", "data": {"latency_ms": 0}}
{"ts": "2026-05-10T15:34:30.103721+00:00", "channel": "websocket", "level": "DEBUG", "msg": "ws_heartbeat", "data": {"latency_ms": 0}}
{"ts": "2026-05-10T15:35:00.114206+00:00", "channel": "websocket", "level": "DEBUG", "msg": "ws_heartbeat", "data": {"latency_ms": 0}}
{"ts": "2026-05-10T15:35:14.233091+00:00", "channel": "websocket", "level": "WARNING", "msg": "ws_disconnect", "data": {"socket_id": "jip_qZFmFUC_yH_bAAAA", "reason": "socket.io_disconnect", "total_disconnections": 32}}
{"ts": "2026-05-10T15:35:14.234465+00:00", "channel": "websocket", "level": "WARNING", "msg": "ws_disconnect", "data": {"socket_id": "eG6y__4SHmeCLCoTAAAB", "reason": "socket.io_disconnect", "total_disconnections": 12}}
{"ts": "2026-05-10T15:35:20.251588+00:00", "channel": "websocket", "level": "INFO", "msg": "ws_backoff", "data": {"delay_s": 10, "attempt": 13}}
{"ts": "2026-05-10T15:35:20.251740+00:00", "channel": "websocket", "level": "INFO", "msg": "ws_backoff", "data": {"delay_s": 10, "attempt": 33}}
{"ts": "2026-05-10T15:35:20.759449+00:00", "channel": "websocket", "level": "INFO", "msg": "ws_connect", "data": {"socket_id": "ynjXyg8Oz2mf-rvOAAAA", "ip": "https://ibrahim-backend-production.up.railway.app"}}
{"ts": "2026-05-10T15:35:20.760463+00:00", "channel": "websocket", "level": "INFO", "msg": "ws_connect", "data": {"socket_id": "OSyi8wufXd2E1wJlAAAB", "ip": "https://ibrahim-backend-production.up.railway.app"}}
{"ts": "2026-05-10T15:35:50.460372+00:00", "channel": "websocket", "level": "DEBUG", "msg": "ws_heartbeat", "data": {"latency_ms": 0}}
{"ts": "2026-05-10T15:36:20.460697+00:00", "channel": "websocket", "level": "DEBUG", "msg": "ws_heartbeat", "data": {"latency_ms": 0}}
{"ts": "2026-05-10T15:36:50.455947+00:00", "channel": "websocket", "level": "DEBUG", "msg": "ws_heartbeat", "data": {"latency_ms": 0}}
{"ts": "2026-05-10T15:37:20.461324+00:00", "channel": "websocket", "level": "DEBUG", "msg": "ws_heartbeat", "data": {"latency_ms": 0}}
{"ts": "2026-05-10T15:37:50.458740+00:00", "channel": "websocket", "level": "DEBUG", "msg": "ws_heartbeat", "data": {"latency_ms": 0}}
{"ts": "2026-05-10T15:38:20.458158+00:00", "channel": "websocket", "level": "DEBUG", "msg": "ws_heartbeat", "data": {"latency_ms": 0}}
{"ts": "2026-05-10T15:38:50.467037+00:00", "channel": "websocket", "level": "DEBUG", "msg": "ws_heartbeat", "data": {"latency_ms": 0}}
{"ts": "2026-05-10T15:39:20.460796+00:00", "channel": "websocket", "level": "DEBUG", "msg": "ws_heartbeat", "data": {"latency_ms": 0}}
{"ts": "2026-05-10T15:39:50.460780+00:00", "channel": "websocket", "level": "DEBUG", "msg": "ws_heartbeat", "data": {"latency_ms": 0}}
{"ts": "2026-05-10T15:40:20.460413+00:00", "channel": "websocket", "level": "DEBUG", "msg": "ws_heartbeat", "data": {"latency_ms": 0}}
{"ts": "2026-05-10T15:40:50.461743+00:00", "channel": "websocket", "level": "DEBUG", "msg": "ws_heartbeat", "data": {"latency_ms": 0}}
{"ts": "2026-05-10T15:41:20.465988+00:00", "channel": "websocket", "level": "DEBUG", "msg": "ws_heartbeat", "data": {"latency_ms": 0}}
{"ts": "2026-05-10T15:41:50.463391+00:00", "channel": "websocket", "level": "DEBUG", "msg": "ws_heartbeat", "data": {"latency_ms": 0}}
{"ts": "2026-05-10T15:42:20.464486+00:00", "channel": "websocket", "level": "DEBUG", "msg": "ws_heartbeat", "data": {"latency_ms": 0}}
{"ts": "2026-05-10T15:42:50.465887+00:00", "channel": "websocket", "level": "DEBUG", "msg": "ws_heartbeat", "data": {"latency_ms": 0}}
{"ts": "2026-05-10T15:43:20.465995+00:00", "channel": "websocket", "level": "DEBUG", "msg": "ws_heartbeat", "data": {"latency_ms": 0}}
{"ts": "2026-05-10T15:43:50.468656+00:00", "channel": "websocket", "level": "DEBUG", "msg": "ws_heartbeat", "data": {"latency_ms": 0}}
{"ts": "2026-05-10T15:44:20.470461+00:00", "channel": "websocket", "level": "DEBUG", "msg": "ws_heartbeat", "data": {"latency_ms": 0}}
{"ts": "2026-05-10T15:44:50.471127+00:00", "channel": "websocket", "level": "DEBUG", "msg": "ws_heartbeat", "data": {"latency_ms": 0}}
{"ts": "2026-05-10T15:45:20.471588+00:00", "channel": "websocket", "level": "DEBUG", "msg": "ws_heartbeat", "data": {"latency_ms": 0}}
{"ts": "2026-05-10T15:45:50.475102+00:00", "channel": "websocket", "level": "DEBUG", "msg": "ws_heartbeat", "data": {"latency_ms": 0}}
{"ts": "2026-05-10T15:46:20.500279+00:00", "channel": "websocket", "level": "DEBUG", "msg": "ws_heartbeat", "data": {"latency_ms": 0}}
{"ts": "2026-05-10T15:46:50.475096+00:00", "channel": "websocket", "level": "DEBUG", "msg": "ws_heartbeat", "data": {"latency_ms": 0}}
{"ts": "2026-05-10T15:47:20.474566+00:00", "channel": "websocket", "level": "DEBUG", "msg": "ws_heartbeat", "data": {"latency_ms": 0}}
{"ts": "2026-05-10T15:47:50.474775+00:00", "channel": "websocket", "level": "DEBUG", "msg": "ws_heartbeat", "data": {"latency_ms": 0}}
{"ts": "2026-05-10T15:48:20.485289+00:00", "channel": "websocket", "level": "DEBUG", "msg": "ws_heartbeat", "data": {"latency_ms": 0}}
{"ts": "2026-05-10T15:48:50.475553+00:00", "channel": "websocket", "level": "DEBUG", "msg": "ws_heartbeat", "data": {"latency_ms": 0}}
{"ts": "2026-05-10T15:49:20.475582+00:00", "channel": "websocket", "level": "DEBUG", "msg": "ws_heartbeat", "data": {"latency_ms": 0}}
{"ts": "2026-05-10T15:49:50.482655+00:00", "channel": "websocket", "level": "DEBUG", "msg": "ws_heartbeat", "data": {"latency_ms": 0}}
{"ts": "2026-05-10T15:50:20.481050+00:00", "channel": "websocket", "level": "DEBUG", "msg": "ws_heartbeat", "data": {"latency_ms": 0}}
{"ts": "2026-05-10T15:50:50.480660+00:00", "channel": "websocket", "level": "DEBUG", "msg": "ws_heartbeat", "data": {"latency_ms": 0}}
{"ts": "2026-05-10T15:51:20.481599+00:00", "channel": "websocket", "level": "DEBUG", "msg": "ws_heartbeat", "data": {"latency_ms": 0}}
{"ts": "2026-05-10T15:51:50.484509+00:00", "channel": "websocket", "level": "DEBUG", "msg": "ws_heartbeat", "data": {"latency_ms": 0}}
{"ts": "2026-05-10T15:52:20.484064+00:00", "channel": "websocket", "level": "DEBUG", "msg": "ws_heartbeat", "data": {"latency_ms": 0}}
{"ts": "2026-05-10T15:52:50.485390+00:00", "channel": "websocket", "level": "DEBUG", "msg": "ws_heartbeat", "data": {"latency_ms": 0}}
{"ts": "2026-05-10T15:53:20.487833+00:00", "channel": "websocket", "level": "DEBUG", "msg": "ws_heartbeat", "data": {"latency_ms": 0}}
{"ts": "2026-05-10T15:53:50.497609+00:00", "channel": "websocket", "level": "DEBUG", "msg": "ws_heartbeat", "data": {"latency_ms": 0}}
{"ts": "2026-05-10T15:54:20.491912+00:00", "channel": "websocket", "level": "DEBUG", "msg": "ws_heartbeat", "data": {"latency_ms": 0}}
{"ts": "2026-05-10T15:54:50.506012+00:00", "channel": "websocket", "level": "DEBUG", "msg": "ws_heartbeat", "data": {"latency_ms": 0}}
{"ts": "2026-05-10T15:55:20.498880+00:00", "channel": "websocket", "level": "DEBUG", "msg": "ws_heartbeat", "data": {"latency_ms": 0}}
{"ts": "2026-05-10T15:55:50.502745+00:00", "channel": "websocket", "level": "DEBUG", "msg": "ws_heartbeat", "data": {"latency_ms": 0}}
{"ts": "2026-05-10T15:56:20.506591+00:00", "channel": "websocket", "level": "DEBUG", "msg": "ws_heartbeat", "data": {"latency_ms": 0}}
{"ts": "2026-05-10T15:56:50.500013+00:00", "channel": "websocket", "level": "DEBUG", "msg": "ws_heartbeat", "data": {"latency_ms": 0}}
{"ts": "2026-05-10T15:57:20.499566+00:00", "channel": "websocket", "level": "DEBUG", "msg": "ws_heartbeat", "data": {"latency_ms": 0}}
{"ts": "2026-05-10T15:57:50.502571+00:00", "channel": "websocket", "level": "DEBUG", "msg": "ws_heartbeat", "data": {"latency_ms": 0}}
{"ts": "2026-05-10T15:58:20.501997+00:00", "channel": "websocket", "level": "DEBUG", "msg": "ws_heartbeat", "data": {"latency_ms": 0}}
{"ts": "2026-05-10T15:58:50.504594+00:00", "channel": "websocket", "level": "DEBUG", "msg": "ws_heartbeat", "data": {"latency_ms": 0}}
{"ts": "2026-05-10T15:59:20.508461+00:00", "channel": "websocket", "level": "DEBUG", "msg": "ws_heartbeat", "data": {"latency_ms": 0}}
{"ts": "2026-05-10T15:59:50.508184+00:00", "channel": "websocket", "level": "DEBUG", "msg": "ws_heartbeat", "data": {"latency_ms": 0}}
{"ts": "2026-05-10T16:00:20.509474+00:00", "channel": "websocket", "level": "DEBUG", "msg": "ws_heartbeat", "data": {"latency_ms": 0}}
{"ts": "2026-05-10T16:00:50.510617+00:00", "channel": "websocket", "level": "DEBUG", "msg": "ws_heartbeat", "data": {"latency_ms": 0}}
{"ts": "2026-05-10T16:01:20.511829+00:00", "channel": "websocket", "level": "DEBUG", "msg": "ws_heartbeat", "data": {"latency_ms": 0}}
{"ts": "2026-05-10T16:01:50.513263+00:00", "channel": "websocket", "level": "DEBUG", "msg": "ws_heartbeat", "data": {"latency_ms": 0}}
{"ts": "2026-05-10T16:02:20.529184+00:00", "channel": "websocket", "level": "DEBUG", "msg": "ws_heartbeat", "data": {"latency_ms": 0}}
{"ts": "2026-05-10T16:02:50.521718+00:00", "channel": "websocket", "level": "DEBUG", "msg": "ws_heartbeat", "data": {"latency_ms": 0}}
{"ts": "2026-05-10T16:03:20.517425+00:00", "channel": "websocket", "level": "DEBUG", "msg": "ws_heartbeat", "data": {"latency_ms": 0}}
{"ts": "2026-05-10T16:03:50.523421+00:00", "channel": "websocket", "level": "DEBUG", "msg": "ws_heartbeat", "data": {"latency_ms": 0}}
{"ts": "2026-05-10T16:04:20.521442+00:00", "channel": "websocket", "level": "DEBUG", "msg": "ws_heartbeat", "data": {"latency_ms": 0}}
{"ts": "2026-05-10T16:04:50.522132+00:00", "channel": "websocket", "level": "DEBUG", "msg": "ws_heartbeat", "data": {"latency_ms": 0}}
{"ts": "2026-05-10T16:05:20.522425+00:00", "channel": "websocket", "level": "DEBUG", "msg": "ws_heartbeat", "data": {"latency_ms": 0}}
{"ts": "2026-05-10T16:05:50.526391+00:00", "channel": "websocket", "level": "DEBUG", "msg": "ws_heartbeat", "data": {"latency_ms": 0}}
{"ts": "2026-05-10T16:06:15.590372+00:00", "channel": "websocket", "level": "WARNING", "msg": "ws_disconnect", "data": {"socket_id": "OSyi8wufXd2E1wJlAAAB", "reason": "socket.io_disconnect", "total_disconnections": 13}}
{"ts": "2026-05-10T16:06:15.593814+00:00", "channel": "websocket", "level": "WARNING", "msg": "ws_disconnect", "data": {"socket_id": "ynjXyg8Oz2mf-rvOAAAA", "reason": "socket.io_disconnect", "total_disconnections": 33}}
{"ts": "2026-05-10T16:06:21.607545+00:00", "channel": "websocket", "level": "INFO", "msg": "ws_backoff", "data": {"delay_s": 10, "attempt": 14}}
{"ts": "2026-05-10T16:06:21.607610+00:00", "channel": "websocket", "level": "INFO", "msg": "ws_backoff", "data": {"delay_s": 10, "attempt": 34}}
{"ts": "2026-05-10T16:06:22.443383+00:00", "channel": "websocket", "level": "INFO", "msg": "ws_connect", "data": {"socket_id": "SLhH86VvCdy9zdlOAAAA", "ip": "https://ibrahim-backend-production.up.railway.app"}}
{"ts": "2026-05-10T16:06:22.443515+00:00", "channel": "websocket", "level": "INFO", "msg": "ws_connect", "data": {"socket_id": "htRtJVj33vRfpqXxAAAB", "ip": "https://ibrahim-backend-production.up.railway.app"}}
{"ts": "2026-05-10T16:06:52.103942+00:00", "channel": "websocket", "level": "DEBUG", "msg": "ws_heartbeat", "data": {"latency_ms": 0}}
{"ts": "2026-05-10T16:07:22.104747+00:00", "channel": "websocket", "level": "DEBUG", "msg": "ws_heartbeat", "data": {"latency_ms": 0}}
{"ts": "2026-05-10T16:07:52.112613+00:00", "channel": "websocket", "level": "DEBUG", "msg": "ws_heartbeat", "data": {"latency_ms": 0}}
{"ts": "2026-05-10T16:08:22.105472+00:00", "channel": "websocket", "level": "DEBUG", "msg": "ws_heartbeat", "data": {"latency_ms": 0}}
{"ts": "2026-05-10T16:08:52.105899+00:00", "channel": "websocket", "level": "DEBUG", "msg": "ws_heartbeat", "data": {"latency_ms": 0}}
{"ts": "2026-05-10T16:09:22.126175+00:00", "channel": "websocket", "level": "DEBUG", "msg": "ws_heartbeat", "data": {"latency_ms": 0}}
{"ts": "2026-05-10T16:09:52.105921+00:00", "channel": "websocket", "level": "DEBUG", "msg": "ws_heartbeat", "data": {"latency_ms": 0}}
{"ts": "2026-05-10T16:10:22.106777+00:00", "channel": "websocket", "level": "DEBUG", "msg": "ws_heartbeat", "data": {"latency_ms": 0}}
{"ts": "2026-05-10T16:10:52.110724+00:00", "channel": "websocket", "level": "DEBUG", "msg": "ws_heartbeat", "data": {"latency_ms": 0}}
{"ts": "2026-05-10T16:11:22.109149+00:00", "channel": "websocket", "level": "DEBUG", "msg": "ws_heartbeat", "data": {"latency_ms": 0}}
{"ts": "2026-05-10T16:11:52.108874+00:00", "channel": "websocket", "level": "DEBUG", "msg": "ws_heartbeat", "data": {"latency_ms": 0}}
{"ts": "2026-05-10T16:12:22.109834+00:00", "channel": "websocket", "level": "DEBUG", "msg": "ws_heartbeat", "data": {"latency_ms": 0}}
{"ts": "2026-05-10T16:12:52.120492+00:00", "channel": "websocket", "level": "DEBUG", "msg": "ws_heartbeat", "data": {"latency_ms": 0}}
{"ts": "2026-05-10T16:13:22.122358+00:00", "channel": "websocket", "level": "DEBUG", "msg": "ws_heartbeat", "data": {"latency_ms": 0}}
{"ts": "2026-05-10T16:13:52.128343+00:00", "channel": "websocket", "level": "DEBUG", "msg": "ws_heartbeat", "data": {"latency_ms": 0}}
{"ts": "2026-05-10T16:14:22.115486+00:00", "channel": "websocket", "level": "DEBUG", "msg": "ws_heartbeat", "data": {"latency_ms": 0}}
{"ts": "2026-05-10T16:14:52.114795+00:00", "channel": "websocket", "level": "DEBUG", "msg": "ws_heartbeat", "data": {"latency_ms": 0}}
{"ts": "2026-05-10T16:15:22.120282+00:00", "channel": "websocket", "level": "DEBUG", "msg": "ws_heartbeat", "data": {"latency_ms": 0}}
{"ts": "2026-05-10T16:15:52.121928+00:00", "channel": "websocket", "level": "DEBUG", "msg": "ws_heartbeat", "data": {"latency_ms": 0}}
{"ts": "2026-05-10T16:16:22.119142+00:00", "channel": "websocket", "level": "DEBUG", "msg": "ws_heartbeat", "data": {"latency_ms": 0}}
{"ts": "2026-05-10T16:16:52.120701+00:00", "channel": "websocket", "level": "DEBUG", "msg": "ws_heartbeat", "data": {"latency_ms": 0}}
{"ts": "2026-05-10T16:17:22.546989+00:00", "channel": "websocket", "level": "DEBUG", "msg": "ws_heartbeat", "data": {"latency_ms": 0}}
{"ts": "2026-05-10T16:17:52.123924+00:00", "channel": "websocket", "level": "DEBUG", "msg": "ws_heartbeat", "data": {"latency_ms": 0}}
{"ts": "2026-05-10T16:18:22.139874+00:00", "channel": "websocket", "level": "DEBUG", "msg": "ws_heartbeat", "data": {"latency_ms": 0}}
{"ts": "2026-05-10T16:18:52.128461+00:00", "channel": "websocket", "level": "DEBUG", "msg": "ws_heartbeat", "data": {"latency_ms": 0}}
{"ts": "2026-05-10T16:19:22.140252+00:00", "channel": "websocket", "level": "DEBUG", "msg": "ws_heartbeat", "data": {"latency_ms": 0}}
{"ts": "2026-05-10T16:19:52.129238+00:00", "channel": "websocket", "level": "DEBUG", "msg": "ws_heartbeat", "data": {"latency_ms": 0}}
{"ts": "2026-05-10T16:20:22.131128+00:00", "channel": "websocket", "level": "DEBUG", "msg": "ws_heartbeat", "data": {"latency_ms": 0}}
{"ts": "2026-05-10T16:20:52.135155+00:00", "channel": "websocket", "level": "DEBUG", "msg": "ws_heartbeat", "data": {"latency_ms": 0}}
{"ts": "2026-05-10T16:21:22.137962+00:00", "channel": "websocket", "level": "DEBUG", "msg": "ws_heartbeat", "data": {"latency_ms": 0}}
{"ts": "2026-05-10T16:21:52.131578+00:00", "channel": "websocket", "level": "DEBUG", "msg": "ws_heartbeat", "data": {"latency_ms": 0}}
{"ts": "2026-05-10T16:22:22.133213+00:00", "channel": "websocket", "level": "DEBUG", "msg": "ws_heartbeat", "data": {"latency_ms": 0}}
{"ts": "2026-05-10T16:22:52.135065+00:00", "channel": "websocket", "level": "DEBUG", "msg": "ws_heartbeat", "data": {"latency_ms": 0}}
{"ts": "2026-05-10T16:23:22.136095+00:00", "channel": "websocket", "level": "DEBUG", "msg": "ws_heartbeat", "data": {"latency_ms": 0}}
{"ts": "2026-05-10T16:23:52.136697+00:00", "channel": "websocket", "level": "DEBUG", "msg": "ws_heartbeat", "data": {"latency_ms": 0}}
{"ts": "2026-05-10T16:24:22.136369+00:00", "channel": "websocket", "level": "DEBUG", "msg": "ws_heartbeat", "data": {"latency_ms": 0}}
{"ts": "2026-05-10T16:24:52.137901+00:00", "channel": "websocket", "level": "DEBUG", "msg": "ws_heartbeat", "data": {"latency_ms": 0}}
{"ts": "2026-05-10T16:25:22.139290+00:00", "channel": "websocket", "level": "DEBUG", "msg": "ws_heartbeat", "data": {"latency_ms": 0}}
{"ts": "2026-05-10T16:25:52.139991+00:00", "channel": "websocket", "level": "DEBUG", "msg": "ws_heartbeat", "data": {"latency_ms": 0}}
{"ts": "2026-05-10T16:26:22.141888+00:00", "channel": "websocket", "level": "DEBUG", "msg": "ws_heartbeat", "data": {"latency_ms": 0}}
{"ts": "2026-05-10T16:26:52.142966+00:00", "channel": "websocket", "level": "DEBUG", "msg": "ws_heartbeat", "data": {"latency_ms": 0}}
{"ts": "2026-05-10T16:27:22.143408+00:00", "channel": "websocket", "level": "DEBUG", "msg": "ws_heartbeat", "data": {"latency_ms": 0}}
{"ts": "2026-05-10T16:27:52.144699+00:00", "channel": "websocket", "level": "DEBUG", "msg": "ws_heartbeat", "data": {"latency_ms": 0}}
{"ts": "2026-05-10T16:28:22.145852+00:00", "channel": "websocket", "level": "DEBUG", "msg": "ws_heartbeat", "data": {"latency_ms": 0}}
{"ts": "2026-05-10T16:28:52.146132+00:00", "channel": "websocket", "level": "DEBUG", "msg": "ws_heartbeat", "data": {"latency_ms": 0}}
{"ts": "2026-05-10T16:29:22.148374+00:00", "channel": "websocket", "level": "DEBUG", "msg": "ws_heartbeat", "data": {"latency_ms": 0}}
{"ts": "2026-05-10T16:29:52.151755+00:00", "channel": "websocket", "level": "DEBUG", "msg": "ws_heartbeat", "data": {"latency_ms": 0}}
{"ts": "2026-05-10T16:30:22.155641+00:00", "channel": "websocket", "level": "DEBUG", "msg": "ws_heartbeat", "data": {"latency_ms": 0}}
{"ts": "2026-05-10T16:30:52.155156+00:00", "channel": "websocket", "level": "DEBUG", "msg": "ws_heartbeat", "data": {"latency_ms": 0}}
{"ts": "2026-05-10T16:31:22.163185+00:00", "channel": "websocket", "level": "DEBUG", "msg": "ws_heartbeat", "data": {"latency_ms": 0}}
{"ts": "2026-05-10T16:31:52.155538+00:00", "channel": "websocket", "level": "DEBUG", "msg": "ws_heartbeat", "data": {"latency_ms": 0}}
{"ts": "2026-05-10T16:32:22.158184+00:00", "channel": "websocket", "level": "DEBUG", "msg": "ws_heartbeat", "data": {"latency_ms": 0}}
{"ts": "2026-05-10T16:32:52.160862+00:00", "channel": "websocket", "level": "DEBUG", "msg": "ws_heartbeat", "data": {"latency_ms": 0}}
{"ts": "2026-05-10T16:33:22.160782+00:00", "channel": "websocket", "level": "DEBUG", "msg": "ws_heartbeat", "data": {"latency_ms": 0}}
{"ts": "2026-05-10T16:33:52.161109+00:00", "channel": "websocket", "level": "DEBUG", "msg": "ws_heartbeat", "data": {"latency_ms": 0}}
{"ts": "2026-05-10T16:34:20.001917+00:00", "channel": "websocket", "level": "WARNING", "msg": "ws_disconnect", "data": {"socket_id": "SLhH86VvCdy9zdlOAAAA", "reason": "socket.io_disconnect", "total_disconnections": 14}}
{"ts": "2026-05-10T16:34:20.002445+00:00", "channel": "websocket", "level": "WARNING", "msg": "ws_disconnect", "data": {"socket_id": "htRtJVj33vRfpqXxAAAB", "reason": "socket.io_disconnect", "total_disconnections": 34}}
{"ts": "2026-05-10T16:34:26.030845+00:00", "channel": "websocket", "level": "INFO", "msg": "ws_backoff", "data": {"delay_s": 10, "attempt": 15}}
{"ts": "2026-05-10T16:34:26.030885+00:00", "channel": "websocket", "level": "INFO", "msg": "ws_backoff", "data": {"delay_s": 10, "attempt": 35}}
{"ts": "2026-05-10T16:34:26.485216+00:00", "channel": "websocket", "level": "INFO", "msg": "ws_connect", "data": {"socket_id": "0qLxnK-5AHBsYlV6AAAB", "ip": "https://ibrahim-backend-production.up.railway.app"}}
{"ts": "2026-05-10T16:34:26.488817+00:00", "channel": "websocket", "level": "INFO", "msg": "ws_connect", "data": {"socket_id": "GLm1WJx_Vb7nKyHpAAAA", "ip": "https://ibrahim-backend-production.up.railway.app"}}
{"ts": "2026-05-10T16:34:56.185181+00:00", "channel": "websocket", "level": "DEBUG", "msg": "ws_heartbeat", "data": {"latency_ms": 0}}
{"ts": "2026-05-10T16:35:26.182289+00:00", "channel": "websocket", "level": "DEBUG", "msg": "ws_heartbeat", "data": {"latency_ms": 0}}
{"ts": "2026-05-10T16:35:56.180955+00:00", "channel": "websocket", "level": "DEBUG", "msg": "ws_heartbeat", "data": {"latency_ms": 0}}
{"ts": "2026-05-10T16:36:26.189086+00:00", "channel": "websocket", "level": "DEBUG", "msg": "ws_heartbeat", "data": {"latency_ms": 0}}
{"ts": "2026-05-10T16:36:56.183807+00:00", "channel": "websocket", "level": "DEBUG", "msg": "ws_heartbeat", "data": {"latency_ms": 0}}
{"ts": "2026-05-10T16:37:26.184857+00:00", "channel": "websocket", "level": "DEBUG", "msg": "ws_heartbeat", "data": {"latency_ms": 0}}
{"ts": "2026-05-10T16:37:56.186478+00:00", "channel": "websocket", "level": "DEBUG", "msg": "ws_heartbeat", "data": {"latency_ms": 0}}
{"ts": "2026-05-10T16:38:26.187271+00:00", "channel": "websocket", "level": "DEBUG", "msg": "ws_heartbeat", "data": {"latency_ms": 0}}
{"ts": "2026-05-10T16:38:56.185758+00:00", "channel": "websocket", "level": "DEBUG", "msg": "ws_heartbeat", "data": {"latency_ms": 0}}
{"ts": "2026-05-10T16:39:26.187068+00:00", "channel": "websocket", "level": "DEBUG", "msg": "ws_heartbeat", "data": {"latency_ms": 0}}
{"ts": "2026-05-10T16:39:56.187570+00:00", "channel": "websocket", "level": "DEBUG", "msg": "ws_heartbeat", "data": {"latency_ms": 0}}
{"ts": "2026-05-10T16:40:26.189286+00:00", "channel": "websocket", "level": "DEBUG", "msg": "ws_heartbeat", "data": {"latency_ms": 0}}
{"ts": "2026-05-10T16:40:56.190499+00:00", "channel": "websocket", "level": "DEBUG", "msg": "ws_heartbeat", "data": {"latency_ms": 0}}
{"ts": "2026-05-10T16:41:26.190733+00:00", "channel": "websocket", "level": "DEBUG", "msg": "ws_heartbeat", "data": {"latency_ms": 0}}
{"ts": "2026-05-10T16:41:56.192452+00:00", "channel": "websocket", "level": "DEBUG", "msg": "ws_heartbeat", "data": {"latency_ms": 0}}
{"ts": "2026-05-10T16:42:26.191819+00:00", "channel": "websocket", "level": "DEBUG", "msg": "ws_heartbeat", "data": {"latency_ms": 0}}
{"ts": "2026-05-10T16:42:56.195421+00:00", "channel": "websocket", "level": "DEBUG", "msg": "ws_heartbeat", "data": {"latency_ms": 0}}
{"ts": "2026-05-10T16:43:26.199762+00:00", "channel": "websocket", "level": "DEBUG", "msg": "ws_heartbeat", "data": {"latency_ms": 0}}
{"ts": "2026-05-10T16:43:56.194494+00:00", "channel": "websocket", "level": "DEBUG", "msg": "ws_heartbeat", "data": {"latency_ms": 0}}
{"ts": "2026-05-10T16:44:26.198823+00:00", "channel": "websocket", "level": "DEBUG", "msg": "ws_heartbeat", "data": {"latency_ms": 0}}
{"ts": "2026-05-10T16:44:56.196185+00:00", "channel": "websocket", "level": "DEBUG", "msg": "ws_heartbeat", "data": {"latency_ms": 0}}
{"ts": "2026-05-10T16:45:26.213441+00:00", "channel": "websocket", "level": "DEBUG", "msg": "ws_heartbeat", "data": {"latency_ms": 0}}
{"ts": "2026-05-10T16:45:56.207381+00:00", "channel": "websocket", "level": "DEBUG", "msg": "ws_heartbeat", "data": {"latency_ms": 0}}
{"ts": "2026-05-10T16:46:26.205516+00:00", "channel": "websocket", "level": "DEBUG", "msg": "ws_heartbeat", "data": {"latency_ms": 0}}
{"ts": "2026-05-10T16:46:56.205182+00:00", "channel": "websocket", "level": "DEBUG", "msg": "ws_heartbeat", "data": {"latency_ms": 0}}
{"ts": "2026-05-10T16:47:26.206240+00:00", "channel": "websocket", "level": "DEBUG", "msg": "ws_heartbeat", "data": {"latency_ms": 0}}
{"ts": "2026-05-10T16:47:56.208416+00:00", "channel": "websocket", "level": "DEBUG", "msg": "ws_heartbeat", "data": {"latency_ms": 0}}
{"ts": "2026-05-10T16:48:26.220485+00:00", "channel": "websocket", "level": "DEBUG", "msg": "ws_heartbeat", "data": {"latency_ms": 0}}
{"ts": "2026-05-10T16:48:56.217588+00:00", "channel": "websocket", "level": "DEBUG", "msg": "ws_heartbeat", "data": {"latency_ms": 0}}
{"ts": "2026-05-10T16:49:26.216291+00:00", "channel": "websocket", "level": "DEBUG", "msg": "ws_heartbeat", "data": {"latency_ms": 0}}
{"ts": "2026-05-10T16:49:56.219862+00:00", "channel": "websocket", "level": "DEBUG", "msg": "ws_heartbeat", "data": {"latency_ms": 0}}
{"ts": "2026-05-10T16:50:26.219897+00:00", "channel": "websocket", "level": "DEBUG", "msg": "ws_heartbeat", "data": {"latency_ms": 0}}
{"ts": "2026-05-10T16:50:56.223323+00:00", "channel": "websocket", "level": "DEBUG", "msg": "ws_heartbeat", "data": {"latency_ms": 0}}
{"ts": "2026-05-10T16:51:26.222715+00:00", "channel": "websocket", "level": "DEBUG", "msg": "ws_heartbeat", "data": {"latency_ms": 0}}
{"ts": "2026-05-10T16:51:56.230222+00:00", "channel": "websocket", "level": "DEBUG", "msg": "ws_heartbeat", "data": {"latency_ms": 0}}
{"ts": "2026-05-10T16:52:26.223017+00:00", "channel": "websocket", "level": "DEBUG", "msg": "ws_heartbeat", "data": {"latency_ms": 0}}
{"ts": "2026-05-10T16:52:56.224625+00:00", "channel": "websocket", "level": "DEBUG", "msg": "ws_heartbeat", "data": {"latency_ms": 0}}
{"ts": "2026-05-10T16:53:17.562668+00:00", "channel": "websocket", "level": "WARNING", "msg": "ws_disconnect", "data": {"socket_id": "GLm1WJx_Vb7nKyHpAAAA", "reason": "socket.io_disconnect", "total_disconnections": 35}}
{"ts": "2026-05-10T16:53:17.563146+00:00", "channel": "websocket", "level": "WARNING", "msg": "ws_disconnect", "data": {"socket_id": "0qLxnK-5AHBsYlV6AAAB", "reason": "socket.io_disconnect", "total_disconnections": 15}}
{"ts": "2026-05-10T16:53:23.581132+00:00", "channel": "websocket", "level": "INFO", "msg": "ws_backoff", "data": {"delay_s": 10, "attempt": 16}}
{"ts": "2026-05-10T16:53:23.581179+00:00", "channel": "websocket", "level": "INFO", "msg": "ws_backoff", "data": {"delay_s": 10, "attempt": 36}}
{"ts": "2026-05-10T16:53:24.051199+00:00", "channel": "websocket", "level": "INFO", "msg": "ws_connect", "data": {"socket_id": "364sJAEZ4M5g9BeNAAAA", "ip": "https://ibrahim-backend-production.up.railway.app"}}
{"ts": "2026-05-10T16:53:24.058751+00:00", "channel": "websocket", "level": "INFO", "msg": "ws_connect", "data": {"socket_id": "i_j2b_M97zfLmlxTAAAB", "ip": "https://ibrahim-backend-production.up.railway.app"}}
{"ts": "2026-05-10T16:53:53.751853+00:00", "channel": "websocket", "level": "DEBUG", "msg": "ws_heartbeat", "data": {"latency_ms": 0}}
{"ts": "2026-05-10T16:54:23.753049+00:00", "channel": "websocket", "level": "DEBUG", "msg": "ws_heartbeat", "data": {"latency_ms": 0}}
{"ts": "2026-05-10T16:54:53.753251+00:00", "channel": "websocket", "level": "DEBUG", "msg": "ws_heartbeat", "data": {"latency_ms": 0}}
{"ts": "2026-05-10T16:55:23.753469+00:00", "channel": "websocket", "level": "DEBUG", "msg": "ws_heartbeat", "data": {"latency_ms": 0}}
{"ts": "2026-05-10T16:55:53.756145+00:00", "channel": "websocket", "level": "DEBUG", "msg": "ws_heartbeat", "data": {"latency_ms": 0}}
{"ts": "2026-05-10T16:56:23.866246+00:00", "channel": "websocket", "level": "DEBUG", "msg": "ws_heartbeat", "data": {"latency_ms": 0}}
{"ts": "2026-05-10T16:56:53.756378+00:00", "channel": "websocket", "level": "DEBUG", "msg": "ws_heartbeat", "data": {"latency_ms": 0}}
{"ts": "2026-05-10T16:57:23.758382+00:00", "channel": "websocket", "level": "DEBUG", "msg": "ws_heartbeat", "data": {"latency_ms": 0}}
{"ts": "2026-05-10T16:57:53.757068+00:00", "channel": "websocket", "level": "DEBUG", "msg": "ws_heartbeat", "data": {"latency_ms": 0}}
{"ts": "2026-05-10T16:58:23.758259+00:00", "channel": "websocket", "level": "DEBUG", "msg": "ws_heartbeat", "data": {"latency_ms": 0}}
{"ts": "2026-05-10T16:58:53.761127+00:00", "channel": "websocket", "level": "DEBUG", "msg": "ws_heartbeat", "data": {"latency_ms": 0}}
{"ts": "2026-05-10T16:59:23.759187+00:00", "channel": "websocket", "level": "DEBUG", "msg": "ws_heartbeat", "data": {"latency_ms": 0}}
{"ts": "2026-05-10T16:59:53.761450+00:00", "channel": "websocket", "level": "DEBUG", "msg": "ws_heartbeat", "data": {"latency_ms": 0}}
{"ts": "2026-05-10T17:00:23.762759+00:00", "channel": "websocket", "level": "DEBUG", "msg": "ws_heartbeat", "data": {"latency_ms": 0}}
{"ts": "2026-05-10T17:00:53.762861+00:00", "channel": "websocket", "level": "DEBUG", "msg": "ws_heartbeat", "data": {"latency_ms": 0}}
{"ts": "2026-05-10T17:01:23.764579+00:00", "channel": "websocket", "level": "DEBUG", "msg": "ws_heartbeat", "data": {"latency_ms": 0}}
{"ts": "2026-05-10T17:01:53.763386+00:00", "channel": "websocket", "level": "DEBUG", "msg": "ws_heartbeat", "data": {"latency_ms": 0}}
{"ts": "2026-05-10T17:02:23.767280+00:00", "channel": "websocket", "level": "DEBUG", "msg": "ws_heartbeat", "data": {"latency_ms": 0}}
{"ts": "2026-05-10T17:02:53.769841+00:00", "channel": "websocket", "level": "DEBUG", "msg": "ws_heartbeat", "data": {"latency_ms": 0}}
{"ts": "2026-05-10T17:03:23.771792+00:00", "channel": "websocket", "level": "DEBUG", "msg": "ws_heartbeat", "data": {"latency_ms": 0}}
{"ts": "2026-05-10T17:03:53.770542+00:00", "channel": "websocket", "level": "DEBUG", "msg": "ws_heartbeat", "data": {"latency_ms": 0}}
{"ts": "2026-05-10T17:04:23.772495+00:00", "channel": "websocket", "level": "DEBUG", "msg": "ws_heartbeat", "data": {"latency_ms": 0}}
{"ts": "2026-05-10T17:04:53.776836+00:00", "channel": "websocket", "level": "DEBUG", "msg": "ws_heartbeat", "data": {"latency_ms": 0}}
{"ts": "2026-05-10T17:05:23.779337+00:00", "channel": "websocket", "level": "DEBUG", "msg": "ws_heartbeat", "data": {"latency_ms": 0}}
{"ts": "2026-05-10T17:05:53.779766+00:00", "channel": "websocket", "level": "DEBUG", "msg": "ws_heartbeat", "data": {"latency_ms": 0}}
{"ts": "2026-05-10T17:06:23.780120+00:00", "channel": "websocket", "level": "DEBUG", "msg": "ws_heartbeat", "data": {"latency_ms": 0}}
{"ts": "2026-05-10T17:06:53.782287+00:00", "channel": "websocket", "level": "DEBUG", "msg": "ws_heartbeat", "data": {"latency_ms": 0}}
{"ts": "2026-05-10T17:07:23.782391+00:00", "channel": "websocket", "level": "DEBUG", "msg": "ws_heartbeat", "data": {"latency_ms": 0}}
{"ts": "2026-05-10T17:07:53.786772+00:00", "channel": "websocket", "level": "DEBUG", "msg": "ws_heartbeat", "data": {"latency_ms": 0}}
{"ts": "2026-05-10T17:08:23.790570+00:00", "channel": "websocket", "level": "DEBUG", "msg": "ws_heartbeat", "data": {"latency_ms": 0}}
{"ts": "2026-05-10T17:08:53.788203+00:00", "channel": "websocket", "level": "DEBUG", "msg": "ws_heartbeat", "data": {"latency_ms": 0}}
{"ts": "2026-05-10T17:09:23.788185+00:00", "channel": "websocket", "level": "DEBUG", "msg": "ws_heartbeat", "data": {"latency_ms": 0}}
{"ts": "2026-05-10T17:09:53.791530+00:00", "channel": "websocket", "level": "DEBUG", "msg": "ws_heartbeat", "data": {"latency_ms": 0}}
{"ts": "2026-05-10T17:10:23.792783+00:00", "channel": "websocket", "level": "DEBUG", "msg": "ws_heartbeat", "data": {"latency_ms": 0}}
{"ts": "2026-05-10T17:10:53.790417+00:00", "channel": "websocket", "level": "DEBUG", "msg": "ws_heartbeat", "data": {"latency_ms": 0}}
{"ts": "2026-05-10T17:11:23.791066+00:00", "channel": "websocket", "level": "DEBUG", "msg": "ws_heartbeat", "data": {"latency_ms": 0}}
{"ts": "2026-05-10T17:11:53.791425+00:00", "channel": "websocket", "level": "DEBUG", "msg": "ws_heartbeat", "data": {"latency_ms": 0}}
{"ts": "2026-05-10T17:12:23.794667+00:00", "channel": "websocket", "level": "DEBUG", "msg": "ws_heartbeat", "data": {"latency_ms": 0}}
{"ts": "2026-05-10T17:12:53.796945+00:00", "channel": "websocket", "level": "DEBUG", "msg": "ws_heartbeat", "data": {"latency_ms": 0}}
{"ts": "2026-05-10T17:13:23.797947+00:00", "channel": "websocket", "level": "DEBUG", "msg": "ws_heartbeat", "data": {"latency_ms": 0}}
{"ts": "2026-05-10T17:13:53.797687+00:00", "channel": "websocket", "level": "DEBUG", "msg": "ws_heartbeat", "data": {"latency_ms": 0}}
{"ts": "2026-05-10T17:14:23.800317+00:00", "channel": "websocket", "level": "DEBUG", "msg": "ws_heartbeat", "data": {"latency_ms": 0}}
{"ts": "2026-05-10T17:14:53.801010+00:00", "channel": "websocket", "level": "DEBUG", "msg": "ws_heartbeat", "data": {"latency_ms": 0}}
{"ts": "2026-05-10T17:15:23.803705+00:00", "channel": "websocket", "level": "DEBUG", "msg": "ws_heartbeat", "data": {"latency_ms": 0}}
{"ts": "2026-05-10T17:15:53.802731+00:00", "channel": "websocket", "level": "DEBUG", "msg": "ws_heartbeat", "data": {"latency_ms": 0}}
{"ts": "2026-05-10T17:16:23.803382+00:00", "channel": "websocket", "level": "DEBUG", "msg": "ws_heartbeat", "data": {"latency_ms": 0}}
{"ts": "2026-05-10T17:16:53.804669+00:00", "channel": "websocket", "level": "DEBUG", "msg": "ws_heartbeat", "data": {"latency_ms": 0}}
{"ts": "2026-05-10T17:17:23.807771+00:00", "channel": "websocket", "level": "DEBUG", "msg": "ws_heartbeat", "data": {"latency_ms": 0}}
{"ts": "2026-05-10T17:17:47.301972+00:00", "channel": "websocket", "level": "WARNING", "msg": "ws_disconnect", "data": {"socket_id": "364sJAEZ4M5g9BeNAAAA", "reason": "socket.io_disconnect", "total_disconnections": 16}}
{"ts": "2026-05-10T17:17:47.302600+00:00", "channel": "websocket", "level": "WARNING", "msg": "ws_disconnect", "data": {"socket_id": "i_j2b_M97zfLmlxTAAAB", "reason": "socket.io_disconnect", "total_disconnections": 36}}
{"ts": "2026-05-10T17:17:53.329477+00:00", "channel": "websocket", "level": "INFO", "msg": "ws_backoff", "data": {"delay_s": 10, "attempt": 17}}
{"ts": "2026-05-10T17:17:53.329580+00:00", "channel": "websocket", "level": "INFO", "msg": "ws_backoff", "data": {"delay_s": 10, "attempt": 37}}
{"ts": "2026-05-10T17:17:53.772574+00:00", "channel": "websocket", "level": "INFO", "msg": "ws_connect", "data": {"socket_id": "Ht_XRbhJz6zWfyrCAAAA", "ip": "https://ibrahim-backend-production.up.railway.app"}}
{"ts": "2026-05-10T17:17:53.774168+00:00", "channel": "websocket", "level": "INFO", "msg": "ws_connect", "data": {"socket_id": "1hBctMFmVy86SDX8AAAB", "ip": "https://ibrahim-backend-production.up.railway.app"}}
{"ts": "2026-05-10T17:18:23.474141+00:00", "channel": "websocket", "level": "DEBUG", "msg": "ws_heartbeat", "data": {"latency_ms": 0}}
{"ts": "2026-05-10T17:18:53.477505+00:00", "channel": "websocket", "level": "DEBUG", "msg": "ws_heartbeat", "data": {"latency_ms": 0}}
{"ts": "2026-05-10T17:19:23.479358+00:00", "channel": "websocket", "level": "DEBUG", "msg": "ws_heartbeat", "data": {"latency_ms": 0}}
{"ts": "2026-05-10T17:19:53.479386+00:00", "channel": "websocket", "level": "DEBUG", "msg": "ws_heartbeat", "data": {"latency_ms": 0}}
{"ts": "2026-05-10T17:20:23.479783+00:00", "channel": "websocket", "level": "DEBUG", "msg": "ws_heartbeat", "data": {"latency_ms": 0}}
{"ts": "2026-05-10T17:20:53.483267+00:00", "channel": "websocket", "level": "DEBUG", "msg": "ws_heartbeat", "data": {"latency_ms": 0}}
{"ts": "2026-05-10T17:21:23.482931+00:00", "channel": "websocket", "level": "DEBUG", "msg": "ws_heartbeat", "data": {"latency_ms": 0}}
{"ts": "2026-05-10T17:21:53.485052+00:00", "channel": "websocket", "level": "DEBUG", "msg": "ws_heartbeat", "data": {"latency_ms": 0}}
{"ts": "2026-05-10T17:22:23.486839+00:00", "channel": "websocket", "level": "DEBUG", "msg": "ws_heartbeat", "data": {"latency_ms": 0}}
{"ts": "2026-05-10T17:22:53.509126+00:00", "channel": "websocket", "level": "DEBUG", "msg": "ws_heartbeat", "data": {"latency_ms": 0}}
{"ts": "2026-05-10T17:23:23.491503+00:00", "channel": "websocket", "level": "DEBUG", "msg": "ws_heartbeat", "data": {"latency_ms": 0}}
{"ts": "2026-05-10T17:23:53.486644+00:00", "channel": "websocket", "level": "DEBUG", "msg": "ws_heartbeat", "data": {"latency_ms": 0}}
{"ts": "2026-05-10T17:24:23.487295+00:00", "channel": "websocket", "level": "DEBUG", "msg": "ws_heartbeat", "data": {"latency_ms": 0}}
{"ts": "2026-05-10T17:24:53.487149+00:00", "channel": "websocket", "level": "DEBUG", "msg": "ws_heartbeat", "data": {"latency_ms": 0}}
{"ts": "2026-05-10T17:25:23.499021+00:00", "channel": "websocket", "level": "DEBUG", "msg": "ws_heartbeat", "data": {"latency_ms": 0}}
{"ts": "2026-05-10T17:25:53.493718+00:00", "channel": "websocket", "level": "DEBUG", "msg": "ws_heartbeat", "data": {"latency_ms": 0}}
{"ts": "2026-05-10T17:26:23.490261+00:00", "channel": "websocket", "level": "DEBUG", "msg": "ws_heartbeat", "data": {"latency_ms": 0}}
{"ts": "2026-05-10T17:26:53.502258+00:00", "channel": "websocket", "level": "DEBUG", "msg": "ws_heartbeat", "data": {"latency_ms": 0}}
{"ts": "2026-05-10T17:27:23.489719+00:00", "channel": "websocket", "level": "DEBUG", "msg": "ws_heartbeat", "data": {"latency_ms": 0}}
{"ts": "2026-05-10T17:27:53.505720+00:00", "channel": "websocket", "level": "DEBUG", "msg": "ws_heartbeat", "data": {"latency_ms": 0}}
{"ts": "2026-05-10T17:28:23.492036+00:00", "channel": "websocket", "level": "DEBUG", "msg": "ws_heartbeat", "data": {"latency_ms": 0}}
{"ts": "2026-05-10T17:28:53.496048+00:00", "channel": "websocket", "level": "DEBUG", "msg": "ws_heartbeat", "data": {"latency_ms": 0}}
{"ts": "2026-05-10T17:29:23.495241+00:00", "channel": "websocket", "level": "DEBUG", "msg": "ws_heartbeat", "data": {"latency_ms": 0}}
{"ts": "2026-05-10T17:29:53.495907+00:00", "channel": "websocket", "level": "DEBUG", "msg": "ws_heartbeat", "data": {"latency_ms": 0}}
{"ts": "2026-05-10T17:30:23.498638+00:00", "channel": "websocket", "level": "DEBUG", "msg": "ws_heartbeat", "data": {"latency_ms": 0}}
{"ts": "2026-05-10T17:30:53.499647+00:00", "channel": "websocket", "level": "DEBUG", "msg": "ws_heartbeat", "data": {"latency_ms": 0}}
{"ts": "2026-05-10T17:31:23.504085+00:00", "channel": "websocket", "level": "DEBUG", "msg": "ws_heartbeat", "data": {"latency_ms": 0}}
{"ts": "2026-05-10T17:31:53.506796+00:00", "channel": "websocket", "level": "DEBUG", "msg": "ws_heartbeat", "data": {"latency_ms": 0}}
{"ts": "2026-05-10T17:32:23.511663+00:00", "channel": "websocket", "level": "DEBUG", "msg": "ws_heartbeat", "data": {"latency_ms": 0}}
{"ts": "2026-05-10T17:32:53.506802+00:00", "channel": "websocket", "level": "DEBUG", "msg": "ws_heartbeat", "data": {"latency_ms": 0}}
{"ts": "2026-05-10T17:33:23.509538+00:00", "channel": "websocket", "level": "DEBUG", "msg": "ws_heartbeat", "data": {"latency_ms": 0}}
{"ts": "2026-05-10T17:33:53.509278+00:00", "channel": "websocket", "level": "DEBUG", "msg": "ws_heartbeat", "data": {"latency_ms": 0}}
{"ts": "2026-05-10T17:34:23.511277+00:00", "channel": "websocket", "level": "DEBUG", "msg": "ws_heartbeat", "data": {"latency_ms": 0}}
{"ts": "2026-05-10T17:34:53.513665+00:00", "channel": "websocket", "level": "DEBUG", "msg": "ws_heartbeat", "data": {"latency_ms": 0}}
{"ts": "2026-05-10T17:35:23.511881+00:00", "channel": "websocket", "level": "DEBUG", "msg": "ws_heartbeat", "data": {"latency_ms": 0}}
{"ts": "2026-05-10T17:35:53.512956+00:00", "channel": "websocket", "level": "DEBUG", "msg": "ws_heartbeat", "data": {"latency_ms": 0}}
{"ts": "2026-05-10T17:36:23.513495+00:00", "channel": "websocket", "level": "DEBUG", "msg": "ws_heartbeat", "data": {"latency_ms": 0}}
{"ts": "2026-05-10T17:36:53.513099+00:00", "channel": "websocket", "level": "DEBUG", "msg": "ws_heartbeat", "data": {"latency_ms": 0}}
{"ts": "2026-05-10T17:37:23.517711+00:00", "channel": "websocket", "level": "DEBUG", "msg": "ws_heartbeat", "data": {"latency_ms": 0}}
{"ts": "2026-05-10T17:37:53.523243+00:00", "channel": "websocket", "level": "DEBUG", "msg": "ws_heartbeat", "data": {"latency_ms": 0}}
{"ts": "2026-05-10T17:38:23.521822+00:00", "channel": "websocket", "level": "DEBUG", "msg": "ws_heartbeat", "data": {"latency_ms": 0}}
{"ts": "2026-05-10T17:38:53.526483+00:00", "channel": "websocket", "level": "DEBUG", "msg": "ws_heartbeat", "data": {"latency_ms": 0}}
{"ts": "2026-05-10T17:39:23.529844+00:00", "channel": "websocket", "level": "DEBUG", "msg": "ws_heartbeat", "data": {"latency_ms": 0}}
{"ts": "2026-05-10T17:39:53.534162+00:00", "channel": "websocket", "level": "DEBUG", "msg": "ws_heartbeat", "data": {"latency_ms": 0}}
{"ts": "2026-05-10T17:40:23.532088+00:00", "channel": "websocket", "level": "DEBUG", "msg": "ws_heartbeat", "data": {"latency_ms": 0}}
{"ts": "2026-05-10T17:40:53.538361+00:00", "channel": "websocket", "level": "DEBUG", "msg": "ws_heartbeat", "data": {"latency_ms": 0}}
{"ts": "2026-05-10T17:41:23.540435+00:00", "channel": "websocket", "level": "DEBUG", "msg": "ws_heartbeat", "data": {"latency_ms": 0}}
{"ts": "2026-05-10T17:41:53.542530+00:00", "channel": "websocket", "level": "DEBUG", "msg": "ws_heartbeat", "data": {"latency_ms": 0}}
{"ts": "2026-05-10T17:42:15.782269+00:00", "channel": "websocket", "level": "DEBUG", "msg": "ws_heartbeat", "data": {"latency_ms": 0}}
{"ts": "2026-05-10T17:42:23.542902+00:00", "channel": "websocket", "level": "DEBUG", "msg": "ws_heartbeat", "data": {"latency_ms": 0}}
{"ts": "2026-05-10T17:42:53.544380+00:00", "channel": "websocket", "level": "DEBUG", "msg": "ws_heartbeat", "data": {"latency_ms": 0}}
{"ts": "2026-05-10T17:43:23.543696+00:00", "channel": "websocket", "level": "DEBUG", "msg": "ws_heartbeat", "data": {"latency_ms": 0}}
{"ts": "2026-05-10T17:43:53.548690+00:00", "channel": "websocket", "level": "DEBUG", "msg": "ws_heartbeat", "data": {"latency_ms": 0}}
{"ts": "2026-05-10T17:44:23.551143+00:00", "channel": "websocket", "level": "DEBUG", "msg": "ws_heartbeat", "data": {"latency_ms": 0}}
{"ts": "2026-05-10T17:44:53.552670+00:00", "channel": "websocket", "level": "DEBUG", "msg": "ws_heartbeat", "data": {"latency_ms": 0}}
{"ts": "2026-05-10T17:45:23.559186+00:00", "channel": "websocket", "level": "DEBUG", "msg": "ws_heartbeat", "data": {"latency_ms": 0}}
{"ts": "2026-05-10T17:45:53.556172+00:00", "channel": "websocket", "level": "DEBUG", "msg": "ws_heartbeat", "data": {"latency_ms": 0}}
{"ts": "2026-05-10T17:46:23.558771+00:00", "channel": "websocket", "level": "DEBUG", "msg": "ws_heartbeat", "data": {"latency_ms": 0}}
{"ts": "2026-05-10T17:46:53.563937+00:00", "channel": "websocket", "level": "DEBUG", "msg": "ws_heartbeat", "data": {"latency_ms": 0}}
{"ts": "2026-05-10T17:47:23.565119+00:00", "channel": "websocket", "level": "DEBUG", "msg": "ws_heartbeat", "data": {"latency_ms": 0}}
{"ts": "2026-05-10T17:47:53.569802+00:00", "channel": "websocket", "level": "DEBUG", "msg": "ws_heartbeat", "data": {"latency_ms": 0}}
{"ts": "2026-05-10T17:48:23.566821+00:00", "channel": "websocket", "level": "DEBUG", "msg": "ws_heartbeat", "data": {"latency_ms": 0}}
{"ts": "2026-05-10T17:48:53.569441+00:00", "channel": "websocket", "level": "DEBUG", "msg": "ws_heartbeat", "data": {"latency_ms": 0}}
{"ts": "2026-05-10T17:49:23.571887+00:00", "channel": "websocket", "level": "DEBUG", "msg": "ws_heartbeat", "data": {"latency_ms": 0}}
{"ts": "2026-05-10T17:49:53.574430+00:00", "channel": "websocket", "level": "DEBUG", "msg": "ws_heartbeat", "data": {"latency_ms": 0}}
{"ts": "2026-05-10T17:50:23.578456+00:00", "channel": "websocket", "level": "DEBUG", "msg": "ws_heartbeat", "data": {"latency_ms": 0}}
{"ts": "2026-05-10T17:50:53.594741+00:00", "channel": "websocket", "level": "DEBUG", "msg": "ws_heartbeat", "data": {"latency_ms": 0}}
{"ts": "2026-05-10T17:51:23.578221+00:00", "channel": "websocket", "level": "DEBUG", "msg": "ws_heartbeat", "data": {"latency_ms": 0}}
{"ts": "2026-05-10T17:51:53.583086+00:00", "channel": "websocket", "level": "DEBUG", "msg": "ws_heartbeat", "data": {"latency_ms": 0}}
{"ts": "2026-05-10T17:52:23.586139+00:00", "channel": "websocket", "level": "DEBUG", "msg": "ws_heartbeat", "data": {"latency_ms": 0}}
{"ts": "2026-05-10T17:52:53.781447+00:00", "channel": "websocket", "level": "DEBUG", "msg": "ws_heartbeat", "data": {"latency_ms": 0}}
{"ts": "2026-05-10T17:53:23.815821+00:00", "channel": "websocket", "level": "DEBUG", "msg": "ws_heartbeat", "data": {"latency_ms": 0}}
{"ts": "2026-05-10T17:53:53.605869+00:00", "channel": "websocket", "level": "DEBUG", "msg": "ws_heartbeat", "data": {"latency_ms": 0}}
{"ts": "2026-05-10T17:54:23.648222+00:00", "channel": "websocket", "level": "DEBUG", "msg": "ws_heartbeat", "data": {"latency_ms": 0}}
{"ts": "2026-05-10T17:54:53.646883+00:00", "channel": "websocket", "level": "DEBUG", "msg": "ws_heartbeat", "data": {"latency_ms": 0}}
{"ts": "2026-05-10T17:55:23.610856+00:00", "channel": "websocket", "level": "DEBUG", "msg": "ws_heartbeat", "data": {"latency_ms": 0}}
{"ts": "2026-05-10T17:55:53.632783+00:00", "channel": "websocket", "level": "DEBUG", "msg": "ws_heartbeat", "data": {"latency_ms": 0}}
{"ts": "2026-05-10T17:56:23.636042+00:00", "channel": "websocket", "level": "DEBUG", "msg": "ws_heartbeat", "data": {"latency_ms": 0}}
{"ts": "2026-05-10T17:56:53.617915+00:00", "channel": "websocket", "level": "DEBUG", "msg": "ws_heartbeat", "data": {"latency_ms": 0}}
{"ts": "2026-05-10T17:57:23.623380+00:00", "channel": "websocket", "level": "DEBUG", "msg": "ws_heartbeat", "data": {"latency_ms": 0}}
{"ts": "2026-05-10T17:57:53.637733+00:00", "channel": "websocket", "level": "DEBUG", "msg": "ws_heartbeat", "data": {"latency_ms": 0}}
{"ts": "2026-05-10T17:58:23.635685+00:00", "channel": "websocket", "level": "DEBUG", "msg": "ws_heartbeat", "data": {"latency_ms": 0}}
{"ts": "2026-05-10T17:58:53.631603+00:00", "channel": "websocket", "level": "DEBUG", "msg": "ws_heartbeat", "data": {"latency_ms": 0}}
{"ts": "2026-05-10T17:59:23.610577+00:00", "channel": "websocket", "level": "DEBUG", "msg": "ws_heartbeat", "data": {"latency_ms": 0}}
{"ts": "2026-05-10T17:59:53.619865+00:00", "channel": "websocket", "level": "DEBUG", "msg": "ws_heartbeat", "data": {"latency_ms": 0}}
{"ts": "2026-05-10T18:00:23.610501+00:00", "channel": "websocket", "level": "DEBUG", "msg": "ws_heartbeat", "data": {"latency_ms": 0}}
{"ts": "2026-05-10T18:00:53.617635+00:00", "channel": "websocket", "level": "DEBUG", "msg": "ws_heartbeat", "data": {"latency_ms": 0}}
{"ts": "2026-05-10T18:01:23.703626+00:00", "channel": "websocket", "level": "DEBUG", "msg": "ws_heartbeat", "data": {"latency_ms": 0}}
{"ts": "2026-05-10T18:01:53.648410+00:00", "channel": "websocket", "level": "DEBUG", "msg": "ws_heartbeat", "data": {"latency_ms": 0}}
{"ts": "2026-05-10T18:02:23.895501+00:00", "channel": "websocket", "level": "DEBUG", "msg": "ws_heartbeat", "data": {"latency_ms": 0}}
{"ts": "2026-05-10T18:02:53.655285+00:00", "channel": "websocket", "level": "DEBUG", "msg": "ws_heartbeat", "data": {"latency_ms": 0}}
{"ts": "2026-05-10T18:03:23.705980+00:00", "channel": "websocket", "level": "DEBUG", "msg": "ws_heartbeat", "data": {"latency_ms": 0}}
{"ts": "2026-05-10T18:03:53.630108+00:00", "channel": "websocket", "level": "DEBUG", "msg": "ws_heartbeat", "data": {"latency_ms": 0}}
{"ts": "2026-05-10T18:04:12.335577+00:00", "channel": "websocket", "level": "WARNING", "msg": "ws_disconnect", "data": {"socket_id": "1hBctMFmVy86SDX8AAAB", "reason": "socket.io_disconnect", "total_disconnections": 17}}
{"ts": "2026-05-10T18:04:18.342581+00:00", "channel": "websocket", "level": "INFO", "msg": "ws_backoff", "data": {"delay_s": 10, "attempt": 18}}
{"ts": "2026-05-10T18:04:18.964955+00:00", "channel": "websocket", "level": "INFO", "msg": "ws_connect", "data": {"socket_id": "igczICWDXJWsZAhBAAAA", "ip": "https://ibrahim-backend-production.up.railway.app"}}
{"ts": "2026-05-10T18:04:48.715820+00:00", "channel": "websocket", "level": "DEBUG", "msg": "ws_heartbeat", "data": {"latency_ms": 0}}
{"ts": "2026-05-10T18:05:18.747676+00:00", "channel": "websocket", "level": "DEBUG", "msg": "ws_heartbeat", "data": {"latency_ms": 0}}
{"ts": "2026-05-10T18:05:48.679105+00:00", "channel": "websocket", "level": "DEBUG", "msg": "ws_heartbeat", "data": {"latency_ms": 0}}
{"ts": "2026-05-10T18:06:18.692840+00:00", "channel": "websocket", "level": "DEBUG", "msg": "ws_heartbeat", "data": {"latency_ms": 0}}
{"ts": "2026-05-10T18:06:48.668744+00:00", "channel": "websocket", "level": "DEBUG", "msg": "ws_heartbeat", "data": {"latency_ms": 0}}
{"ts": "2026-05-10T18:07:18.679605+00:00", "channel": "websocket", "level": "DEBUG", "msg": "ws_heartbeat", "data": {"latency_ms": 0}}
{"ts": "2026-05-10T18:07:48.682888+00:00", "channel": "websocket", "level": "DEBUG", "msg": "ws_heartbeat", "data": {"latency_ms": 0}}
{"ts": "2026-05-10T18:08:18.691440+00:00", "channel": "websocket", "level": "DEBUG", "msg": "ws_heartbeat", "data": {"latency_ms": 0}}
{"ts": "2026-05-10T18:08:48.669984+00:00", "channel": "websocket", "level": "DEBUG", "msg": "ws_heartbeat", "data": {"latency_ms": 0}}
{"ts": "2026-05-10T18:09:18.681541+00:00", "channel": "websocket", "level": "DEBUG", "msg": "ws_heartbeat", "data": {"latency_ms": 0}}
{"ts": "2026-05-10T18:09:48.671367+00:00", "channel": "websocket", "level": "DEBUG", "msg": "ws_heartbeat", "data": {"latency_ms": 0}}
{"ts": "2026-05-10T18:10:18.674912+00:00", "channel": "websocket", "level": "DEBUG", "msg": "ws_heartbeat", "data": {"latency_ms": 0}}
{"ts": "2026-05-10T18:10:48.675532+00:00", "channel": "websocket", "level": "DEBUG", "msg": "ws_heartbeat", "data": {"latency_ms": 0}}
{"ts": "2026-05-10T18:11:18.677979+00:00", "channel": "websocket", "level": "DEBUG", "msg": "ws_heartbeat", "data": {"latency_ms": 0}}
{"ts": "2026-05-10T18:11:48.677508+00:00", "channel": "websocket", "level": "DEBUG", "msg": "ws_heartbeat", "data": {"latency_ms": 0}}
{"ts": "2026-05-10T18:12:18.759691+00:00", "channel": "websocket", "level": "DEBUG", "msg": "ws_heartbeat", "data": {"latency_ms": 0}}
{"ts": "2026-05-10T18:12:48.681818+00:00", "channel": "websocket", "level": "DEBUG", "msg": "ws_heartbeat", "data": {"latency_ms": 0}}
{"ts": "2026-05-10T18:13:18.746698+00:00", "channel": "websocket", "level": "DEBUG", "msg": "ws_heartbeat", "data": {"latency_ms": 0}}
{"ts": "2026-05-10T18:13:49.397982+00:00", "channel": "websocket", "level": "DEBUG", "msg": "ws_heartbeat", "data": {"latency_ms": 0}}
{"ts": "2026-05-10T18:14:18.683928+00:00", "channel": "websocket", "level": "DEBUG", "msg": "ws_heartbeat", "data": {"latency_ms": 0}}
{"ts": "2026-05-10T18:14:49.080269+00:00", "channel": "websocket", "level": "DEBUG", "msg": "ws_heartbeat", "data": {"latency_ms": 0}}
{"ts": "2026-05-10T18:15:18.739366+00:00", "channel": "websocket", "level": "DEBUG", "msg": "ws_heartbeat", "data": {"latency_ms": 0}}
{"ts": "2026-05-10T18:15:48.871028+00:00", "channel": "websocket", "level": "DEBUG", "msg": "ws_heartbeat", "data": {"latency_ms": 0}}
{"ts": "2026-05-10T18:16:18.694714+00:00", "channel": "websocket", "level": "DEBUG", "msg": "ws_heartbeat", "data": {"latency_ms": 0}}
{"ts": "2026-05-10T18:16:48.700029+00:00", "channel": "websocket", "level": "DEBUG", "msg": "ws_heartbeat", "data": {"latency_ms": 0}}
{"ts": "2026-05-10T18:17:18.701910+00:00", "channel": "websocket", "level": "DEBUG", "msg": "ws_heartbeat", "data": {"latency_ms": 0}}
{"ts": "2026-05-10T18:17:48.706396+00:00", "channel": "websocket", "level": "DEBUG", "msg": "ws_heartbeat", "data": {"latency_ms": 0}}
{"ts": "2026-05-10T18:18:18.706052+00:00", "channel": "websocket", "level": "DEBUG", "msg": "ws_heartbeat", "data": {"latency_ms": 0}}
{"ts": "2026-05-10T18:18:48.711759+00:00", "channel": "websocket", "level": "DEBUG", "msg": "ws_heartbeat", "data": {"latency_ms": 0}}
{"ts": "2026-05-10T18:19:18.712678+00:00", "channel": "websocket", "level": "DEBUG", "msg": "ws_heartbeat", "data": {"latency_ms": 0}}
{"ts": "2026-05-10T18:19:48.812278+00:00", "channel": "websocket", "level": "DEBUG", "msg": "ws_heartbeat", "data": {"latency_ms": 0}}
{"ts": "2026-05-10T18:20:18.719425+00:00", "channel": "websocket", "level": "DEBUG", "msg": "ws_heartbeat", "data": {"latency_ms": 0}}
{"ts": "2026-05-10T18:20:48.720227+00:00", "channel": "websocket", "level": "DEBUG", "msg": "ws_heartbeat", "data": {"latency_ms": 0}}
{"ts": "2026-05-10T18:21:18.728624+00:00", "channel": "websocket", "level": "DEBUG", "msg": "ws_heartbeat", "data": {"latency_ms": 0}}
{"ts": "2026-05-10T18:21:48.727685+00:00", "channel": "websocket", "level": "DEBUG", "msg": "ws_heartbeat", "data": {"latency_ms": 0}}
{"ts": "2026-05-10T18:22:18.734542+00:00", "channel": "websocket", "level": "DEBUG", "msg": "ws_heartbeat", "data": {"latency_ms": 0}}
{"ts": "2026-05-10T18:22:48.741513+00:00", "channel": "websocket", "level": "DEBUG", "msg": "ws_heartbeat", "data": {"latency_ms": 0}}
{"ts": "2026-05-10T18:23:18.755001+00:00", "channel": "websocket", "level": "DEBUG", "msg": "ws_heartbeat", "data": {"latency_ms": 0}}
{"ts": "2026-05-10T18:23:48.747521+00:00", "channel": "websocket", "level": "DEBUG", "msg": "ws_heartbeat", "data": {"latency_ms": 0}}
{"ts": "2026-05-10T18:24:18.750343+00:00", "channel": "websocket", "level": "DEBUG", "msg": "ws_heartbeat", "data": {"latency_ms": 0}}
{"ts": "2026-05-10T18:24:48.756597+00:00", "channel": "websocket", "level": "DEBUG", "msg": "ws_heartbeat", "data": {"latency_ms": 0}}
{"ts": "2026-05-10T18:25:18.791539+00:00", "channel": "websocket", "level": "DEBUG", "msg": "ws_heartbeat", "data": {"latency_ms": 0}}
{"ts": "2026-05-10T18:25:48.757048+00:00", "channel": "websocket", "level": "DEBUG", "msg": "ws_heartbeat", "data": {"latency_ms": 0}}
{"ts": "2026-05-10T18:26:18.762156+00:00", "channel": "websocket", "level": "DEBUG", "msg": "ws_heartbeat", "data": {"latency_ms": 0}}
{"ts": "2026-05-10T18:26:48.761247+00:00", "channel": "websocket", "level": "DEBUG", "msg": "ws_heartbeat", "data": {"latency_ms": 0}}
{"ts": "2026-05-10T18:27:18.764277+00:00", "channel": "websocket", "level": "DEBUG", "msg": "ws_heartbeat", "data": {"latency_ms": 0}}
{"ts": "2026-05-10T18:27:48.767794+00:00", "channel": "websocket", "level": "DEBUG", "msg": "ws_heartbeat", "data": {"latency_ms": 0}}
{"ts": "2026-05-10T18:28:18.773709+00:00", "channel": "websocket", "level": "DEBUG", "msg": "ws_heartbeat", "data": {"latency_ms": 0}}
{"ts": "2026-05-10T18:28:48.774013+00:00", "channel": "websocket", "level": "DEBUG", "msg": "ws_heartbeat", "data": {"latency_ms": 0}}
{"ts": "2026-05-10T18:29:18.774783+00:00", "channel": "websocket", "level": "DEBUG", "msg": "ws_heartbeat", "data": {"latency_ms": 0}}
{"ts": "2026-05-10T18:29:48.778612+00:00", "channel": "websocket", "level": "DEBUG", "msg": "ws_heartbeat", "data": {"latency_ms": 0}}
{"ts": "2026-05-10T18:30:18.778861+00:00", "channel": "websocket", "level": "DEBUG", "msg": "ws_heartbeat", "data": {"latency_ms": 0}}
{"ts": "2026-05-10T18:30:48.782129+00:00", "channel": "websocket", "level": "DEBUG", "msg": "ws_heartbeat", "data": {"latency_ms": 0}}
{"ts": "2026-05-10T18:31:18.784351+00:00", "channel": "websocket", "level": "DEBUG", "msg": "ws_heartbeat", "data": {"latency_ms": 0}}
{"ts": "2026-05-10T18:31:48.784260+00:00", "channel": "websocket", "level": "DEBUG", "msg": "ws_heartbeat", "data": {"latency_ms": 0}}
{"ts": "2026-05-10T18:32:18.787026+00:00", "channel": "websocket", "level": "DEBUG", "msg": "ws_heartbeat", "data": {"latency_ms": 0}}
{"ts": "2026-05-10T18:32:48.791021+00:00", "channel": "websocket", "level": "DEBUG", "msg": "ws_heartbeat", "data": {"latency_ms": 0}}
{"ts": "2026-05-10T18:33:18.792240+00:00", "channel": "websocket", "level": "DEBUG", "msg": "ws_heartbeat", "data": {"latency_ms": 0}}
{"ts": "2026-05-10T18:33:48.796787+00:00", "channel": "websocket", "level": "DEBUG", "msg": "ws_heartbeat", "data": {"latency_ms": 0}}
{"ts": "2026-05-10T18:34:18.795056+00:00", "channel": "websocket", "level": "DEBUG", "msg": "ws_heartbeat", "data": {"latency_ms": 0}}
{"ts": "2026-05-10T18:34:48.798187+00:00", "channel": "websocket", "level": "DEBUG", "msg": "ws_heartbeat", "data": {"latency_ms": 0}}
{"ts": "2026-05-10T18:35:18.800298+00:00", "channel": "websocket", "level": "DEBUG", "msg": "ws_heartbeat", "data": {"latency_ms": 0}}
{"ts": "2026-05-10T18:35:48.801364+00:00", "channel": "websocket", "level": "DEBUG", "msg": "ws_heartbeat", "data": {"latency_ms": 0}}
{"ts": "2026-05-10T18:36:18.803346+00:00", "channel": "websocket", "level": "DEBUG", "msg": "ws_heartbeat", "data": {"latency_ms": 0}}
{"ts": "2026-05-10T18:36:48.823589+00:00", "channel": "websocket", "level": "DEBUG", "msg": "ws_heartbeat", "data": {"latency_ms": 0}}
{"ts": "2026-05-10T18:37:18.805940+00:00", "channel": "websocket", "level": "DEBUG", "msg": "ws_heartbeat", "data": {"latency_ms": 0}}
{"ts": "2026-05-10T18:37:48.807990+00:00", "channel": "websocket", "level": "DEBUG", "msg": "ws_heartbeat", "data": {"latency_ms": 0}}
{"ts": "2026-05-10T18:38:18.809782+00:00", "channel": "websocket", "level": "DEBUG", "msg": "ws_heartbeat", "data": {"latency_ms": 0}}
{"ts": "2026-05-10T18:38:48.815304+00:00", "channel": "websocket", "level": "DEBUG", "msg": "ws_heartbeat", "data": {"latency_ms": 0}}
{"ts": "2026-05-10T18:39:18.816473+00:00", "channel": "websocket", "level": "DEBUG", "msg": "ws_heartbeat", "data": {"latency_ms": 0}}
{"ts": "2026-05-10T18:39:48.818385+00:00", "channel": "websocket", "level": "DEBUG", "msg": "ws_heartbeat", "data": {"latency_ms": 0}}
{"ts": "2026-05-10T18:40:18.818540+00:00", "channel": "websocket", "level": "DEBUG", "msg": "ws_heartbeat", "data": {"latency_ms": 0}}
{"ts": "2026-05-10T18:40:48.815714+00:00", "channel": "websocket", "level": "DEBUG", "msg": "ws_heartbeat", "data": {"latency_ms": 0}}
{"ts": "2026-05-10T18:41:18.818964+00:00", "channel": "websocket", "level": "DEBUG", "msg": "ws_heartbeat", "data": {"latency_ms": 0}}
{"ts": "2026-05-10T18:41:48.820686+00:00", "channel": "websocket", "level": "DEBUG", "msg": "ws_heartbeat", "data": {"latency_ms": 0}}
{"ts": "2026-05-10T18:42:18.820029+00:00", "channel": "websocket", "level": "DEBUG", "msg": "ws_heartbeat", "data": {"latency_ms": 0}}
{"ts": "2026-05-10T18:42:48.821005+00:00", "channel": "websocket", "level": "DEBUG", "msg": "ws_heartbeat", "data": {"latency_ms": 0}}
{"ts": "2026-05-10T18:43:18.825869+00:00", "channel": "websocket", "level": "DEBUG", "msg": "ws_heartbeat", "data": {"latency_ms": 0}}
{"ts": "2026-05-10T18:43:48.821832+00:00", "channel": "websocket", "level": "DEBUG", "msg": "ws_heartbeat", "data": {"latency_ms": 0}}
{"ts": "2026-05-10T18:44:18.824817+00:00", "channel": "websocket", "level": "DEBUG", "msg": "ws_heartbeat", "data": {"latency_ms": 0}}
{"ts": "2026-05-10T18:44:48.823477+00:00", "channel": "websocket", "level": "DEBUG", "msg": "ws_heartbeat", "data": {"latency_ms": 0}}
{"ts": "2026-05-10T18:45:18.824307+00:00", "channel": "websocket", "level": "DEBUG", "msg": "ws_heartbeat", "data": {"latency_ms": 0}}
{"ts": "2026-05-10T18:45:48.829332+00:00", "channel": "websocket", "level": "DEBUG", "msg": "ws_heartbeat", "data": {"latency_ms": 0}}
{"ts": "2026-05-10T18:46:18.835461+00:00", "channel": "websocket", "level": "DEBUG", "msg": "ws_heartbeat", "data": {"latency_ms": 0}}
{"ts": "2026-05-10T18:46:48.841508+00:00", "channel": "websocket", "level": "DEBUG", "msg": "ws_heartbeat", "data": {"latency_ms": 0}}
{"ts": "2026-05-10T18:47:18.838731+00:00", "channel": "websocket", "level": "DEBUG", "msg": "ws_heartbeat", "data": {"latency_ms": 0}}
{"ts": "2026-05-10T18:47:48.841739+00:00", "channel": "websocket", "level": "DEBUG", "msg": "ws_heartbeat", "data": {"latency_ms": 0}}
{"ts": "2026-05-10T18:48:18.846719+00:00", "channel": "websocket", "level": "DEBUG", "msg": "ws_heartbeat", "data": {"latency_ms": 0}}
{"ts": "2026-05-10T18:48:48.843708+00:00", "channel": "websocket", "level": "DEBUG", "msg": "ws_heartbeat", "data": {"latency_ms": 0}}
{"ts": "2026-05-10T18:49:18.849697+00:00", "channel": "websocket", "level": "DEBUG", "msg": "ws_heartbeat", "data": {"latency_ms": 0}}
{"ts": "2026-05-10T18:49:48.847348+00:00", "channel": "websocket", "level": "DEBUG", "msg": "ws_heartbeat", "data": {"latency_ms": 0}}
{"ts": "2026-05-10T18:50:18.847592+00:00", "channel": "websocket", "level": "DEBUG", "msg": "ws_heartbeat", "data": {"latency_ms": 0}}
{"ts": "2026-05-10T18:50:48.850753+00:00", "channel": "websocket", "level": "DEBUG", "msg": "ws_heartbeat", "data": {"latency_ms": 0}}
{"ts": "2026-05-10T18:51:18.855528+00:00", "channel": "websocket", "level": "DEBUG", "msg": "ws_heartbeat", "data": {"latency_ms": 0}}
{"ts": "2026-05-10T18:51:48.868573+00:00", "channel": "websocket", "level": "DEBUG", "msg": "ws_heartbeat", "data": {"latency_ms": 0}}
{"ts": "2026-05-10T18:52:18.857491+00:00", "channel": "websocket", "level": "DEBUG", "msg": "ws_heartbeat", "data": {"latency_ms": 0}}
{"ts": "2026-05-10T18:52:48.857006+00:00", "channel": "websocket", "level": "DEBUG", "msg": "ws_heartbeat", "data": {"latency_ms": 0}}
{"ts": "2026-05-10T18:53:07.116934+00:00", "channel": "websocket", "level": "WARNING", "msg": "ws_disconnect", "data": {"socket_id": "igczICWDXJWsZAhBAAAA", "reason": "socket.io_disconnect", "total_disconnections": 18}}
{"ts": "2026-05-10T18:53:13.126717+00:00", "channel": "websocket", "level": "INFO", "msg": "ws_backoff", "data": {"delay_s": 10, "attempt": 19}}
{"ts": "2026-05-10T18:53:13.703253+00:00", "channel": "websocket", "level": "INFO", "msg": "ws_connect", "data": {"socket_id": "P_zxKBoojfTK-Lk3AAAA", "ip": "https://ibrahim-backend-production.up.railway.app"}}
{"ts": "2026-05-10T18:53:43.397267+00:00", "channel": "websocket", "level": "DEBUG", "msg": "ws_heartbeat", "data": {"latency_ms": 0}}
{"ts": "2026-05-10T18:54:13.423891+00:00", "channel": "websocket", "level": "DEBUG", "msg": "ws_heartbeat", "data": {"latency_ms": 0}}
{"ts": "2026-05-10T18:54:43.405360+00:00", "channel": "websocket", "level": "DEBUG", "msg": "ws_heartbeat", "data": {"latency_ms": 0}}
{"ts": "2026-05-10T18:55:13.399642+00:00", "channel": "websocket", "level": "DEBUG", "msg": "ws_heartbeat", "data": {"latency_ms": 0}}
{"ts": "2026-05-10T18:55:43.403855+00:00", "channel": "websocket", "level": "DEBUG", "msg": "ws_heartbeat", "data": {"latency_ms": 0}}
{"ts": "2026-05-11T05:15:29.503427+00:00", "channel": "websocket", "level": "INFO", "msg": "ws_backoff", "data": {"delay_s": 5, "attempt": 1}}
{"ts": "2026-05-11T05:15:30.103579+00:00", "channel": "websocket", "level": "INFO", "msg": "ws_connect", "data": {"socket_id": "aomy9gs7yr9dDaiGAAAC", "ip": "https://ibrahim-backend-production.up.railway.app"}}
{"ts": "2026-05-11T05:15:59.742314+00:00", "channel": "websocket", "level": "DEBUG", "msg": "ws_heartbeat", "data": {"latency_ms": 0}}
{"ts": "2026-05-11T05:16:29.743928+00:00", "channel": "websocket", "level": "DEBUG", "msg": "ws_heartbeat", "data": {"latency_ms": 0}}
{"ts": "2026-05-11T05:16:59.748602+00:00", "channel": "websocket", "level": "DEBUG", "msg": "ws_heartbeat", "data": {"latency_ms": 0}}
{"ts": "2026-05-11T05:17:29.751836+00:00", "channel": "websocket", "level": "DEBUG", "msg": "ws_heartbeat", "data": {"latency_ms": 0}}
{"ts": "2026-05-11T05:17:59.753717+00:00", "channel": "websocket", "level": "DEBUG", "msg": "ws_heartbeat", "data": {"latency_ms": 0}}
{"ts": "2026-05-11T05:18:29.758341+00:00", "channel": "websocket", "level": "DEBUG", "msg": "ws_heartbeat", "data": {"latency_ms": 0}}
{"ts": "2026-05-11T05:18:59.760173+00:00", "channel": "websocket", "level": "DEBUG", "msg": "ws_heartbeat", "data": {"latency_ms": 0}}
{"ts": "2026-05-11T05:19:29.762357+00:00", "channel": "websocket", "level": "DEBUG", "msg": "ws_heartbeat", "data": {"latency_ms": 0}}
{"ts": "2026-05-11T05:19:59.766441+00:00", "channel": "websocket", "level": "DEBUG", "msg": "ws_heartbeat", "data": {"latency_ms": 0}}
{"ts": "2026-05-11T05:20:29.770694+00:00", "channel": "websocket", "level": "DEBUG", "msg": "ws_heartbeat", "data": {"latency_ms": 0}}
{"ts": "2026-05-11T05:20:59.773907+00:00", "channel": "websocket", "level": "DEBUG", "msg": "ws_heartbeat", "data": {"latency_ms": 0}}
{"ts": "2026-05-11T05:21:29.775213+00:00", "channel": "websocket", "level": "DEBUG", "msg": "ws_heartbeat", "data": {"latency_ms": 0}}
{"ts": "2026-05-11T05:21:59.782411+00:00", "channel": "websocket", "level": "DEBUG", "msg": "ws_heartbeat", "data": {"latency_ms": 0}}
{"ts": "2026-05-11T05:22:29.784020+00:00", "channel": "websocket", "level": "DEBUG", "msg": "ws_heartbeat", "data": {"latency_ms": 0}}
{"ts": "2026-05-11T05:22:59.786682+00:00", "channel": "websocket", "level": "DEBUG", "msg": "ws_heartbeat", "data": {"latency_ms": 0}}
{"ts": "2026-05-11T05:23:29.841309+00:00", "channel": "websocket", "level": "DEBUG", "msg": "ws_heartbeat", "data": {"latency_ms": 0}}
{"ts": "2026-05-11T05:23:59.834338+00:00", "channel": "websocket", "level": "DEBUG", "msg": "ws_heartbeat", "data": {"latency_ms": 0}}
{"ts": "2026-05-11T05:24:29.836549+00:00", "channel": "websocket", "level": "DEBUG", "msg": "ws_heartbeat", "data": {"latency_ms": 0}}
{"ts": "2026-05-11T05:24:59.841384+00:00", "channel": "websocket", "level": "DEBUG", "msg": "ws_heartbeat", "data": {"latency_ms": 0}}
{"ts": "2026-05-11T05:25:29.849060+00:00", "channel": "websocket", "level": "DEBUG", "msg": "ws_heartbeat", "data": {"latency_ms": 0}}
{"ts": "2026-05-11T05:25:59.854212+00:00", "channel": "websocket", "level": "DEBUG", "msg": "ws_heartbeat", "data": {"latency_ms": 0}}
{"ts": "2026-05-11T05:26:29.855986+00:00", "channel": "websocket", "level": "DEBUG", "msg": "ws_heartbeat", "data": {"latency_ms": 0}}
{"ts": "2026-05-11T05:26:59.860436+00:00", "channel": "websocket", "level": "DEBUG", "msg": "ws_heartbeat", "data": {"latency_ms": 0}}
{"ts": "2026-05-11T05:27:29.864857+00:00", "channel": "websocket", "level": "DEBUG", "msg": "ws_heartbeat", "data": {"latency_ms": 0}}
{"ts": "2026-05-11T05:27:59.885967+00:00", "channel": "websocket", "level": "DEBUG", "msg": "ws_heartbeat", "data": {"latency_ms": 0}}
{"ts": "2026-05-11T05:28:29.864483+00:00", "channel": "websocket", "level": "DEBUG", "msg": "ws_heartbeat", "data": {"latency_ms": 0}}
{"ts": "2026-05-11T05:28:59.868716+00:00", "channel": "websocket", "level": "DEBUG", "msg": "ws_heartbeat", "data": {"latency_ms": 0}}
{"ts": "2026-05-11T05:29:29.872884+00:00", "channel": "websocket", "level": "DEBUG", "msg": "ws_heartbeat", "data": {"latency_ms": 0}}
{"ts": "2026-05-11T05:29:59.875558+00:00", "channel": "websocket", "level": "DEBUG", "msg": "ws_heartbeat", "data": {"latency_ms": 0}}
{"ts": "2026-05-11T05:30:29.877967+00:00", "channel": "websocket", "level": "DEBUG", "msg": "ws_heartbeat", "data": {"latency_ms": 0}}
{"ts": "2026-05-11T05:30:59.881555+00:00", "channel": "websocket", "level": "DEBUG", "msg": "ws_heartbeat", "data": {"latency_ms": 0}}
{"ts": "2026-05-11T05:31:29.881618+00:00", "channel": "websocket", "level": "DEBUG", "msg": "ws_heartbeat", "data": {"latency_ms": 0}}
{"ts": "2026-05-11T05:31:59.900306+00:00", "channel": "websocket", "level": "DEBUG", "msg": "ws_heartbeat", "data": {"latency_ms": 0}}
{"ts": "2026-05-11T05:32:30.020361+00:00", "channel": "websocket", "level": "DEBUG", "msg": "ws_heartbeat", "data": {"latency_ms": 0}}
{"ts": "2026-05-11T05:32:59.914897+00:00", "channel": "websocket", "level": "DEBUG", "msg": "ws_heartbeat", "data": {"latency_ms": 0}}
{"ts": "2026-05-11T05:33:29.908185+00:00", "channel": "websocket", "level": "DEBUG", "msg": "ws_heartbeat", "data": {"latency_ms": 0}}
{"ts": "2026-05-11T05:33:59.913793+00:00", "channel": "websocket", "level": "DEBUG", "msg": "ws_heartbeat", "data": {"latency_ms": 0}}
{"ts": "2026-05-11T05:34:29.910787+00:00", "channel": "websocket", "level": "DEBUG", "msg": "ws_heartbeat", "data": {"latency_ms": 0}}
{"ts": "2026-05-11T05:34:59.912123+00:00", "channel": "websocket", "level": "DEBUG", "msg": "ws_heartbeat", "data": {"latency_ms": 0}}
{"ts": "2026-05-11T05:35:29.918792+00:00", "channel": "websocket", "level": "DEBUG", "msg": "ws_heartbeat", "data": {"latency_ms": 0}}
{"ts": "2026-05-11T05:35:59.917718+00:00", "channel": "websocket", "level": "DEBUG", "msg": "ws_heartbeat", "data": {"latency_ms": 0}}
{"ts": "2026-05-11T05:36:29.919959+00:00", "channel": "websocket", "level": "DEBUG", "msg": "ws_heartbeat", "data": {"latency_ms": 0}}
{"ts": "2026-05-11T05:36:59.924946+00:00", "channel": "websocket", "level": "DEBUG", "msg": "ws_heartbeat", "data": {"latency_ms": 0}}
{"ts": "2026-05-11T05:37:29.927813+00:00", "channel": "websocket", "level": "DEBUG", "msg": "ws_heartbeat", "data": {"latency_ms": 0}}
{"ts": "2026-05-11T05:37:59.932378+00:00", "channel": "websocket", "level": "DEBUG", "msg": "ws_heartbeat", "data": {"latency_ms": 0}}
{"ts": "2026-05-11T05:38:09.817725+00:00", "channel": "websocket", "level": "WARNING", "msg": "ws_disconnect", "data": {"socket_id": "aomy9gs7yr9dDaiGAAAC", "reason": "socket.io_disconnect", "total_disconnections": 1}}
{"ts": "2026-05-11T05:38:15.837006+00:00", "channel": "websocket", "level": "INFO", "msg": "ws_backoff", "data": {"delay_s": 10, "attempt": 2}}
{"ts": "2026-05-11T05:38:16.330060+00:00", "channel": "websocket", "level": "INFO", "msg": "ws_connect", "data": {"socket_id": "uAZCTH7B4M6y5RTJAAAA", "ip": "https://ibrahim-backend-production.up.railway.app"}}
{"ts": "2026-05-11T05:38:46.025543+00:00", "channel": "websocket", "level": "DEBUG", "msg": "ws_heartbeat", "data": {"latency_ms": 0}}
{"ts": "2026-05-11T05:39:02.873046+00:00", "channel": "websocket", "level": "WARNING", "msg": "ws_disconnect", "data": {"socket_id": "uAZCTH7B4M6y5RTJAAAA", "reason": "socket.io_disconnect", "total_disconnections": 2}}
{"ts": "2026-05-11T05:39:08.882909+00:00", "channel": "websocket", "level": "INFO", "msg": "ws_backoff", "data": {"delay_s": 10, "attempt": 3}}
{"ts": "2026-05-11T05:39:09.440727+00:00", "channel": "websocket", "level": "INFO", "msg": "ws_connect", "data": {"socket_id": "_YBRfXcZCpqLlEM2AAAA", "ip": "https://ibrahim-backend-production.up.railway.app"}}
{"ts": "2026-05-11T05:39:39.137241+00:00", "channel": "websocket", "level": "DEBUG", "msg": "ws_heartbeat", "data": {"latency_ms": 0}}
{"ts": "2026-05-11T05:40:09.138121+00:00", "channel": "websocket", "level": "DEBUG", "msg": "ws_heartbeat", "data": {"latency_ms": 0}}
{"ts": "2026-05-11T05:40:39.138809+00:00", "channel": "websocket", "level": "DEBUG", "msg": "ws_heartbeat", "data": {"latency_ms": 0}}
{"ts": "2026-05-11T05:41:09.141654+00:00", "channel": "websocket", "level": "DEBUG", "msg": "ws_heartbeat", "data": {"latency_ms": 0}}
{"ts": "2026-05-11T05:41:39.139608+00:00", "channel": "websocket", "level": "DEBUG", "msg": "ws_heartbeat", "data": {"latency_ms": 0}}
{"ts": "2026-05-11T05:42:09.141933+00:00", "channel": "websocket", "level": "DEBUG", "msg": "ws_heartbeat", "data": {"latency_ms": 0}}
{"ts": "2026-05-11T05:42:39.139843+00:00", "channel": "websocket", "level": "DEBUG", "msg": "ws_heartbeat", "data": {"latency_ms": 0}}
{"ts": "2026-05-11T05:43:09.144926+00:00", "channel": "websocket", "level": "DEBUG", "msg": "ws_heartbeat", "data": {"latency_ms": 0}}
{"ts": "2026-05-11T05:43:39.148264+00:00", "channel": "websocket", "level": "DEBUG", "msg": "ws_heartbeat", "data": {"latency_ms": 0}}
{"ts": "2026-05-11T05:44:09.143471+00:00", "channel": "websocket", "level": "DEBUG", "msg": "ws_heartbeat", "data": {"latency_ms": 0}}
{"ts": "2026-05-11T05:44:39.146012+00:00", "channel": "websocket", "level": "DEBUG", "msg": "ws_heartbeat", "data": {"latency_ms": 0}}
{"ts": "2026-05-11T05:45:09.147325+00:00", "channel": "websocket", "level": "DEBUG", "msg": "ws_heartbeat", "data": {"latency_ms": 0}}
{"ts": "2026-05-11T05:45:39.151721+00:00", "channel": "websocket", "level": "DEBUG", "msg": "ws_heartbeat", "data": {"latency_ms": 0}}
{"ts": "2026-05-11T05:46:09.156457+00:00", "channel": "websocket", "level": "DEBUG", "msg": "ws_heartbeat", "data": {"latency_ms": 0}}
{"ts": "2026-05-11T05:46:39.168733+00:00", "channel": "websocket", "level": "DEBUG", "msg": "ws_heartbeat", "data": {"latency_ms": 0}}
{"ts": "2026-05-11T05:47:09.162412+00:00", "channel": "websocket", "level": "DEBUG", "msg": "ws_heartbeat", "data": {"latency_ms": 0}}
{"ts": "2026-05-11T05:47:39.165945+00:00", "channel": "websocket", "level": "DEBUG", "msg": "ws_heartbeat", "data": {"latency_ms": 0}}
{"ts": "2026-05-11T05:48:09.167953+00:00", "channel": "websocket", "level": "DEBUG", "msg": "ws_heartbeat", "data": {"latency_ms": 0}}
{"ts": "2026-05-11T05:48:39.172938+00:00", "channel": "websocket", "level": "DEBUG", "msg": "ws_heartbeat", "data": {"latency_ms": 0}}
{"ts": "2026-05-11T05:49:09.175799+00:00", "channel": "websocket", "level": "DEBUG", "msg": "ws_heartbeat", "data": {"latency_ms": 0}}
{"ts": "2026-05-11T05:49:39.180253+00:00", "channel": "websocket", "level": "DEBUG", "msg": "ws_heartbeat", "data": {"latency_ms": 0}}
{"ts": "2026-05-11T05:50:09.184923+00:00", "channel": "websocket", "level": "DEBUG", "msg": "ws_heartbeat", "data": {"latency_ms": 0}}
{"ts": "2026-05-11T05:50:39.188474+00:00", "channel": "websocket", "level": "DEBUG", "msg": "ws_heartbeat", "data": {"latency_ms": 0}}
{"ts": "2026-05-11T05:51:09.191407+00:00", "channel": "websocket", "level": "DEBUG", "msg": "ws_heartbeat", "data": {"latency_ms": 0}}
{"ts": "2026-05-11T05:51:39.193312+00:00", "channel": "websocket", "level": "DEBUG", "msg": "ws_heartbeat", "data": {"latency_ms": 0}}
{"ts": "2026-05-11T05:52:09.199101+00:00", "channel": "websocket", "level": "DEBUG", "msg": "ws_heartbeat", "data": {"latency_ms": 0}}
{"ts": "2026-05-11T05:52:39.225338+00:00", "channel": "websocket", "level": "DEBUG", "msg": "ws_heartbeat", "data": {"latency_ms": 0}}
{"ts": "2026-05-11T05:53:09.204467+00:00", "channel": "websocket", "level": "DEBUG", "msg": "ws_heartbeat", "data": {"latency_ms": 0}}
{"ts": "2026-05-11T05:53:39.212777+00:00", "channel": "websocket", "level": "DEBUG", "msg": "ws_heartbeat", "data": {"latency_ms": 0}}
{"ts": "2026-05-11T05:54:09.211394+00:00", "channel": "websocket", "level": "DEBUG", "msg": "ws_heartbeat", "data": {"latency_ms": 0}}
{"ts": "2026-05-11T05:54:39.215696+00:00", "channel": "websocket", "level": "DEBUG", "msg": "ws_heartbeat", "data": {"latency_ms": 0}}
{"ts": "2026-05-11T05:55:09.218709+00:00", "channel": "websocket", "level": "DEBUG", "msg": "ws_heartbeat", "data": {"latency_ms": 0}}
{"ts": "2026-05-11T05:55:39.223587+00:00", "channel": "websocket", "level": "DEBUG", "msg": "ws_heartbeat", "data": {"latency_ms": 0}}
{"ts": "2026-05-11T05:56:09.226726+00:00", "channel": "websocket", "level": "DEBUG", "msg": "ws_heartbeat", "data": {"latency_ms": 0}}
{"ts": "2026-05-11T05:56:39.232148+00:00", "channel": "websocket", "level": "DEBUG", "msg": "ws_heartbeat", "data": {"latency_ms": 0}}
{"ts": "2026-05-11T05:57:09.234203+00:00", "channel": "websocket", "level": "DEBUG", "msg": "ws_heartbeat", "data": {"latency_ms": 0}}
{"ts": "2026-05-11T05:57:39.239587+00:00", "channel": "websocket", "level": "DEBUG", "msg": "ws_heartbeat", "data": {"latency_ms": 0}}
{"ts": "2026-05-11T05:58:09.242291+00:00", "channel": "websocket", "level": "DEBUG", "msg": "ws_heartbeat", "data": {"latency_ms": 0}}
{"ts": "2026-05-11T05:58:39.242435+00:00", "channel": "websocket", "level": "DEBUG", "msg": "ws_heartbeat", "data": {"latency_ms": 0}}
{"ts": "2026-05-11T05:59:09.243787+00:00", "channel": "websocket", "level": "DEBUG", "msg": "ws_heartbeat", "data": {"latency_ms": 0}}
{"ts": "2026-05-11T05:59:39.247353+00:00", "channel": "websocket", "level": "DEBUG", "msg": "ws_heartbeat", "data": {"latency_ms": 0}}
{"ts": "2026-05-11T06:00:09.248858+00:00", "channel": "websocket", "level": "DEBUG", "msg": "ws_heartbeat", "data": {"latency_ms": 0}}
{"ts": "2026-05-11T06:00:39.254690+00:00", "channel": "websocket", "level": "DEBUG", "msg": "ws_heartbeat", "data": {"latency_ms": 0}}
{"ts": "2026-05-11T06:01:09.261213+00:00", "channel": "websocket", "level": "DEBUG", "msg": "ws_heartbeat", "data": {"latency_ms": 0}}
{"ts": "2026-05-11T06:01:39.261800+00:00", "channel": "websocket", "level": "DEBUG", "msg": "ws_heartbeat", "data": {"latency_ms": 0}}
{"ts": "2026-05-11T06:02:09.273039+00:00", "channel": "websocket", "level": "DEBUG", "msg": "ws_heartbeat", "data": {"latency_ms": 0}}
{"ts": "2026-05-11T06:02:39.267643+00:00", "channel": "websocket", "level": "DEBUG", "msg": "ws_heartbeat", "data": {"latency_ms": 0}}
{"ts": "2026-05-11T06:03:09.274362+00:00", "channel": "websocket", "level": "DEBUG", "msg": "ws_heartbeat", "data": {"latency_ms": 0}}
{"ts": "2026-05-11T06:04:37.976334+00:00", "channel": "websocket", "level": "WARNING", "msg": "ws_disconnect", "data": {"socket_id": "_YBRfXcZCpqLlEM2AAAA", "reason": "socket.io_disconnect", "total_disconnections": 3}}
{"ts": "2026-05-11T06:04:43.996690+00:00", "channel": "websocket", "level": "INFO", "msg": "ws_backoff", "data": {"delay_s": 10, "attempt": 4}}
{"ts": "2026-05-11T06:04:44.547166+00:00", "channel": "websocket", "level": "INFO", "msg": "ws_connect", "data": {"socket_id": "T1iJtJBGPekCzokXAAAC", "ip": "https://ibrahim-backend-production.up.railway.app"}}
{"ts": "2026-05-11T06:05:14.229640+00:00", "channel": "websocket", "level": "DEBUG", "msg": "ws_heartbeat", "data": {"latency_ms": 0}}
{"ts": "2026-05-11T06:05:44.229443+00:00", "channel": "websocket", "level": "DEBUG", "msg": "ws_heartbeat", "data": {"latency_ms": 0}}
{"ts": "2026-05-11T06:06:14.229802+00:00", "channel": "websocket", "level": "DEBUG", "msg": "ws_heartbeat", "data": {"latency_ms": 0}}
{"ts": "2026-05-11T06:06:44.230537+00:00", "channel": "websocket", "level": "DEBUG", "msg": "ws_heartbeat", "data": {"latency_ms": 0}}
{"ts": "2026-05-11T06:07:14.232694+00:00", "channel": "websocket", "level": "DEBUG", "msg": "ws_heartbeat", "data": {"latency_ms": 0}}
{"ts": "2026-05-11T06:07:44.239192+00:00", "channel": "websocket", "level": "DEBUG", "msg": "ws_heartbeat", "data": {"latency_ms": 0}}
{"ts": "2026-05-11T06:08:14.234993+00:00", "channel": "websocket", "level": "DEBUG", "msg": "ws_heartbeat", "data": {"latency_ms": 0}}
{"ts": "2026-05-11T06:08:14.373985+00:00", "channel": "websocket", "level": "WARNING", "msg": "ws_disconnect", "data": {"socket_id": "T1iJtJBGPekCzokXAAAC", "reason": "socket.io_disconnect", "total_disconnections": 4}}
{"ts": "2026-05-11T06:08:20.386949+00:00", "channel": "websocket", "level": "INFO", "msg": "ws_backoff", "data": {"delay_s": 10, "attempt": 5}}
{"ts": "2026-05-11T06:08:20.874449+00:00", "channel": "websocket", "level": "INFO", "msg": "ws_connect", "data": {"socket_id": "nqbx7PWIcoRc5wzQAAAA", "ip": "https://ibrahim-backend-production.up.railway.app"}}
{"ts": "2026-05-11T06:08:50.574252+00:00", "channel": "websocket", "level": "DEBUG", "msg": "ws_heartbeat", "data": {"latency_ms": 0}}
{"ts": "2026-05-11T06:09:20.579863+00:00", "channel": "websocket", "level": "DEBUG", "msg": "ws_heartbeat", "data": {"latency_ms": 0}}
{"ts": "2026-05-11T06:09:50.576206+00:00", "channel": "websocket", "level": "DEBUG", "msg": "ws_heartbeat", "data": {"latency_ms": 0}}
{"ts": "2026-05-11T06:10:20.575852+00:00", "channel": "websocket", "level": "DEBUG", "msg": "ws_heartbeat", "data": {"latency_ms": 0}}
{"ts": "2026-05-11T06:10:50.575697+00:00", "channel": "websocket", "level": "DEBUG", "msg": "ws_heartbeat", "data": {"latency_ms": 0}}
{"ts": "2026-05-11T06:11:20.577298+00:00", "channel": "websocket", "level": "DEBUG", "msg": "ws_heartbeat", "data": {"latency_ms": 0}}
{"ts": "2026-05-11T06:11:50.578857+00:00", "channel": "websocket", "level": "DEBUG", "msg": "ws_heartbeat", "data": {"latency_ms": 0}}
{"ts": "2026-05-11T06:12:20.579519+00:00", "channel": "websocket", "level": "DEBUG", "msg": "ws_heartbeat", "data": {"latency_ms": 0}}
{"ts": "2026-05-11T06:12:50.583297+00:00", "channel": "websocket", "level": "DEBUG", "msg": "ws_heartbeat", "data": {"latency_ms": 0}}
{"ts": "2026-05-11T06:13:20.581890+00:00", "channel": "websocket", "level": "DEBUG", "msg": "ws_heartbeat", "data": {"latency_ms": 0}}
{"ts": "2026-05-11T06:13:50.582923+00:00", "channel": "websocket", "level": "DEBUG", "msg": "ws_heartbeat", "data": {"latency_ms": 0}}
{"ts": "2026-05-11T06:14:20.585681+00:00", "channel": "websocket", "level": "DEBUG", "msg": "ws_heartbeat", "data": {"latency_ms": 0}}
{"ts": "2026-05-11T06:14:50.587082+00:00", "channel": "websocket", "level": "DEBUG", "msg": "ws_heartbeat", "data": {"latency_ms": 0}}
{"ts": "2026-05-11T06:15:20.593980+00:00", "channel": "websocket", "level": "DEBUG", "msg": "ws_heartbeat", "data": {"latency_ms": 0}}
{"ts": "2026-05-11T06:15:50.593932+00:00", "channel": "websocket", "level": "DEBUG", "msg": "ws_heartbeat", "data": {"latency_ms": 0}}
{"ts": "2026-05-11T06:16:20.593648+00:00", "channel": "websocket", "level": "DEBUG", "msg": "ws_heartbeat", "data": {"latency_ms": 0}}
{"ts": "2026-05-11T06:16:50.595562+00:00", "channel": "websocket", "level": "DEBUG", "msg": "ws_heartbeat", "data": {"latency_ms": 0}}
{"ts": "2026-05-11T06:16:57.306023+00:00", "channel": "websocket", "level": "WARNING", "msg": "ws_disconnect", "data": {"socket_id": "nqbx7PWIcoRc5wzQAAAA", "reason": "socket.io_disconnect", "total_disconnections": 5}}
{"ts": "2026-05-11T06:17:03.311081+00:00", "channel": "websocket", "level": "INFO", "msg": "ws_backoff", "data": {"delay_s": 10, "attempt": 6}}
{"ts": "2026-05-11T06:17:03.737447+00:00", "channel": "websocket", "level": "INFO", "msg": "ws_connect", "data": {"socket_id": "Aycz4Bz1UppJl-BxAAAA", "ip": "https://ibrahim-backend-production.up.railway.app"}}
{"ts": "2026-05-11T06:17:33.432893+00:00", "channel": "websocket", "level": "DEBUG", "msg": "ws_heartbeat", "data": {"latency_ms": 0}}
{"ts": "2026-05-11T06:18:03.434818+00:00", "channel": "websocket", "level": "DEBUG", "msg": "ws_heartbeat", "data": {"latency_ms": 0}}
{"ts": "2026-05-11T06:18:33.435497+00:00", "channel": "websocket", "level": "DEBUG", "msg": "ws_heartbeat", "data": {"latency_ms": 0}}
{"ts": "2026-05-11T06:19:03.437453+00:00", "channel": "websocket", "level": "DEBUG", "msg": "ws_heartbeat", "data": {"latency_ms": 0}}
{"ts": "2026-05-11T06:19:33.438624+00:00", "channel": "websocket", "level": "DEBUG", "msg": "ws_heartbeat", "data": {"latency_ms": 0}}
{"ts": "2026-05-11T06:20:03.437895+00:00", "channel": "websocket", "level": "DEBUG", "msg": "ws_heartbeat", "data": {"latency_ms": 0}}
{"ts": "2026-05-11T06:20:33.440457+00:00", "channel": "websocket", "level": "DEBUG", "msg": "ws_heartbeat", "data": {"latency_ms": 0}}
{"ts": "2026-05-11T06:21:03.441176+00:00", "channel": "websocket", "level": "DEBUG", "msg": "ws_heartbeat", "data": {"latency_ms": 0}}
{"ts": "2026-05-11T06:21:33.441691+00:00", "channel": "websocket", "level": "DEBUG", "msg": "ws_heartbeat", "data": {"latency_ms": 0}}
{"ts": "2026-05-11T06:22:03.440435+00:00", "channel": "websocket", "level": "DEBUG", "msg": "ws_heartbeat", "data": {"latency_ms": 0}}
{"ts": "2026-05-11T06:22:33.441595+00:00", "channel": "websocket", "level": "DEBUG", "msg": "ws_heartbeat", "data": {"latency_ms": 0}}
{"ts": "2026-05-11T06:23:03.443141+00:00", "channel": "websocket", "level": "DEBUG", "msg": "ws_heartbeat", "data": {"latency_ms": 0}}
{"ts": "2026-05-11T06:23:33.443553+00:00", "channel": "websocket", "level": "DEBUG", "msg": "ws_heartbeat", "data": {"latency_ms": 0}}
{"ts": "2026-05-11T06:24:03.445556+00:00", "channel": "websocket", "level": "DEBUG", "msg": "ws_heartbeat", "data": {"latency_ms": 0}}
{"ts": "2026-05-11T06:24:33.446650+00:00", "channel": "websocket", "level": "DEBUG", "msg": "ws_heartbeat", "data": {"latency_ms": 0}}
{"ts": "2026-05-11T06:25:03.447434+00:00", "channel": "websocket", "level": "DEBUG", "msg": "ws_heartbeat", "data": {"latency_ms": 0}}
{"ts": "2026-05-11T06:25:33.447877+00:00", "channel": "websocket", "level": "DEBUG", "msg": "ws_heartbeat", "data": {"latency_ms": 0}}
{"ts": "2026-05-11T06:26:03.448434+00:00", "channel": "websocket", "level": "DEBUG", "msg": "ws_heartbeat", "data": {"latency_ms": 0}}
{"ts": "2026-05-11T06:26:33.448920+00:00", "channel": "websocket", "level": "DEBUG", "msg": "ws_heartbeat", "data": {"latency_ms": 0}}
{"ts": "2026-05-11T06:27:03.449633+00:00", "channel": "websocket", "level": "DEBUG", "msg": "ws_heartbeat", "data": {"latency_ms": 0}}
{"ts": "2026-05-11T06:27:33.450082+00:00", "channel": "websocket", "level": "DEBUG", "msg": "ws_heartbeat", "data": {"latency_ms": 0}}
{"ts": "2026-05-11T06:28:03.454729+00:00", "channel": "websocket", "level": "DEBUG", "msg": "ws_heartbeat", "data": {"latency_ms": 0}}
{"ts": "2026-05-11T06:28:33.455679+00:00", "channel": "websocket", "level": "DEBUG", "msg": "ws_heartbeat", "data": {"latency_ms": 0}}
{"ts": "2026-05-11T06:29:03.451556+00:00", "channel": "websocket", "level": "DEBUG", "msg": "ws_heartbeat", "data": {"latency_ms": 0}}
{"ts": "2026-05-11T06:29:33.458384+00:00", "channel": "websocket", "level": "DEBUG", "msg": "ws_heartbeat", "data": {"latency_ms": 0}}
{"ts": "2026-05-11T06:29:38.790872+00:00", "channel": "websocket", "level": "WARNING", "msg": "ws_disconnect", "data": {"socket_id": "Aycz4Bz1UppJl-BxAAAA", "reason": "socket.io_disconnect", "total_disconnections": 6}}
{"ts": "2026-05-11T06:29:44.817315+00:00", "channel": "websocket", "level": "INFO", "msg": "ws_backoff", "data": {"delay_s": 10, "attempt": 7}}
{"ts": "2026-05-11T06:29:45.270823+00:00", "channel": "websocket", "level": "INFO", "msg": "ws_connect", "data": {"socket_id": "OsYQZ3AuGiZX3nl6AAAA", "ip": "https://ibrahim-backend-production.up.railway.app"}}
{"ts": "2026-05-11T06:30:14.972744+00:00", "channel": "websocket", "level": "DEBUG", "msg": "ws_heartbeat", "data": {"latency_ms": 0}}
{"ts": "2026-05-11T06:30:44.972515+00:00", "channel": "websocket", "level": "DEBUG", "msg": "ws_heartbeat", "data": {"latency_ms": 0}}
{"ts": "2026-05-11T06:31:14.972812+00:00", "channel": "websocket", "level": "DEBUG", "msg": "ws_heartbeat", "data": {"latency_ms": 0}}
{"ts": "2026-05-11T06:31:44.974395+00:00", "channel": "websocket", "level": "DEBUG", "msg": "ws_heartbeat", "data": {"latency_ms": 0}}
{"ts": "2026-05-11T06:32:14.974801+00:00", "channel": "websocket", "level": "DEBUG", "msg": "ws_heartbeat", "data": {"latency_ms": 0}}
{"ts": "2026-05-11T06:32:44.978327+00:00", "channel": "websocket", "level": "DEBUG", "msg": "ws_heartbeat", "data": {"latency_ms": 0}}
{"ts": "2026-05-11T06:33:14.979839+00:00", "channel": "websocket", "level": "DEBUG", "msg": "ws_heartbeat", "data": {"latency_ms": 0}}
{"ts": "2026-05-11T06:33:44.980386+00:00", "channel": "websocket", "level": "DEBUG", "msg": "ws_heartbeat", "data": {"latency_ms": 0}}
{"ts": "2026-05-11T06:34:14.986145+00:00", "channel": "websocket", "level": "DEBUG", "msg": "ws_heartbeat", "data": {"latency_ms": 0}}
{"ts": "2026-05-11T06:34:44.986344+00:00", "channel": "websocket", "level": "DEBUG", "msg": "ws_heartbeat", "data": {"latency_ms": 0}}
{"ts": "2026-05-11T06:35:14.985861+00:00", "channel": "websocket", "level": "DEBUG", "msg": "ws_heartbeat", "data": {"latency_ms": 0}}
{"ts": "2026-05-11T06:35:44.989052+00:00", "channel": "websocket", "level": "DEBUG", "msg": "ws_heartbeat", "data": {"latency_ms": 0}}
{"ts": "2026-05-11T06:36:14.986923+00:00", "channel": "websocket", "level": "DEBUG", "msg": "ws_heartbeat", "data": {"latency_ms": 0}}
{"ts": "2026-05-11T06:36:44.987880+00:00", "channel": "websocket", "level": "DEBUG", "msg": "ws_heartbeat", "data": {"latency_ms": 0}}
{"ts": "2026-05-11T06:37:14.986900+00:00", "channel": "websocket", "level": "DEBUG", "msg": "ws_heartbeat", "data": {"latency_ms": 0}}
{"ts": "2026-05-11T06:37:44.996108+00:00", "channel": "websocket", "level": "DEBUG", "msg": "ws_heartbeat", "data": {"latency_ms": 0}}
{"ts": "2026-05-11T06:38:14.992666+00:00", "channel": "websocket", "level": "DEBUG", "msg": "ws_heartbeat", "data": {"latency_ms": 0}}
{"ts": "2026-05-11T06:38:44.988998+00:00", "channel": "websocket", "level": "DEBUG", "msg": "ws_heartbeat", "data": {"latency_ms": 0}}
{"ts": "2026-05-11T06:39:14.990012+00:00", "channel": "websocket", "level": "DEBUG", "msg": "ws_heartbeat", "data": {"latency_ms": 0}}
{"ts": "2026-05-11T06:39:44.992872+00:00", "channel": "websocket", "level": "DEBUG", "msg": "ws_heartbeat", "data": {"latency_ms": 0}}
{"ts": "2026-05-11T06:40:14.998274+00:00", "channel": "websocket", "level": "DEBUG", "msg": "ws_heartbeat", "data": {"latency_ms": 0}}
{"ts": "2026-05-11T06:40:44.993945+00:00", "channel": "websocket", "level": "DEBUG", "msg": "ws_heartbeat", "data": {"latency_ms": 0}}
{"ts": "2026-05-11T06:41:14.996194+00:00", "channel": "websocket", "level": "DEBUG", "msg": "ws_heartbeat", "data": {"latency_ms": 0}}
{"ts": "2026-05-11T06:41:44.995032+00:00", "channel": "websocket", "level": "DEBUG", "msg": "ws_heartbeat", "data": {"latency_ms": 0}}
{"ts": "2026-05-11T06:42:14.994660+00:00", "channel": "websocket", "level": "DEBUG", "msg": "ws_heartbeat", "data": {"latency_ms": 0}}
{"ts": "2026-05-11T06:42:44.994613+00:00", "channel": "websocket", "level": "DEBUG", "msg": "ws_heartbeat", "data": {"latency_ms": 0}}
{"ts": "2026-05-11T06:43:14.994652+00:00", "channel": "websocket", "level": "DEBUG", "msg": "ws_heartbeat", "data": {"latency_ms": 0}}
{"ts": "2026-05-11T06:43:44.995176+00:00", "channel": "websocket", "level": "DEBUG", "msg": "ws_heartbeat", "data": {"latency_ms": 0}}
{"ts": "2026-05-11T06:44:14.997298+00:00", "channel": "websocket", "level": "DEBUG", "msg": "ws_heartbeat", "data": {"latency_ms": 0}}
{"ts": "2026-05-11T06:44:44.998677+00:00", "channel": "websocket", "level": "DEBUG", "msg": "ws_heartbeat", "data": {"latency_ms": 0}}
{"ts": "2026-05-11T06:45:14.999391+00:00", "channel": "websocket", "level": "DEBUG", "msg": "ws_heartbeat", "data": {"latency_ms": 0}}
{"ts": "2026-05-11T06:45:44.997629+00:00", "channel": "websocket", "level": "DEBUG", "msg": "ws_heartbeat", "data": {"latency_ms": 0}}
{"ts": "2026-05-11T06:46:14.999560+00:00", "channel": "websocket", "level": "DEBUG", "msg": "ws_heartbeat", "data": {"latency_ms": 0}}
{"ts": "2026-05-11T06:46:45.001337+00:00", "channel": "websocket", "level": "DEBUG", "msg": "ws_heartbeat", "data": {"latency_ms": 0}}
{"ts": "2026-05-11T06:47:15.000852+00:00", "channel": "websocket", "level": "DEBUG", "msg": "ws_heartbeat", "data": {"latency_ms": 0}}
{"ts": "2026-05-11T06:47:45.003406+00:00", "channel": "websocket", "level": "DEBUG", "msg": "ws_heartbeat", "data": {"latency_ms": 0}}
{"ts": "2026-05-11T06:48:15.007817+00:00", "channel": "websocket", "level": "DEBUG", "msg": "ws_heartbeat", "data": {"latency_ms": 0}}
{"ts": "2026-05-11T06:48:45.020737+00:00", "channel": "websocket", "level": "DEBUG", "msg": "ws_heartbeat", "data": {"latency_ms": 0}}
{"ts": "2026-05-11T06:49:15.014729+00:00", "channel": "websocket", "level": "DEBUG", "msg": "ws_heartbeat", "data": {"latency_ms": 0}}
{"ts": "2026-05-11T06:49:45.011808+00:00", "channel": "websocket", "level": "DEBUG", "msg": "ws_heartbeat", "data": {"latency_ms": 0}}
{"ts": "2026-05-11T06:50:09.567110+00:00", "channel": "websocket", "level": "WARNING", "msg": "ws_disconnect", "data": {"socket_id": "OsYQZ3AuGiZX3nl6AAAA", "reason": "socket.io_disconnect", "total_disconnections": 7}}
{"ts": "2026-05-11T06:50:15.578197+00:00", "channel": "websocket", "level": "INFO", "msg": "ws_backoff", "data": {"delay_s": 10, "attempt": 8}}
{"ts": "2026-05-11T06:50:16.104910+00:00", "channel": "websocket", "level": "INFO", "msg": "ws_connect", "data": {"socket_id": "Bgn3N_ooBoAVfCUEAAAA", "ip": "https://ibrahim-backend-production.up.railway.app"}}
{"ts": "2026-05-11T06:50:45.801975+00:00", "channel": "websocket", "level": "DEBUG", "msg": "ws_heartbeat", "data": {"latency_ms": 0}}
{"ts": "2026-05-11T06:51:15.804192+00:00", "channel": "websocket", "level": "DEBUG", "msg": "ws_heartbeat", "data": {"latency_ms": 0}}
{"ts": "2026-05-11T06:51:45.810418+00:00", "channel": "websocket", "level": "DEBUG", "msg": "ws_heartbeat", "data": {"latency_ms": 0}}
{"ts": "2026-05-11T06:52:15.802266+00:00", "channel": "websocket", "level": "DEBUG", "msg": "ws_heartbeat", "data": {"latency_ms": 0}}
{"ts": "2026-05-11T06:52:45.802173+00:00", "channel": "websocket", "level": "DEBUG", "msg": "ws_heartbeat", "data": {"latency_ms": 0}}
{"ts": "2026-05-11T06:53:15.804079+00:00", "channel": "websocket", "level": "DEBUG", "msg": "ws_heartbeat", "data": {"latency_ms": 0}}
{"ts": "2026-05-11T06:53:45.806485+00:00", "channel": "websocket", "level": "DEBUG", "msg": "ws_heartbeat", "data": {"latency_ms": 0}}
{"ts": "2026-05-11T06:54:15.804884+00:00", "channel": "websocket", "level": "DEBUG", "msg": "ws_heartbeat", "data": {"latency_ms": 0}}
{"ts": "2026-05-11T06:54:45.806353+00:00", "channel": "websocket", "level": "DEBUG", "msg": "ws_heartbeat", "data": {"latency_ms": 0}}
{"ts": "2026-05-11T06:55:15.805960+00:00", "channel": "websocket", "level": "DEBUG", "msg": "ws_heartbeat", "data": {"latency_ms": 0}}
{"ts": "2026-05-11T06:55:45.807552+00:00", "channel": "websocket", "level": "DEBUG", "msg": "ws_heartbeat", "data": {"latency_ms": 0}}
{"ts": "2026-05-11T06:56:15.809867+00:00", "channel": "websocket", "level": "DEBUG", "msg": "ws_heartbeat", "data": {"latency_ms": 0}}
{"ts": "2026-05-11T06:56:45.809242+00:00", "channel": "websocket", "level": "DEBUG", "msg": "ws_heartbeat", "data": {"latency_ms": 0}}
{"ts": "2026-05-11T06:57:15.810338+00:00", "channel": "websocket", "level": "DEBUG", "msg": "ws_heartbeat", "data": {"latency_ms": 0}}
{"ts": "2026-05-11T06:57:45.812813+00:00", "channel": "websocket", "level": "DEBUG", "msg": "ws_heartbeat", "data": {"latency_ms": 0}}
{"ts": "2026-05-11T06:58:15.811054+00:00", "channel": "websocket", "level": "DEBUG", "msg": "ws_heartbeat", "data": {"latency_ms": 0}}
{"ts": "2026-05-11T06:58:45.811648+00:00", "channel": "websocket", "level": "DEBUG", "msg": "ws_heartbeat", "data": {"latency_ms": 0}}
{"ts": "2026-05-11T06:59:15.814399+00:00", "channel": "websocket", "level": "DEBUG", "msg": "ws_heartbeat", "data": {"latency_ms": 0}}
{"ts": "2026-05-11T06:59:45.812165+00:00", "channel": "websocket", "level": "DEBUG", "msg": "ws_heartbeat", "data": {"latency_ms": 0}}
{"ts": "2026-05-11T07:00:15.811955+00:00", "channel": "websocket", "level": "DEBUG", "msg": "ws_heartbeat", "data": {"latency_ms": 0}}
{"ts": "2026-05-11T07:00:45.811672+00:00", "channel": "websocket", "level": "DEBUG", "msg": "ws_heartbeat", "data": {"latency_ms": 0}}
{"ts": "2026-05-11T07:01:15.823164+00:00", "channel": "websocket", "level": "DEBUG", "msg": "ws_heartbeat", "data": {"latency_ms": 0}}
{"ts": "2026-05-11T07:01:45.813785+00:00", "channel": "websocket", "level": "DEBUG", "msg": "ws_heartbeat", "data": {"latency_ms": 0}}
{"ts": "2026-05-11T07:02:15.813066+00:00", "channel": "websocket", "level": "DEBUG", "msg": "ws_heartbeat", "data": {"latency_ms": 0}}
{"ts": "2026-05-11T07:02:45.814041+00:00", "channel": "websocket", "level": "DEBUG", "msg": "ws_heartbeat", "data": {"latency_ms": 0}}
{"ts": "2026-05-11T07:03:15.814731+00:00", "channel": "websocket", "level": "DEBUG", "msg": "ws_heartbeat", "data": {"latency_ms": 0}}
{"ts": "2026-05-11T07:03:45.820647+00:00", "channel": "websocket", "level": "DEBUG", "msg": "ws_heartbeat", "data": {"latency_ms": 0}}
{"ts": "2026-05-11T07:04:15.816369+00:00", "channel": "websocket", "level": "DEBUG", "msg": "ws_heartbeat", "data": {"latency_ms": 0}}
{"ts": "2026-05-11T07:04:45.817460+00:00", "channel": "websocket", "level": "DEBUG", "msg": "ws_heartbeat", "data": {"latency_ms": 0}}
{"ts": "2026-05-11T07:05:15.817890+00:00", "channel": "websocket", "level": "DEBUG", "msg": "ws_heartbeat", "data": {"latency_ms": 0}}
{"ts": "2026-05-11T07:05:39.410477+00:00", "channel": "websocket", "level": "WARNING", "msg": "ws_disconnect", "data": {"socket_id": "Bgn3N_ooBoAVfCUEAAAA", "reason": "socket.io_disconnect", "total_disconnections": 8}}
{"ts": "2026-05-11T07:05:45.419987+00:00", "channel": "websocket", "level": "INFO", "msg": "ws_backoff", "data": {"delay_s": 10, "attempt": 9}}
{"ts": "2026-05-11T07:05:45.877990+00:00", "channel": "websocket", "level": "INFO", "msg": "ws_connect", "data": {"socket_id": "owN1S6rxOkIZ5odrAAAA", "ip": "https://ibrahim-backend-production.up.railway.app"}}
{"ts": "2026-05-11T07:05:57.736958+00:00", "channel": "websocket", "level": "WARNING", "msg": "ws_disconnect", "data": {"socket_id": "owN1S6rxOkIZ5odrAAAA", "reason": "socket.io_disconnect", "total_disconnections": 9}}
{"ts": "2026-05-11T07:06:03.749485+00:00", "channel": "websocket", "level": "INFO", "msg": "ws_backoff", "data": {"delay_s": 10, "attempt": 10}}
{"ts": "2026-05-11T07:06:04.177183+00:00", "channel": "websocket", "level": "INFO", "msg": "ws_connect", "data": {"socket_id": "Y6ex7KQ9NddfMzYtAAAA", "ip": "https://ibrahim-backend-production.up.railway.app"}}
{"ts": "2026-05-11T07:06:33.874519+00:00", "channel": "websocket", "level": "DEBUG", "msg": "ws_heartbeat", "data": {"latency_ms": 0}}
{"ts": "2026-05-11T07:07:03.875151+00:00", "channel": "websocket", "level": "DEBUG", "msg": "ws_heartbeat", "data": {"latency_ms": 0}}
{"ts": "2026-05-11T07:07:33.877935+00:00", "channel": "websocket", "level": "DEBUG", "msg": "ws_heartbeat", "data": {"latency_ms": 0}}
{"ts": "2026-05-11T07:08:03.876206+00:00", "channel": "websocket", "level": "DEBUG", "msg": "ws_heartbeat", "data": {"latency_ms": 0}}
{"ts": "2026-05-11T07:08:33.877742+00:00", "channel": "websocket", "level": "DEBUG", "msg": "ws_heartbeat", "data": {"latency_ms": 0}}
{"ts": "2026-05-11T07:09:03.878415+00:00", "channel": "websocket", "level": "DEBUG", "msg": "ws_heartbeat", "data": {"latency_ms": 0}}
{"ts": "2026-05-11T07:09:33.880999+00:00", "channel": "websocket", "level": "DEBUG", "msg": "ws_heartbeat", "data": {"latency_ms": 0}}
{"ts": "2026-05-11T07:10:03.884736+00:00", "channel": "websocket", "level": "DEBUG", "msg": "ws_heartbeat", "data": {"latency_ms": 0}}
{"ts": "2026-05-11T07:10:29.282649+00:00", "channel": "websocket", "level": "WARNING", "msg": "ws_disconnect", "data": {"socket_id": "Y6ex7KQ9NddfMzYtAAAA", "reason": "socket.io_disconnect", "total_disconnections": 10}}
{"ts": "2026-05-11T07:10:35.298768+00:00", "channel": "websocket", "level": "INFO", "msg": "ws_backoff", "data": {"delay_s": 10, "attempt": 11}}
{"ts": "2026-05-11T07:10:35.748832+00:00", "channel": "websocket", "level": "INFO", "msg": "ws_connect", "data": {"socket_id": "0kBJIN06rTmZH28oAAAA", "ip": "https://ibrahim-backend-production.up.railway.app"}}
{"ts": "2026-05-11T07:11:05.447605+00:00", "channel": "websocket", "level": "DEBUG", "msg": "ws_heartbeat", "data": {"latency_ms": 0}}
{"ts": "2026-05-11T07:11:35.446049+00:00", "channel": "websocket", "level": "DEBUG", "msg": "ws_heartbeat", "data": {"latency_ms": 0}}
{"ts": "2026-05-11T07:12:05.447136+00:00", "channel": "websocket", "level": "DEBUG", "msg": "ws_heartbeat", "data": {"latency_ms": 0}}
{"ts": "2026-05-11T07:12:35.447136+00:00", "channel": "websocket", "level": "DEBUG", "msg": "ws_heartbeat", "data": {"latency_ms": 0}}
{"ts": "2026-05-11T07:13:05.448039+00:00", "channel": "websocket", "level": "DEBUG", "msg": "ws_heartbeat", "data": {"latency_ms": 0}}
{"ts": "2026-05-11T07:13:35.450243+00:00", "channel": "websocket", "level": "DEBUG", "msg": "ws_heartbeat", "data": {"latency_ms": 0}}
{"ts": "2026-05-11T07:14:05.452224+00:00", "channel": "websocket", "level": "DEBUG", "msg": "ws_heartbeat", "data": {"latency_ms": 0}}
{"ts": "2026-05-11T07:14:35.451210+00:00", "channel": "websocket", "level": "DEBUG", "msg": "ws_heartbeat", "data": {"latency_ms": 0}}
{"ts": "2026-05-11T07:15:05.456002+00:00", "channel": "websocket", "level": "DEBUG", "msg": "ws_heartbeat", "data": {"latency_ms": 0}}
{"ts": "2026-05-11T07:15:35.454330+00:00", "channel": "websocket", "level": "DEBUG", "msg": "ws_heartbeat", "data": {"latency_ms": 0}}
{"ts": "2026-05-11T07:16:05.455164+00:00", "channel": "websocket", "level": "DEBUG", "msg": "ws_heartbeat", "data": {"latency_ms": 0}}
{"ts": "2026-05-11T07:16:35.455647+00:00", "channel": "websocket", "level": "DEBUG", "msg": "ws_heartbeat", "data": {"latency_ms": 0}}
{"ts": "2026-05-11T07:17:05.456945+00:00", "channel": "websocket", "level": "DEBUG", "msg": "ws_heartbeat", "data": {"latency_ms": 0}}
{"ts": "2026-05-11T07:17:35.457594+00:00", "channel": "websocket", "level": "DEBUG", "msg": "ws_heartbeat", "data": {"latency_ms": 0}}
{"ts": "2026-05-11T07:18:05.458783+00:00", "channel": "websocket", "level": "DEBUG", "msg": "ws_heartbeat", "data": {"latency_ms": 0}}
{"ts": "2026-05-11T07:18:35.460273+00:00", "channel": "websocket", "level": "DEBUG", "msg": "ws_heartbeat", "data": {"latency_ms": 0}}
{"ts": "2026-05-11T07:19:05.459784+00:00", "channel": "websocket", "level": "DEBUG", "msg": "ws_heartbeat", "data": {"latency_ms": 0}}
{"ts": "2026-05-11T07:19:35.462063+00:00", "channel": "websocket", "level": "DEBUG", "msg": "ws_heartbeat", "data": {"latency_ms": 0}}
{"ts": "2026-05-11T07:20:05.465871+00:00", "channel": "websocket", "level": "DEBUG", "msg": "ws_heartbeat", "data": {"latency_ms": 0}}
{"ts": "2026-05-11T07:20:35.464968+00:00", "channel": "websocket", "level": "DEBUG", "msg": "ws_heartbeat", "data": {"latency_ms": 0}}
{"ts": "2026-05-11T07:21:05.464032+00:00", "channel": "websocket", "level": "DEBUG", "msg": "ws_heartbeat", "data": {"latency_ms": 0}}
{"ts": "2026-05-11T07:21:35.466208+00:00", "channel": "websocket", "level": "DEBUG", "msg": "ws_heartbeat", "data": {"latency_ms": 0}}
{"ts": "2026-05-11T07:22:05.467273+00:00", "channel": "websocket", "level": "DEBUG", "msg": "ws_heartbeat", "data": {"latency_ms": 0}}
{"ts": "2026-05-11T07:22:35.470293+00:00", "channel": "websocket", "level": "DEBUG", "msg": "ws_heartbeat", "data": {"latency_ms": 0}}
{"ts": "2026-05-11T07:23:05.469291+00:00", "channel": "websocket", "level": "DEBUG", "msg": "ws_heartbeat", "data": {"latency_ms": 0}}
{"ts": "2026-05-11T07:23:35.469803+00:00", "channel": "websocket", "level": "DEBUG", "msg": "ws_heartbeat", "data": {"latency_ms": 0}}
{"ts": "2026-05-11T07:24:05.469775+00:00", "channel": "websocket", "level": "DEBUG", "msg": "ws_heartbeat", "data": {"latency_ms": 0}}
{"ts": "2026-05-11T07:24:35.473039+00:00", "channel": "websocket", "level": "DEBUG", "msg": "ws_heartbeat", "data": {"latency_ms": 0}}
{"ts": "2026-05-11T07:25:05.488501+00:00", "channel": "websocket", "level": "DEBUG", "msg": "ws_heartbeat", "data": {"latency_ms": 0}}
{"ts": "2026-05-11T07:25:35.473338+00:00", "channel": "websocket", "level": "DEBUG", "msg": "ws_heartbeat", "data": {"latency_ms": 0}}
{"ts": "2026-05-11T07:26:05.475211+00:00", "channel": "websocket", "level": "DEBUG", "msg": "ws_heartbeat", "data": {"latency_ms": 0}}
{"ts": "2026-05-11T07:26:35.474761+00:00", "channel": "websocket", "level": "DEBUG", "msg": "ws_heartbeat", "data": {"latency_ms": 0}}
{"ts": "2026-05-11T07:27:05.478039+00:00", "channel": "websocket", "level": "DEBUG", "msg": "ws_heartbeat", "data": {"latency_ms": 0}}
{"ts": "2026-05-11T07:27:35.475625+00:00", "channel": "websocket", "level": "DEBUG", "msg": "ws_heartbeat", "data": {"latency_ms": 0}}
{"ts": "2026-05-11T07:28:05.477740+00:00", "channel": "websocket", "level": "DEBUG", "msg": "ws_heartbeat", "data": {"latency_ms": 0}}
{"ts": "2026-05-11T07:28:35.477454+00:00", "channel": "websocket", "level": "DEBUG", "msg": "ws_heartbeat", "data": {"latency_ms": 0}}
{"ts": "2026-05-11T07:29:05.480322+00:00", "channel": "websocket", "level": "DEBUG", "msg": "ws_heartbeat", "data": {"latency_ms": 0}}
{"ts": "2026-05-11T07:29:35.480002+00:00", "channel": "websocket", "level": "DEBUG", "msg": "ws_heartbeat", "data": {"latency_ms": 0}}
{"ts": "2026-05-11T07:30:05.480379+00:00", "channel": "websocket", "level": "DEBUG", "msg": "ws_heartbeat", "data": {"latency_ms": 0}}
{"ts": "2026-05-11T07:30:35.482509+00:00", "channel": "websocket", "level": "DEBUG", "msg": "ws_heartbeat", "data": {"latency_ms": 0}}
{"ts": "2026-05-11T07:31:05.481412+00:00", "channel": "websocket", "level": "DEBUG", "msg": "ws_heartbeat", "data": {"latency_ms": 0}}
{"ts": "2026-05-11T07:31:35.482704+00:00", "channel": "websocket", "level": "DEBUG", "msg": "ws_heartbeat", "data": {"latency_ms": 0}}
{"ts": "2026-05-11T07:32:05.482925+00:00", "channel": "websocket", "level": "DEBUG", "msg": "ws_heartbeat", "data": {"latency_ms": 0}}
{"ts": "2026-05-11T07:32:35.483864+00:00", "channel": "websocket", "level": "DEBUG", "msg": "ws_heartbeat", "data": {"latency_ms": 0}}
{"ts": "2026-05-11T07:33:05.485433+00:00", "channel": "websocket", "level": "DEBUG", "msg": "ws_heartbeat", "data": {"latency_ms": 0}}
{"ts": "2026-05-11T07:33:35.486066+00:00", "channel": "websocket", "level": "DEBUG", "msg": "ws_heartbeat", "data": {"latency_ms": 0}}
{"ts": "2026-05-11T07:34:05.487923+00:00", "channel": "websocket", "level": "DEBUG", "msg": "ws_heartbeat", "data": {"latency_ms": 0}}
{"ts": "2026-05-11T07:34:35.486910+00:00", "channel": "websocket", "level": "DEBUG", "msg": "ws_heartbeat", "data": {"latency_ms": 0}}
{"ts": "2026-05-11T07:35:05.487748+00:00", "channel": "websocket", "level": "DEBUG", "msg": "ws_heartbeat", "data": {"latency_ms": 0}}
{"ts": "2026-05-11T07:35:35.489332+00:00", "channel": "websocket", "level": "DEBUG", "msg": "ws_heartbeat", "data": {"latency_ms": 0}}
{"ts": "2026-05-11T07:36:05.490900+00:00", "channel": "websocket", "level": "DEBUG", "msg": "ws_heartbeat", "data": {"latency_ms": 0}}
{"ts": "2026-05-11T07:36:35.489139+00:00", "channel": "websocket", "level": "DEBUG", "msg": "ws_heartbeat", "data": {"latency_ms": 0}}
{"ts": "2026-05-11T07:37:05.491998+00:00", "channel": "websocket", "level": "DEBUG", "msg": "ws_heartbeat", "data": {"latency_ms": 0}}
{"ts": "2026-05-11T07:37:35.491218+00:00", "channel": "websocket", "level": "DEBUG", "msg": "ws_heartbeat", "data": {"latency_ms": 0}}
{"ts": "2026-05-11T07:38:05.491538+00:00", "channel": "websocket", "level": "DEBUG", "msg": "ws_heartbeat", "data": {"latency_ms": 0}}
{"ts": "2026-05-11T07:38:35.491163+00:00", "channel": "websocket", "level": "DEBUG", "msg": "ws_heartbeat", "data": {"latency_ms": 0}}
{"ts": "2026-05-11T07:39:05.492853+00:00", "channel": "websocket", "level": "DEBUG", "msg": "ws_heartbeat", "data": {"latency_ms": 0}}
{"ts": "2026-05-11T07:39:35.491901+00:00", "channel": "websocket", "level": "DEBUG", "msg": "ws_heartbeat", "data": {"latency_ms": 0}}
{"ts": "2026-05-11T07:40:05.497833+00:00", "channel": "websocket", "level": "DEBUG", "msg": "ws_heartbeat", "data": {"latency_ms": 0}}
{"ts": "2026-05-11T07:40:35.496187+00:00", "channel": "websocket", "level": "DEBUG", "msg": "ws_heartbeat", "data": {"latency_ms": 0}}
{"ts": "2026-05-11T07:41:05.496561+00:00", "channel": "websocket", "level": "DEBUG", "msg": "ws_heartbeat", "data": {"latency_ms": 0}}
{"ts": "2026-05-11T07:41:35.496488+00:00", "channel": "websocket", "level": "DEBUG", "msg": "ws_heartbeat", "data": {"latency_ms": 0}}
{"ts": "2026-05-11T07:42:05.497823+00:00", "channel": "websocket", "level": "DEBUG", "msg": "ws_heartbeat", "data": {"latency_ms": 0}}
{"ts": "2026-05-11T07:42:35.499180+00:00", "channel": "websocket", "level": "DEBUG", "msg": "ws_heartbeat", "data": {"latency_ms": 0}}
{"ts": "2026-05-11T07:43:05.501546+00:00", "channel": "websocket", "level": "DEBUG", "msg": "ws_heartbeat", "data": {"latency_ms": 0}}
{"ts": "2026-05-11T07:43:35.502493+00:00", "channel": "websocket", "level": "DEBUG", "msg": "ws_heartbeat", "data": {"latency_ms": 0}}
{"ts": "2026-05-11T07:44:05.504944+00:00", "channel": "websocket", "level": "DEBUG", "msg": "ws_heartbeat", "data": {"latency_ms": 0}}
{"ts": "2026-05-11T07:44:30.110697+00:00", "channel": "websocket", "level": "WARNING", "msg": "ws_disconnect", "data": {"socket_id": "0kBJIN06rTmZH28oAAAA", "reason": "socket.io_disconnect", "total_disconnections": 11}}
{"ts": "2026-05-11T07:44:36.119890+00:00", "channel": "websocket", "level": "INFO", "msg": "ws_backoff", "data": {"delay_s": 10, "attempt": 12}}
{"ts": "2026-05-11T07:44:36.572339+00:00", "channel": "websocket", "level": "INFO", "msg": "ws_connect", "data": {"socket_id": "Mb_vLoer0o6YBeKwAAAC", "ip": "https://ibrahim-backend-production.up.railway.app"}}
{"ts": "2026-05-11T07:44:46.205920+00:00", "channel": "websocket", "level": "WARNING", "msg": "ws_disconnect", "data": {"socket_id": "Mb_vLoer0o6YBeKwAAAC", "reason": "socket.io_disconnect", "total_disconnections": 12}}
{"ts": "2026-05-11T07:44:52.227270+00:00", "channel": "websocket", "level": "INFO", "msg": "ws_backoff", "data": {"delay_s": 10, "attempt": 13}}
{"ts": "2026-05-11T07:44:52.700557+00:00", "channel": "websocket", "level": "INFO", "msg": "ws_connect", "data": {"socket_id": "voo7nylBrDLn9wNTAAAE", "ip": "https://ibrahim-backend-production.up.railway.app"}}
{"ts": "2026-05-11T07:45:22.396714+00:00", "channel": "websocket", "level": "DEBUG", "msg": "ws_heartbeat", "data": {"latency_ms": 0}}
{"ts": "2026-05-11T07:45:32.413704+00:00", "channel": "websocket", "level": "WARNING", "msg": "ws_disconnect", "data": {"socket_id": "voo7nylBrDLn9wNTAAAE", "reason": "socket.io_disconnect", "total_disconnections": 13}}
{"ts": "2026-05-11T07:45:38.424319+00:00", "channel": "websocket", "level": "INFO", "msg": "ws_backoff", "data": {"delay_s": 10, "attempt": 14}}
{"ts": "2026-05-11T07:45:39.168138+00:00", "channel": "websocket", "level": "INFO", "msg": "ws_connect", "data": {"socket_id": "2Q5OiKITQ8bmsMBnAAAG", "ip": "https://ibrahim-backend-production.up.railway.app"}}
{"ts": "2026-05-11T07:45:48.777952+00:00", "channel": "websocket", "level": "WARNING", "msg": "ws_disconnect", "data": {"socket_id": "2Q5OiKITQ8bmsMBnAAAG", "reason": "socket.io_disconnect", "total_disconnections": 14}}
{"ts": "2026-05-11T07:45:54.805366+00:00", "channel": "websocket", "level": "INFO", "msg": "ws_backoff", "data": {"delay_s": 10, "attempt": 15}}
{"ts": "2026-05-11T07:45:55.250312+00:00", "channel": "websocket", "level": "INFO", "msg": "ws_connect", "data": {"socket_id": "R0UpSA3rw9ibrRooAAAI", "ip": "https://ibrahim-backend-production.up.railway.app"}}
{"ts": "2026-05-11T07:46:24.957167+00:00", "channel": "websocket", "level": "DEBUG", "msg": "ws_heartbeat", "data": {"latency_ms": 0}}
{"ts": "2026-05-11T07:46:54.948394+00:00", "channel": "websocket", "level": "DEBUG", "msg": "ws_heartbeat", "data": {"latency_ms": 0}}
{"ts": "2026-05-11T07:47:24.949019+00:00", "channel": "websocket", "level": "DEBUG", "msg": "ws_heartbeat", "data": {"latency_ms": 0}}
{"ts": "2026-05-11T07:47:54.947378+00:00", "channel": "websocket", "level": "DEBUG", "msg": "ws_heartbeat", "data": {"latency_ms": 0}}
{"ts": "2026-05-11T07:48:24.949892+00:00", "channel": "websocket", "level": "DEBUG", "msg": "ws_heartbeat", "data": {"latency_ms": 0}}
{"ts": "2026-05-11T07:48:54.950088+00:00", "channel": "websocket", "level": "DEBUG", "msg": "ws_heartbeat", "data": {"latency_ms": 0}}
{"ts": "2026-05-11T07:49:24.951970+00:00", "channel": "websocket", "level": "DEBUG", "msg": "ws_heartbeat", "data": {"latency_ms": 0}}
{"ts": "2026-05-11T07:49:54.948868+00:00", "channel": "websocket", "level": "DEBUG", "msg": "ws_heartbeat", "data": {"latency_ms": 0}}
{"ts": "2026-05-11T07:50:24.954086+00:00", "channel": "websocket", "level": "DEBUG", "msg": "ws_heartbeat", "data": {"latency_ms": 0}}
{"ts": "2026-05-11T07:50:54.951540+00:00", "channel": "websocket", "level": "DEBUG", "msg": "ws_heartbeat", "data": {"latency_ms": 0}}
{"ts": "2026-05-11T07:51:24.951955+00:00", "channel": "websocket", "level": "DEBUG", "msg": "ws_heartbeat", "data": {"latency_ms": 0}}
{"ts": "2026-05-11T07:51:54.953196+00:00", "channel": "websocket", "level": "DEBUG", "msg": "ws_heartbeat", "data": {"latency_ms": 0}}
{"ts": "2026-05-11T07:52:15.751128+00:00", "channel": "websocket", "level": "WARNING", "msg": "ws_disconnect", "data": {"socket_id": "R0UpSA3rw9ibrRooAAAI", "reason": "socket.io_disconnect", "total_disconnections": 15}}
{"ts": "2026-05-11T07:52:21.766638+00:00", "channel": "websocket", "level": "INFO", "msg": "ws_backoff", "data": {"delay_s": 10, "attempt": 16}}
{"ts": "2026-05-11T07:52:22.221672+00:00", "channel": "websocket", "level": "INFO", "msg": "ws_connect", "data": {"socket_id": "IM4cF4ZFhdpwxOOCAAAK", "ip": "https://ibrahim-backend-production.up.railway.app"}}
{"ts": "2026-05-11T07:52:51.919375+00:00", "channel": "websocket", "level": "DEBUG", "msg": "ws_heartbeat", "data": {"latency_ms": 0}}
{"ts": "2026-05-11T07:53:21.920183+00:00", "channel": "websocket", "level": "DEBUG", "msg": "ws_heartbeat", "data": {"latency_ms": 0}}
{"ts": "2026-05-11T07:53:21.934936+00:00", "channel": "websocket", "level": "WARNING", "msg": "ws_disconnect", "data": {"socket_id": "IM4cF4ZFhdpwxOOCAAAK", "reason": "socket.io_disconnect", "total_disconnections": 16}}
{"ts": "2026-05-11T07:53:27.954888+00:00", "channel": "websocket", "level": "INFO", "msg": "ws_backoff", "data": {"delay_s": 10, "attempt": 17}}
{"ts": "2026-05-11T07:53:28.510266+00:00", "channel": "websocket", "level": "INFO", "msg": "ws_connect", "data": {"socket_id": "k5jvfAO2QFO8k4KyAAAM", "ip": "https://ibrahim-backend-production.up.railway.app"}}
{"ts": "2026-05-11T07:53:58.201168+00:00", "channel": "websocket", "level": "DEBUG", "msg": "ws_heartbeat", "data": {"latency_ms": 0}}
{"ts": "2026-05-11T07:54:28.204058+00:00", "channel": "websocket", "level": "DEBUG", "msg": "ws_heartbeat", "data": {"latency_ms": 0}}
{"ts": "2026-05-11T07:54:58.202357+00:00", "channel": "websocket", "level": "DEBUG", "msg": "ws_heartbeat", "data": {"latency_ms": 0}}
{"ts": "2026-05-11T07:55:28.202932+00:00", "channel": "websocket", "level": "DEBUG", "msg": "ws_heartbeat", "data": {"latency_ms": 0}}
{"ts": "2026-05-11T07:55:58.205019+00:00", "channel": "websocket", "level": "DEBUG", "msg": "ws_heartbeat", "data": {"latency_ms": 0}}
{"ts": "2026-05-11T07:56:28.207190+00:00", "channel": "websocket", "level": "DEBUG", "msg": "ws_heartbeat", "data": {"latency_ms": 0}}
{"ts": "2026-05-11T07:56:58.210919+00:00", "channel": "websocket", "level": "DEBUG", "msg": "ws_heartbeat", "data": {"latency_ms": 0}}
{"ts": "2026-05-11T07:57:28.206101+00:00", "channel": "websocket", "level": "DEBUG", "msg": "ws_heartbeat", "data": {"latency_ms": 0}}
{"ts": "2026-05-11T07:57:58.243628+00:00", "channel": "websocket", "level": "DEBUG", "msg": "ws_heartbeat", "data": {"latency_ms": 0}}
{"ts": "2026-05-11T07:58:28.207329+00:00", "channel": "websocket", "level": "DEBUG", "msg": "ws_heartbeat", "data": {"latency_ms": 0}}
{"ts": "2026-05-11T07:58:58.208675+00:00", "channel": "websocket", "level": "DEBUG", "msg": "ws_heartbeat", "data": {"latency_ms": 0}}
{"ts": "2026-05-11T07:59:28.209928+00:00", "channel": "websocket", "level": "DEBUG", "msg": "ws_heartbeat", "data": {"latency_ms": 0}}
{"ts": "2026-05-11T07:59:49.023938+00:00", "channel": "websocket", "level": "WARNING", "msg": "ws_disconnect", "data": {"socket_id": "k5jvfAO2QFO8k4KyAAAM", "reason": "socket.io_disconnect", "total_disconnections": 17}}
{"ts": "2026-05-11T07:59:55.030290+00:00", "channel": "websocket", "level": "INFO", "msg": "ws_backoff", "data": {"delay_s": 10, "attempt": 18}}
{"ts": "2026-05-11T07:59:55.477733+00:00", "channel": "websocket", "level": "INFO", "msg": "ws_connect", "data": {"socket_id": "t2e0rUL1Ep6EFwMNAAAO", "ip": "https://ibrahim-backend-production.up.railway.app"}}
{"ts": "2026-05-11T08:00:25.173060+00:00", "channel": "websocket", "level": "DEBUG", "msg": "ws_heartbeat", "data": {"latency_ms": 0}}
{"ts": "2026-05-11T08:00:45.215737+00:00", "channel": "websocket", "level": "WARNING", "msg": "ws_disconnect", "data": {"socket_id": "t2e0rUL1Ep6EFwMNAAAO", "reason": "socket.io_disconnect", "total_disconnections": 18}}
{"ts": "2026-05-11T08:00:51.239526+00:00", "channel": "websocket", "level": "INFO", "msg": "ws_backoff", "data": {"delay_s": 10, "attempt": 19}}
{"ts": "2026-05-11T08:00:51.697819+00:00", "channel": "websocket", "level": "INFO", "msg": "ws_connect", "data": {"socket_id": "2pqUjW4xUIt9ApgvAAAQ", "ip": "https://ibrahim-backend-production.up.railway.app"}}
{"ts": "2026-05-11T08:01:21.392438+00:00", "channel": "websocket", "level": "DEBUG", "msg": "ws_heartbeat", "data": {"latency_ms": 0}}
{"ts": "2026-05-11T08:01:51.393065+00:00", "channel": "websocket", "level": "DEBUG", "msg": "ws_heartbeat", "data": {"latency_ms": 0}}
{"ts": "2026-05-11T08:02:21.394375+00:00", "channel": "websocket", "level": "DEBUG", "msg": "ws_heartbeat", "data": {"latency_ms": 0}}
{"ts": "2026-05-11T08:02:51.392973+00:00", "channel": "websocket", "level": "DEBUG", "msg": "ws_heartbeat", "data": {"latency_ms": 0}}
{"ts": "2026-05-11T08:03:21.394853+00:00", "channel": "websocket", "level": "DEBUG", "msg": "ws_heartbeat", "data": {"latency_ms": 0}}
{"ts": "2026-05-11T08:03:51.395711+00:00", "channel": "websocket", "level": "DEBUG", "msg": "ws_heartbeat", "data": {"latency_ms": 0}}
{"ts": "2026-05-11T08:04:21.396678+00:00", "channel": "websocket", "level": "DEBUG", "msg": "ws_heartbeat", "data": {"latency_ms": 0}}
{"ts": "2026-05-11T08:04:51.395602+00:00", "channel": "websocket", "level": "DEBUG", "msg": "ws_heartbeat", "data": {"latency_ms": 0}}
{"ts": "2026-05-11T08:05:21.396878+00:00", "channel": "websocket", "level": "DEBUG", "msg": "ws_heartbeat", "data": {"latency_ms": 0}}
{"ts": "2026-05-11T08:05:51.399517+00:00", "channel": "websocket", "level": "DEBUG", "msg": "ws_heartbeat", "data": {"latency_ms": 0}}
{"ts": "2026-05-11T08:06:21.404953+00:00", "channel": "websocket", "level": "DEBUG", "msg": "ws_heartbeat", "data": {"latency_ms": 0}}
{"ts": "2026-05-11T08:06:51.400533+00:00", "channel": "websocket", "level": "DEBUG", "msg": "ws_heartbeat", "data": {"latency_ms": 0}}
{"ts": "2026-05-11T08:06:51.415783+00:00", "channel": "websocket", "level": "WARNING", "msg": "ws_disconnect", "data": {"socket_id": "2pqUjW4xUIt9ApgvAAAQ", "reason": "socket.io_disconnect", "total_disconnections": 19}}
{"ts": "2026-05-11T08:06:57.430802+00:00", "channel": "websocket", "level": "INFO", "msg": "ws_backoff", "data": {"delay_s": 10, "attempt": 20}}
{"ts": "2026-05-11T08:06:57.894007+00:00", "channel": "websocket", "level": "INFO", "msg": "ws_connect", "data": {"socket_id": "4fyf8v9S0XVUau1sAAAS", "ip": "https://ibrahim-backend-production.up.railway.app"}}
{"ts": "2026-05-11T08:07:27.590973+00:00", "channel": "websocket", "level": "DEBUG", "msg": "ws_heartbeat", "data": {"latency_ms": 0}}
{"ts": "2026-05-11T08:07:47.620515+00:00", "channel": "websocket", "level": "WARNING", "msg": "ws_disconnect", "data": {"socket_id": "4fyf8v9S0XVUau1sAAAS", "reason": "socket.io_disconnect", "total_disconnections": 20}}
{"ts": "2026-05-11T08:07:53.635717+00:00", "channel": "websocket", "level": "INFO", "msg": "ws_backoff", "data": {"delay_s": 10, "attempt": 21}}
{"ts": "2026-05-11T08:07:54.156540+00:00", "channel": "websocket", "level": "INFO", "msg": "ws_connect", "data": {"socket_id": "720rtDjdFpR0Ds-9AAAU", "ip": "https://ibrahim-backend-production.up.railway.app"}}
{"ts": "2026-05-11T08:08:23.855479+00:00", "channel": "websocket", "level": "DEBUG", "msg": "ws_heartbeat", "data": {"latency_ms": 0}}
{"ts": "2026-05-11T08:08:53.851788+00:00", "channel": "websocket", "level": "DEBUG", "msg": "ws_heartbeat", "data": {"latency_ms": 0}}
{"ts": "2026-05-11T08:09:23.854485+00:00", "channel": "websocket", "level": "DEBUG", "msg": "ws_heartbeat", "data": {"latency_ms": 0}}
{"ts": "2026-05-11T08:09:53.854087+00:00", "channel": "websocket", "level": "DEBUG", "msg": "ws_heartbeat", "data": {"latency_ms": 0}}
{"ts": "2026-05-11T08:10:23.857680+00:00", "channel": "websocket", "level": "DEBUG", "msg": "ws_heartbeat", "data": {"latency_ms": 0}}
{"ts": "2026-05-11T08:10:53.855265+00:00", "channel": "websocket", "level": "DEBUG", "msg": "ws_heartbeat", "data": {"latency_ms": 0}}
{"ts": "2026-05-11T08:11:23.854263+00:00", "channel": "websocket", "level": "DEBUG", "msg": "ws_heartbeat", "data": {"latency_ms": 0}}
{"ts": "2026-05-11T08:11:53.855189+00:00", "channel": "websocket", "level": "DEBUG", "msg": "ws_heartbeat", "data": {"latency_ms": 0}}
{"ts": "2026-05-11T15:32:58.249349+00:00", "channel": "websocket", "level": "WARNING", "msg": "ws_disconnect", "data": {"socket_id": "720rtDjdFpR0Ds-9AAAU", "reason": "socket.io_disconnect", "total_disconnections": 21}}
{"ts": "2026-05-11T15:33:04.271092+00:00", "channel": "websocket", "level": "INFO", "msg": "ws_backoff", "data": {"delay_s": 10, "attempt": 22}}
{"ts": "2026-05-11T15:33:04.806038+00:00", "channel": "websocket", "level": "INFO", "msg": "ws_connect", "data": {"socket_id": "Gkz_Hx5KjeGH7vHjAAAW", "ip": "https://ibrahim-backend-production.up.railway.app"}}
{"ts": "2026-05-11T15:33:34.494234+00:00", "channel": "websocket", "level": "DEBUG", "msg": "ws_heartbeat", "data": {"latency_ms": 0}}
{"ts": "2026-05-11T15:34:02.724732+00:00", "channel": "websocket", "level": "DEBUG", "msg": "ws_heartbeat", "data": {"latency_ms": 0}}
{"ts": "2026-05-11T15:34:32.725277+00:00", "channel": "websocket", "level": "DEBUG", "msg": "ws_heartbeat", "data": {"latency_ms": 0}}
{"ts": "2026-05-11T15:35:02.725986+00:00", "channel": "websocket", "level": "DEBUG", "msg": "ws_heartbeat", "data": {"latency_ms": 0}}
{"ts": "2026-05-11T15:35:32.731261+00:00", "channel": "websocket", "level": "DEBUG", "msg": "ws_heartbeat", "data": {"latency_ms": 0}}
{"ts": "2026-05-11T15:36:02.726728+00:00", "channel": "websocket", "level": "DEBUG", "msg": "ws_heartbeat", "data": {"latency_ms": 0}}
{"ts": "2026-05-11T15:36:32.728160+00:00", "channel": "websocket", "level": "DEBUG", "msg": "ws_heartbeat", "data": {"latency_ms": 0}}
{"ts": "2026-05-11T15:37:02.727808+00:00", "channel": "websocket", "level": "DEBUG", "msg": "ws_heartbeat", "data": {"latency_ms": 0}}
{"ts": "2026-05-11T15:37:32.730560+00:00", "channel": "websocket", "level": "DEBUG", "msg": "ws_heartbeat", "data": {"latency_ms": 0}}
{"ts": "2026-05-11T15:38:02.730111+00:00", "channel": "websocket", "level": "DEBUG", "msg": "ws_heartbeat", "data": {"latency_ms": 0}}
{"ts": "2026-05-11T15:38:32.729138+00:00", "channel": "websocket", "level": "DEBUG", "msg": "ws_heartbeat", "data": {"latency_ms": 0}}
{"ts": "2026-05-11T15:39:02.731390+00:00", "channel": "websocket", "level": "DEBUG", "msg": "ws_heartbeat", "data": {"latency_ms": 0}}
{"ts": "2026-05-11T15:39:32.733481+00:00", "channel": "websocket", "level": "DEBUG", "msg": "ws_heartbeat", "data": {"latency_ms": 0}}
{"ts": "2026-05-11T15:40:02.736277+00:00", "channel": "websocket", "level": "DEBUG", "msg": "ws_heartbeat", "data": {"latency_ms": 0}}
{"ts": "2026-05-11T15:40:32.731115+00:00", "channel": "websocket", "level": "DEBUG", "msg": "ws_heartbeat", "data": {"latency_ms": 0}}
{"ts": "2026-05-11T15:41:02.735759+00:00", "channel": "websocket", "level": "DEBUG", "msg": "ws_heartbeat", "data": {"latency_ms": 0}}
{"ts": "2026-05-11T15:41:32.733410+00:00", "channel": "websocket", "level": "DEBUG", "msg": "ws_heartbeat", "data": {"latency_ms": 0}}
{"ts": "2026-05-11T15:42:02.733889+00:00", "channel": "websocket", "level": "DEBUG", "msg": "ws_heartbeat", "data": {"latency_ms": 0}}
{"ts": "2026-05-11T15:42:32.733062+00:00", "channel": "websocket", "level": "DEBUG", "msg": "ws_heartbeat", "data": {"latency_ms": 0}}
{"ts": "2026-05-11T15:43:02.735826+00:00", "channel": "websocket", "level": "DEBUG", "msg": "ws_heartbeat", "data": {"latency_ms": 0}}
{"ts": "2026-05-11T15:43:32.736765+00:00", "channel": "websocket", "level": "DEBUG", "msg": "ws_heartbeat", "data": {"latency_ms": 0}}
{"ts": "2026-05-11T15:44:02.737324+00:00", "channel": "websocket", "level": "DEBUG", "msg": "ws_heartbeat", "data": {"latency_ms": 0}}
{"ts": "2026-05-11T15:44:06.341261+00:00", "channel": "websocket", "level": "WARNING", "msg": "ws_disconnect", "data": {"socket_id": "Gkz_Hx5KjeGH7vHjAAAW", "reason": "socket.io_disconnect", "total_disconnections": 22}}
{"ts": "2026-05-11T15:44:12.354100+00:00", "channel": "websocket", "level": "INFO", "msg": "ws_backoff", "data": {"delay_s": 10, "attempt": 23}}
{"ts": "2026-05-11T15:44:12.876566+00:00", "channel": "websocket", "level": "INFO", "msg": "ws_connect", "data": {"socket_id": "xo9_n0VgQlHZCiu0AAAA", "ip": "https://ibrahim-backend-production.up.railway.app"}}
{"ts": "2026-05-11T15:44:42.574779+00:00", "channel": "websocket", "level": "DEBUG", "msg": "ws_heartbeat", "data": {"latency_ms": 0}}
{"ts": "2026-05-11T15:45:12.575656+00:00", "channel": "websocket", "level": "DEBUG", "msg": "ws_heartbeat", "data": {"latency_ms": 0}}
{"ts": "2026-05-11T15:45:42.575363+00:00", "channel": "websocket", "level": "DEBUG", "msg": "ws_heartbeat", "data": {"latency_ms": 0}}
{"ts": "2026-05-11T15:46:12.575776+00:00", "channel": "websocket", "level": "DEBUG", "msg": "ws_heartbeat", "data": {"latency_ms": 0}}
{"ts": "2026-05-11T15:46:42.576733+00:00", "channel": "websocket", "level": "DEBUG", "msg": "ws_heartbeat", "data": {"latency_ms": 0}}
{"ts": "2026-05-11T15:47:12.579024+00:00", "channel": "websocket", "level": "DEBUG", "msg": "ws_heartbeat", "data": {"latency_ms": 0}}
{"ts": "2026-05-11T15:47:42.580110+00:00", "channel": "websocket", "level": "DEBUG", "msg": "ws_heartbeat", "data": {"latency_ms": 0}}
{"ts": "2026-05-11T15:48:12.577884+00:00", "channel": "websocket", "level": "DEBUG", "msg": "ws_heartbeat", "data": {"latency_ms": 0}}
{"ts": "2026-05-11T15:48:42.581070+00:00", "channel": "websocket", "level": "DEBUG", "msg": "ws_heartbeat", "data": {"latency_ms": 0}}
{"ts": "2026-05-11T15:49:12.579846+00:00", "channel": "websocket", "level": "DEBUG", "msg": "ws_heartbeat", "data": {"latency_ms": 0}}
{"ts": "2026-05-11T15:49:42.581062+00:00", "channel": "websocket", "level": "DEBUG", "msg": "ws_heartbeat", "data": {"latency_ms": 0}}
{"ts": "2026-05-11T15:50:12.581932+00:00", "channel": "websocket", "level": "DEBUG", "msg": "ws_heartbeat", "data": {"latency_ms": 0}}
{"ts": "2026-05-11T15:50:42.584267+00:00", "channel": "websocket", "level": "DEBUG", "msg": "ws_heartbeat", "data": {"latency_ms": 0}}
{"ts": "2026-05-11T15:51:12.583813+00:00", "channel": "websocket", "level": "DEBUG", "msg": "ws_heartbeat", "data": {"latency_ms": 0}}
{"ts": "2026-05-11T15:51:42.582861+00:00", "channel": "websocket", "level": "DEBUG", "msg": "ws_heartbeat", "data": {"latency_ms": 0}}
{"ts": "2026-05-11T15:52:12.585631+00:00", "channel": "websocket", "level": "DEBUG", "msg": "ws_heartbeat", "data": {"latency_ms": 0}}
{"ts": "2026-05-11T15:52:42.584744+00:00", "channel": "websocket", "level": "DEBUG", "msg": "ws_heartbeat", "data": {"latency_ms": 0}}
{"ts": "2026-05-11T15:53:12.588759+00:00", "channel": "websocket", "level": "DEBUG", "msg": "ws_heartbeat", "data": {"latency_ms": 0}}
{"ts": "2026-05-11T15:53:42.587994+00:00", "channel": "websocket", "level": "DEBUG", "msg": "ws_heartbeat", "data": {"latency_ms": 0}}
{"ts": "2026-05-11T15:54:12.588194+00:00", "channel": "websocket", "level": "DEBUG", "msg": "ws_heartbeat", "data": {"latency_ms": 0}}
{"ts": "2026-05-11T15:54:42.590006+00:00", "channel": "websocket", "level": "DEBUG", "msg": "ws_heartbeat", "data": {"latency_ms": 0}}
{"ts": "2026-05-11T15:55:12.592616+00:00", "channel": "websocket", "level": "DEBUG", "msg": "ws_heartbeat", "data": {"latency_ms": 0}}
{"ts": "2026-05-11T15:55:42.601255+00:00", "channel": "websocket", "level": "DEBUG", "msg": "ws_heartbeat", "data": {"latency_ms": 0}}
{"ts": "2026-05-11T15:56:12.593641+00:00", "channel": "websocket", "level": "DEBUG", "msg": "ws_heartbeat", "data": {"latency_ms": 0}}
{"ts": "2026-05-11T15:56:42.595509+00:00", "channel": "websocket", "level": "DEBUG", "msg": "ws_heartbeat", "data": {"latency_ms": 0}}
{"ts": "2026-05-11T15:57:12.595690+00:00", "channel": "websocket", "level": "DEBUG", "msg": "ws_heartbeat", "data": {"latency_ms": 0}}
{"ts": "2026-05-11T15:57:42.597353+00:00", "channel": "websocket", "level": "DEBUG", "msg": "ws_heartbeat", "data": {"latency_ms": 0}}
{"ts": "2026-05-11T15:58:12.596917+00:00", "channel": "websocket", "level": "DEBUG", "msg": "ws_heartbeat", "data": {"latency_ms": 0}}
{"ts": "2026-05-11T15:58:42.599092+00:00", "channel": "websocket", "level": "DEBUG", "msg": "ws_heartbeat", "data": {"latency_ms": 0}}
{"ts": "2026-05-11T15:59:12.597549+00:00", "channel": "websocket", "level": "DEBUG", "msg": "ws_heartbeat", "data": {"latency_ms": 0}}
{"ts": "2026-05-11T15:59:42.597298+00:00", "channel": "websocket", "level": "DEBUG", "msg": "ws_heartbeat", "data": {"latency_ms": 0}}
{"ts": "2026-05-11T16:00:12.600785+00:00", "channel": "websocket", "level": "DEBUG", "msg": "ws_heartbeat", "data": {"latency_ms": 0}}
{"ts": "2026-05-11T16:00:42.598965+00:00", "channel": "websocket", "level": "DEBUG", "msg": "ws_heartbeat", "data": {"latency_ms": 0}}
{"ts": "2026-05-11T16:01:12.598840+00:00", "channel": "websocket", "level": "DEBUG", "msg": "ws_heartbeat", "data": {"latency_ms": 0}}
{"ts": "2026-05-11T16:01:42.603098+00:00", "channel": "websocket", "level": "DEBUG", "msg": "ws_heartbeat", "data": {"latency_ms": 0}}
{"ts": "2026-05-11T16:02:12.602350+00:00", "channel": "websocket", "level": "DEBUG", "msg": "ws_heartbeat", "data": {"latency_ms": 0}}
{"ts": "2026-05-11T16:02:42.602674+00:00", "channel": "websocket", "level": "DEBUG", "msg": "ws_heartbeat", "data": {"latency_ms": 0}}
{"ts": "2026-05-11T16:03:12.612538+00:00", "channel": "websocket", "level": "DEBUG", "msg": "ws_heartbeat", "data": {"latency_ms": 0}}
{"ts": "2026-05-11T16:03:42.604187+00:00", "channel": "websocket", "level": "DEBUG", "msg": "ws_heartbeat", "data": {"latency_ms": 0}}
{"ts": "2026-05-11T16:04:12.604668+00:00", "channel": "websocket", "level": "DEBUG", "msg": "ws_heartbeat", "data": {"latency_ms": 0}}
{"ts": "2026-05-11T16:04:42.603856+00:00", "channel": "websocket", "level": "DEBUG", "msg": "ws_heartbeat", "data": {"latency_ms": 0}}
{"ts": "2026-05-11T16:05:12.605463+00:00", "channel": "websocket", "level": "DEBUG", "msg": "ws_heartbeat", "data": {"latency_ms": 0}}
{"ts": "2026-05-11T16:05:42.607378+00:00", "channel": "websocket", "level": "DEBUG", "msg": "ws_heartbeat", "data": {"latency_ms": 0}}
{"ts": "2026-05-11T16:06:12.607598+00:00", "channel": "websocket", "level": "DEBUG", "msg": "ws_heartbeat", "data": {"latency_ms": 0}}
{"ts": "2026-05-11T16:06:42.610027+00:00", "channel": "websocket", "level": "DEBUG", "msg": "ws_heartbeat", "data": {"latency_ms": 0}}
{"ts": "2026-05-11T16:07:12.609306+00:00", "channel": "websocket", "level": "DEBUG", "msg": "ws_heartbeat", "data": {"latency_ms": 0}}
{"ts": "2026-05-11T16:07:42.608545+00:00", "channel": "websocket", "level": "DEBUG", "msg": "ws_heartbeat", "data": {"latency_ms": 0}}
{"ts": "2026-05-11T16:08:12.610720+00:00", "channel": "websocket", "level": "DEBUG", "msg": "ws_heartbeat", "data": {"latency_ms": 0}}
{"ts": "2026-05-11T16:08:14.697660+00:00", "channel": "websocket", "level": "WARNING", "msg": "ws_disconnect", "data": {"socket_id": "xo9_n0VgQlHZCiu0AAAA", "reason": "socket.io_disconnect", "total_disconnections": 23}}
{"ts": "2026-05-11T16:08:20.713607+00:00", "channel": "websocket", "level": "INFO", "msg": "ws_backoff", "data": {"delay_s": 10, "attempt": 24}}
{"ts": "2026-05-11T16:08:21.181507+00:00", "channel": "websocket", "level": "INFO", "msg": "ws_connect", "data": {"socket_id": "EIP1S7MQU2vrDEKbAAAA", "ip": "https://ibrahim-backend-production.up.railway.app"}}
{"ts": "2026-05-11T16:08:36.144419+00:00", "channel": "websocket", "level": "WARNING", "msg": "ws_disconnect", "data": {"socket_id": "EIP1S7MQU2vrDEKbAAAA", "reason": "socket.io_disconnect", "total_disconnections": 24}}
{"ts": "2026-05-11T16:08:42.159288+00:00", "channel": "websocket", "level": "INFO", "msg": "ws_backoff", "data": {"delay_s": 10, "attempt": 25}}
{"ts": "2026-05-11T16:08:42.650071+00:00", "channel": "websocket", "level": "INFO", "msg": "ws_connect", "data": {"socket_id": "T0Nd-rPAbPtMNYfIAAAA", "ip": "https://ibrahim-backend-production.up.railway.app"}}
{"ts": "2026-05-11T16:09:12.349451+00:00", "channel": "websocket", "level": "DEBUG", "msg": "ws_heartbeat", "data": {"latency_ms": 0}}
{"ts": "2026-05-11T16:09:42.346009+00:00", "channel": "websocket", "level": "DEBUG", "msg": "ws_heartbeat", "data": {"latency_ms": 0}}
{"ts": "2026-05-11T16:10:12.349401+00:00", "channel": "websocket", "level": "DEBUG", "msg": "ws_heartbeat", "data": {"latency_ms": 0}}
{"ts": "2026-05-11T16:10:42.347690+00:00", "channel": "websocket", "level": "DEBUG", "msg": "ws_heartbeat", "data": {"latency_ms": 0}}
{"ts": "2026-05-11T16:11:12.351261+00:00", "channel": "websocket", "level": "DEBUG", "msg": "ws_heartbeat", "data": {"latency_ms": 0}}
{"ts": "2026-05-11T16:11:42.349686+00:00", "channel": "websocket", "level": "DEBUG", "msg": "ws_heartbeat", "data": {"latency_ms": 0}}
{"ts": "2026-05-11T16:12:12.349979+00:00", "channel": "websocket", "level": "DEBUG", "msg": "ws_heartbeat", "data": {"latency_ms": 0}}
{"ts": "2026-05-11T16:12:42.351873+00:00", "channel": "websocket", "level": "DEBUG", "msg": "ws_heartbeat", "data": {"latency_ms": 0}}
{"ts": "2026-05-11T16:13:12.351207+00:00", "channel": "websocket", "level": "DEBUG", "msg": "ws_heartbeat", "data": {"latency_ms": 0}}
{"ts": "2026-05-11T16:13:42.352355+00:00", "channel": "websocket", "level": "DEBUG", "msg": "ws_heartbeat", "data": {"latency_ms": 0}}
{"ts": "2026-05-11T16:14:12.354491+00:00", "channel": "websocket", "level": "DEBUG", "msg": "ws_heartbeat", "data": {"latency_ms": 0}}
{"ts": "2026-05-11T16:14:42.353873+00:00", "channel": "websocket", "level": "DEBUG", "msg": "ws_heartbeat", "data": {"latency_ms": 0}}
{"ts": "2026-05-11T16:15:12.355259+00:00", "channel": "websocket", "level": "DEBUG", "msg": "ws_heartbeat", "data": {"latency_ms": 0}}
{"ts": "2026-05-11T16:15:42.354698+00:00", "channel": "websocket", "level": "DEBUG", "msg": "ws_heartbeat", "data": {"latency_ms": 0}}
{"ts": "2026-05-11T16:16:12.355251+00:00", "channel": "websocket", "level": "DEBUG", "msg": "ws_heartbeat", "data": {"latency_ms": 0}}
{"ts": "2026-05-11T16:16:42.357391+00:00", "channel": "websocket", "level": "DEBUG", "msg": "ws_heartbeat", "data": {"latency_ms": 0}}
{"ts": "2026-05-11T16:17:12.358552+00:00", "channel": "websocket", "level": "DEBUG", "msg": "ws_heartbeat", "data": {"latency_ms": 0}}
{"ts": "2026-05-11T16:17:42.361621+00:00", "channel": "websocket", "level": "DEBUG", "msg": "ws_heartbeat", "data": {"latency_ms": 0}}
{"ts": "2026-05-11T16:18:12.360036+00:00", "channel": "websocket", "level": "DEBUG", "msg": "ws_heartbeat", "data": {"latency_ms": 0}}
{"ts": "2026-05-11T16:18:42.362966+00:00", "channel": "websocket", "level": "DEBUG", "msg": "ws_heartbeat", "data": {"latency_ms": 0}}
{"ts": "2026-05-11T16:19:12.362833+00:00", "channel": "websocket", "level": "DEBUG", "msg": "ws_heartbeat", "data": {"latency_ms": 0}}
{"ts": "2026-05-11T16:19:42.364574+00:00", "channel": "websocket", "level": "DEBUG", "msg": "ws_heartbeat", "data": {"latency_ms": 0}}
{"ts": "2026-05-11T16:20:12.362837+00:00", "channel": "websocket", "level": "DEBUG", "msg": "ws_heartbeat", "data": {"latency_ms": 0}}
{"ts": "2026-05-11T16:20:42.363674+00:00", "channel": "websocket", "level": "DEBUG", "msg": "ws_heartbeat", "data": {"latency_ms": 0}}
{"ts": "2026-05-11T16:21:12.363276+00:00", "channel": "websocket", "level": "DEBUG", "msg": "ws_heartbeat", "data": {"latency_ms": 0}}
{"ts": "2026-05-11T16:21:42.365811+00:00", "channel": "websocket", "level": "DEBUG", "msg": "ws_heartbeat", "data": {"latency_ms": 0}}
{"ts": "2026-05-11T16:22:12.365451+00:00", "channel": "websocket", "level": "DEBUG", "msg": "ws_heartbeat", "data": {"latency_ms": 0}}
{"ts": "2026-05-11T16:22:42.366248+00:00", "channel": "websocket", "level": "DEBUG", "msg": "ws_heartbeat", "data": {"latency_ms": 0}}
{"ts": "2026-05-11T16:23:12.366373+00:00", "channel": "websocket", "level": "DEBUG", "msg": "ws_heartbeat", "data": {"latency_ms": 0}}
{"ts": "2026-05-11T16:23:42.367254+00:00", "channel": "websocket", "level": "DEBUG", "msg": "ws_heartbeat", "data": {"latency_ms": 0}}
{"ts": "2026-05-11T16:24:12.373303+00:00", "channel": "websocket", "level": "DEBUG", "msg": "ws_heartbeat", "data": {"latency_ms": 0}}
{"ts": "2026-05-11T16:24:42.376393+00:00", "channel": "websocket", "level": "DEBUG", "msg": "ws_heartbeat", "data": {"latency_ms": 0}}
{"ts": "2026-05-11T16:25:12.376195+00:00", "channel": "websocket", "level": "DEBUG", "msg": "ws_heartbeat", "data": {"latency_ms": 0}}
{"ts": "2026-05-11T16:25:42.372826+00:00", "channel": "websocket", "level": "DEBUG", "msg": "ws_heartbeat", "data": {"latency_ms": 0}}
{"ts": "2026-05-11T16:26:12.372998+00:00", "channel": "websocket", "level": "DEBUG", "msg": "ws_heartbeat", "data": {"latency_ms": 0}}
{"ts": "2026-05-11T16:26:42.373254+00:00", "channel": "websocket", "level": "DEBUG", "msg": "ws_heartbeat", "data": {"latency_ms": 0}}
{"ts": "2026-05-11T16:27:12.373008+00:00", "channel": "websocket", "level": "DEBUG", "msg": "ws_heartbeat", "data": {"latency_ms": 0}}
{"ts": "2026-05-11T16:27:42.373247+00:00", "channel": "websocket", "level": "DEBUG", "msg": "ws_heartbeat", "data": {"latency_ms": 0}}
{"ts": "2026-05-11T16:28:12.374744+00:00", "channel": "websocket", "level": "DEBUG", "msg": "ws_heartbeat", "data": {"latency_ms": 0}}
{"ts": "2026-05-11T16:28:42.375034+00:00", "channel": "websocket", "level": "DEBUG", "msg": "ws_heartbeat", "data": {"latency_ms": 0}}
{"ts": "2026-05-11T16:29:12.374444+00:00", "channel": "websocket", "level": "DEBUG", "msg": "ws_heartbeat", "data": {"latency_ms": 0}}
{"ts": "2026-05-11T16:29:42.376160+00:00", "channel": "websocket", "level": "DEBUG", "msg": "ws_heartbeat", "data": {"latency_ms": 0}}
{"ts": "2026-05-11T16:30:12.383266+00:00", "channel": "websocket", "level": "DEBUG", "msg": "ws_heartbeat", "data": {"latency_ms": 0}}
{"ts": "2026-05-11T16:30:42.377442+00:00", "channel": "websocket", "level": "DEBUG", "msg": "ws_heartbeat", "data": {"latency_ms": 0}}
{"ts": "2026-05-11T16:31:12.378491+00:00", "channel": "websocket", "level": "DEBUG", "msg": "ws_heartbeat", "data": {"latency_ms": 0}}
{"ts": "2026-05-11T16:31:42.379548+00:00", "channel": "websocket", "level": "DEBUG", "msg": "ws_heartbeat", "data": {"latency_ms": 0}}
{"ts": "2026-05-11T16:32:12.382249+00:00", "channel": "websocket", "level": "DEBUG", "msg": "ws_heartbeat", "data": {"latency_ms": 0}}
{"ts": "2026-05-11T16:32:42.382202+00:00", "channel": "websocket", "level": "DEBUG", "msg": "ws_heartbeat", "data": {"latency_ms": 0}}
{"ts": "2026-05-11T16:33:12.389736+00:00", "channel": "websocket", "level": "DEBUG", "msg": "ws_heartbeat", "data": {"latency_ms": 0}}
{"ts": "2026-05-11T16:33:42.385623+00:00", "channel": "websocket", "level": "DEBUG", "msg": "ws_heartbeat", "data": {"latency_ms": 0}}
{"ts": "2026-05-11T16:34:12.382798+00:00", "channel": "websocket", "level": "DEBUG", "msg": "ws_heartbeat", "data": {"latency_ms": 0}}
{"ts": "2026-05-11T16:34:42.384450+00:00", "channel": "websocket", "level": "DEBUG", "msg": "ws_heartbeat", "data": {"latency_ms": 0}}
{"ts": "2026-05-11T16:35:12.385191+00:00", "channel": "websocket", "level": "DEBUG", "msg": "ws_heartbeat", "data": {"latency_ms": 0}}
{"ts": "2026-05-11T16:35:42.386525+00:00", "channel": "websocket", "level": "DEBUG", "msg": "ws_heartbeat", "data": {"latency_ms": 0}}
{"ts": "2026-05-11T16:36:12.387659+00:00", "channel": "websocket", "level": "DEBUG", "msg": "ws_heartbeat", "data": {"latency_ms": 0}}
{"ts": "2026-05-11T16:36:42.390895+00:00", "channel": "websocket", "level": "DEBUG", "msg": "ws_heartbeat", "data": {"latency_ms": 0}}
{"ts": "2026-05-11T16:37:12.387220+00:00", "channel": "websocket", "level": "DEBUG", "msg": "ws_heartbeat", "data": {"latency_ms": 0}}
{"ts": "2026-05-11T16:37:42.388527+00:00", "channel": "websocket", "level": "DEBUG", "msg": "ws_heartbeat", "data": {"latency_ms": 0}}
{"ts": "2026-05-11T16:38:12.389152+00:00", "channel": "websocket", "level": "DEBUG", "msg": "ws_heartbeat", "data": {"latency_ms": 0}}
{"ts": "2026-05-11T16:38:42.395308+00:00", "channel": "websocket", "level": "DEBUG", "msg": "ws_heartbeat", "data": {"latency_ms": 0}}
{"ts": "2026-05-11T16:39:12.391341+00:00", "channel": "websocket", "level": "DEBUG", "msg": "ws_heartbeat", "data": {"latency_ms": 0}}
{"ts": "2026-05-11T16:39:42.392394+00:00", "channel": "websocket", "level": "DEBUG", "msg": "ws_heartbeat", "data": {"latency_ms": 0}}
{"ts": "2026-05-11T16:40:12.393385+00:00", "channel": "websocket", "level": "DEBUG", "msg": "ws_heartbeat", "data": {"latency_ms": 0}}
{"ts": "2026-05-11T16:40:42.396816+00:00", "channel": "websocket", "level": "DEBUG", "msg": "ws_heartbeat", "data": {"latency_ms": 0}}
{"ts": "2026-05-11T16:41:12.400795+00:00", "channel": "websocket", "level": "DEBUG", "msg": "ws_heartbeat", "data": {"latency_ms": 0}}
{"ts": "2026-05-11T16:41:35.405866+00:00", "channel": "websocket", "level": "WARNING", "msg": "ws_disconnect", "data": {"socket_id": "T0Nd-rPAbPtMNYfIAAAA", "reason": "socket.io_disconnect", "total_disconnections": 25}}
{"ts": "2026-05-11T16:41:41.416284+00:00", "channel": "websocket", "level": "INFO", "msg": "ws_backoff", "data": {"delay_s": 10, "attempt": 26}}
{"ts": "2026-05-11T16:41:41.844780+00:00", "channel": "websocket", "level": "INFO", "msg": "ws_connect", "data": {"socket_id": "JWXDXxm6mcdFyHBCAAAA", "ip": "https://ibrahim-backend-production.up.railway.app"}}
{"ts": "2026-05-11T16:42:11.541965+00:00", "channel": "websocket", "level": "DEBUG", "msg": "ws_heartbeat", "data": {"latency_ms": 0}}
{"ts": "2026-05-11T16:42:41.548742+00:00", "channel": "websocket", "level": "DEBUG", "msg": "ws_heartbeat", "data": {"latency_ms": 0}}
{"ts": "2026-05-11T16:43:11.543423+00:00", "channel": "websocket", "level": "DEBUG", "msg": "ws_heartbeat", "data": {"latency_ms": 0}}
{"ts": "2026-05-11T16:43:41.543988+00:00", "channel": "websocket", "level": "DEBUG", "msg": "ws_heartbeat", "data": {"latency_ms": 0}}
{"ts": "2026-05-11T16:44:11.543002+00:00", "channel": "websocket", "level": "DEBUG", "msg": "ws_heartbeat", "data": {"latency_ms": 0}}
{"ts": "2026-05-11T16:44:41.546816+00:00", "channel": "websocket", "level": "DEBUG", "msg": "ws_heartbeat", "data": {"latency_ms": 0}}
{"ts": "2026-05-11T16:45:11.545655+00:00", "channel": "websocket", "level": "DEBUG", "msg": "ws_heartbeat", "data": {"latency_ms": 0}}
{"ts": "2026-05-11T16:45:41.546427+00:00", "channel": "websocket", "level": "DEBUG", "msg": "ws_heartbeat", "data": {"latency_ms": 0}}
{"ts": "2026-05-11T16:46:11.547478+00:00", "channel": "websocket", "level": "DEBUG", "msg": "ws_heartbeat", "data": {"latency_ms": 0}}
{"ts": "2026-05-11T16:46:41.546867+00:00", "channel": "websocket", "level": "DEBUG", "msg": "ws_heartbeat", "data": {"latency_ms": 0}}
{"ts": "2026-05-11T16:47:11.547241+00:00", "channel": "websocket", "level": "DEBUG", "msg": "ws_heartbeat", "data": {"latency_ms": 0}}
{"ts": "2026-05-11T16:47:41.548450+00:00", "channel": "websocket", "level": "DEBUG", "msg": "ws_heartbeat", "data": {"latency_ms": 0}}
{"ts": "2026-05-11T16:48:11.550944+00:00", "channel": "websocket", "level": "DEBUG", "msg": "ws_heartbeat", "data": {"latency_ms": 0}}
{"ts": "2026-05-11T16:48:41.554454+00:00", "channel": "websocket", "level": "DEBUG", "msg": "ws_heartbeat", "data": {"latency_ms": 0}}
{"ts": "2026-05-11T16:49:11.551213+00:00", "channel": "websocket", "level": "DEBUG", "msg": "ws_heartbeat", "data": {"latency_ms": 0}}
{"ts": "2026-05-11T16:49:41.555614+00:00", "channel": "websocket", "level": "DEBUG", "msg": "ws_heartbeat", "data": {"latency_ms": 0}}
{"ts": "2026-05-11T16:50:11.205419+00:00", "channel": "websocket", "level": "WARNING", "msg": "ws_disconnect", "data": {"socket_id": "JWXDXxm6mcdFyHBCAAAA", "reason": "socket.io_disconnect", "total_disconnections": 26}}
{"ts": "2026-05-11T16:50:17.212720+00:00", "channel": "websocket", "level": "INFO", "msg": "ws_backoff", "data": {"delay_s": 10, "attempt": 27}}
{"ts": "2026-05-11T16:50:17.702013+00:00", "channel": "websocket", "level": "INFO", "msg": "ws_connect", "data": {"socket_id": "pz0v765Bmusz3hnHAAAC", "ip": "https://ibrahim-backend-production.up.railway.app"}}
{"ts": "2026-05-11T16:50:47.398127+00:00", "channel": "websocket", "level": "DEBUG", "msg": "ws_heartbeat", "data": {"latency_ms": 0}}
{"ts": "2026-05-11T16:51:17.401938+00:00", "channel": "websocket", "level": "DEBUG", "msg": "ws_heartbeat", "data": {"latency_ms": 0}}
{"ts": "2026-05-11T16:51:47.399358+00:00", "channel": "websocket", "level": "DEBUG", "msg": "ws_heartbeat", "data": {"latency_ms": 0}}
{"ts": "2026-05-11T16:52:17.401020+00:00", "channel": "websocket", "level": "DEBUG", "msg": "ws_heartbeat", "data": {"latency_ms": 0}}
{"ts": "2026-05-11T16:52:47.404461+00:00", "channel": "websocket", "level": "DEBUG", "msg": "ws_heartbeat", "data": {"latency_ms": 0}}
{"ts": "2026-05-11T16:53:17.402968+00:00", "channel": "websocket", "level": "DEBUG", "msg": "ws_heartbeat", "data": {"latency_ms": 0}}
{"ts": "2026-05-11T16:53:47.405239+00:00", "channel": "websocket", "level": "DEBUG", "msg": "ws_heartbeat", "data": {"latency_ms": 0}}
{"ts": "2026-05-11T16:54:17.405227+00:00", "channel": "websocket", "level": "DEBUG", "msg": "ws_heartbeat", "data": {"latency_ms": 0}}
{"ts": "2026-05-11T16:54:47.409397+00:00", "channel": "websocket", "level": "DEBUG", "msg": "ws_heartbeat", "data": {"latency_ms": 0}}
{"ts": "2026-05-11T16:55:17.407220+00:00", "channel": "websocket", "level": "DEBUG", "msg": "ws_heartbeat", "data": {"latency_ms": 0}}
{"ts": "2026-05-11T16:55:47.408085+00:00", "channel": "websocket", "level": "DEBUG", "msg": "ws_heartbeat", "data": {"latency_ms": 0}}
{"ts": "2026-05-11T16:56:17.411642+00:00", "channel": "websocket", "level": "DEBUG", "msg": "ws_heartbeat", "data": {"latency_ms": 0}}
{"ts": "2026-05-11T16:56:47.414880+00:00", "channel": "websocket", "level": "DEBUG", "msg": "ws_heartbeat", "data": {"latency_ms": 0}}
{"ts": "2026-05-11T16:57:17.411554+00:00", "channel": "websocket", "level": "DEBUG", "msg": "ws_heartbeat", "data": {"latency_ms": 0}}
{"ts": "2026-05-11T16:57:47.411307+00:00", "channel": "websocket", "level": "DEBUG", "msg": "ws_heartbeat", "data": {"latency_ms": 0}}
{"ts": "2026-05-11T16:58:17.411123+00:00", "channel": "websocket", "level": "DEBUG", "msg": "ws_heartbeat", "data": {"latency_ms": 0}}
{"ts": "2026-05-11T16:58:47.415103+00:00", "channel": "websocket", "level": "DEBUG", "msg": "ws_heartbeat", "data": {"latency_ms": 0}}
{"ts": "2026-05-11T16:59:17.414426+00:00", "channel": "websocket", "level": "DEBUG", "msg": "ws_heartbeat", "data": {"latency_ms": 0}}
{"ts": "2026-05-11T16:59:47.416106+00:00", "channel": "websocket", "level": "DEBUG", "msg": "ws_heartbeat", "data": {"latency_ms": 0}}
{"ts": "2026-05-11T17:00:17.415360+00:00", "channel": "websocket", "level": "DEBUG", "msg": "ws_heartbeat", "data": {"latency_ms": 0}}
{"ts": "2026-05-11T17:00:47.418100+00:00", "channel": "websocket", "level": "DEBUG", "msg": "ws_heartbeat", "data": {"latency_ms": 0}}
{"ts": "2026-05-11T17:01:17.422338+00:00", "channel": "websocket", "level": "DEBUG", "msg": "ws_heartbeat", "data": {"latency_ms": 0}}
{"ts": "2026-05-11T17:01:47.419664+00:00", "channel": "websocket", "level": "DEBUG", "msg": "ws_heartbeat", "data": {"latency_ms": 0}}
{"ts": "2026-05-11T17:02:17.419683+00:00", "channel": "websocket", "level": "DEBUG", "msg": "ws_heartbeat", "data": {"latency_ms": 0}}
{"ts": "2026-05-11T17:02:47.420699+00:00", "channel": "websocket", "level": "DEBUG", "msg": "ws_heartbeat", "data": {"latency_ms": 0}}
{"ts": "2026-05-11T17:03:17.420429+00:00", "channel": "websocket", "level": "DEBUG", "msg": "ws_heartbeat", "data": {"latency_ms": 0}}
{"ts": "2026-05-11T17:03:30.459452+00:00", "channel": "websocket", "level": "WARNING", "msg": "ws_disconnect", "data": {"socket_id": "pz0v765Bmusz3hnHAAAC", "reason": "socket.io_disconnect", "total_disconnections": 27}}
{"ts": "2026-05-11T17:03:36.472443+00:00", "channel": "websocket", "level": "INFO", "msg": "ws_backoff", "data": {"delay_s": 10, "attempt": 28}}
{"ts": "2026-05-11T17:03:36.922635+00:00", "channel": "websocket", "level": "INFO", "msg": "ws_connect", "data": {"socket_id": "7qAP6dvvQUHMt4j1AAAA", "ip": "https://ibrahim-backend-production.up.railway.app"}}
{"ts": "2026-05-11T17:04:06.618685+00:00", "channel": "websocket", "level": "DEBUG", "msg": "ws_heartbeat", "data": {"latency_ms": 0}}
{"ts": "2026-05-11T17:04:36.621248+00:00", "channel": "websocket", "level": "DEBUG", "msg": "ws_heartbeat", "data": {"latency_ms": 0}}
{"ts": "2026-05-11T17:05:06.621268+00:00", "channel": "websocket", "level": "DEBUG", "msg": "ws_heartbeat", "data": {"latency_ms": 0}}
{"ts": "2026-05-11T17:05:36.622998+00:00", "channel": "websocket", "level": "DEBUG", "msg": "ws_heartbeat", "data": {"latency_ms": 0}}
{"ts": "2026-05-11T17:06:06.630187+00:00", "channel": "websocket", "level": "DEBUG", "msg": "ws_heartbeat", "data": {"latency_ms": 0}}
{"ts": "2026-05-11T17:06:36.626081+00:00", "channel": "websocket", "level": "DEBUG", "msg": "ws_heartbeat", "data": {"latency_ms": 0}}
{"ts": "2026-05-11T17:07:06.626890+00:00", "channel": "websocket", "level": "DEBUG", "msg": "ws_heartbeat", "data": {"latency_ms": 0}}
{"ts": "2026-05-11T17:07:36.624665+00:00", "channel": "websocket", "level": "DEBUG", "msg": "ws_heartbeat", "data": {"latency_ms": 0}}
{"ts": "2026-05-11T17:08:06.626430+00:00", "channel": "websocket", "level": "DEBUG", "msg": "ws_heartbeat", "data": {"latency_ms": 0}}
{"ts": "2026-05-11T17:08:36.627983+00:00", "channel": "websocket", "level": "DEBUG", "msg": "ws_heartbeat", "data": {"latency_ms": 0}}
{"ts": "2026-05-11T17:09:06.629835+00:00", "channel": "websocket", "level": "DEBUG", "msg": "ws_heartbeat", "data": {"latency_ms": 0}}
{"ts": "2026-05-11T17:09:36.629350+00:00", "channel": "websocket", "level": "DEBUG", "msg": "ws_heartbeat", "data": {"latency_ms": 0}}
{"ts": "2026-05-11T17:10:06.629559+00:00", "channel": "websocket", "level": "DEBUG", "msg": "ws_heartbeat", "data": {"latency_ms": 0}}
{"ts": "2026-05-11T17:10:36.633439+00:00", "channel": "websocket", "level": "DEBUG", "msg": "ws_heartbeat", "data": {"latency_ms": 0}}
{"ts": "2026-05-11T17:11:06.632248+00:00", "channel": "websocket", "level": "DEBUG", "msg": "ws_heartbeat", "data": {"latency_ms": 0}}
{"ts": "2026-05-11T17:11:36.633133+00:00", "channel": "websocket", "level": "DEBUG", "msg": "ws_heartbeat", "data": {"latency_ms": 0}}
{"ts": "2026-05-11T17:12:06.633449+00:00", "channel": "websocket", "level": "DEBUG", "msg": "ws_heartbeat", "data": {"latency_ms": 0}}
{"ts": "2026-05-11T17:12:36.635338+00:00", "channel": "websocket", "level": "DEBUG", "msg": "ws_heartbeat", "data": {"latency_ms": 0}}
{"ts": "2026-05-11T17:13:06.638361+00:00", "channel": "websocket", "level": "DEBUG", "msg": "ws_heartbeat", "data": {"latency_ms": 0}}
{"ts": "2026-05-11T17:13:36.637067+00:00", "channel": "websocket", "level": "DEBUG", "msg": "ws_heartbeat", "data": {"latency_ms": 0}}
{"ts": "2026-05-11T17:14:06.638390+00:00", "channel": "websocket", "level": "DEBUG", "msg": "ws_heartbeat", "data": {"latency_ms": 0}}
{"ts": "2026-05-11T17:14:36.639131+00:00", "channel": "websocket", "level": "DEBUG", "msg": "ws_heartbeat", "data": {"latency_ms": 0}}
{"ts": "2026-05-11T17:15:06.645260+00:00", "channel": "websocket", "level": "DEBUG", "msg": "ws_heartbeat", "data": {"latency_ms": 0}}
{"ts": "2026-05-11T17:15:36.642538+00:00", "channel": "websocket", "level": "DEBUG", "msg": "ws_heartbeat", "data": {"latency_ms": 0}}
{"ts": "2026-05-11T17:16:06.643046+00:00", "channel": "websocket", "level": "DEBUG", "msg": "ws_heartbeat", "data": {"latency_ms": 0}}
{"ts": "2026-05-11T17:16:36.644293+00:00", "channel": "websocket", "level": "DEBUG", "msg": "ws_heartbeat", "data": {"latency_ms": 0}}
{"ts": "2026-05-11T17:17:06.643399+00:00", "channel": "websocket", "level": "DEBUG", "msg": "ws_heartbeat", "data": {"latency_ms": 0}}
{"ts": "2026-05-11T17:17:36.646623+00:00", "channel": "websocket", "level": "DEBUG", "msg": "ws_heartbeat", "data": {"latency_ms": 0}}
{"ts": "2026-05-11T17:18:06.647219+00:00", "channel": "websocket", "level": "DEBUG", "msg": "ws_heartbeat", "data": {"latency_ms": 0}}
{"ts": "2026-05-11T17:18:36.646537+00:00", "channel": "websocket", "level": "DEBUG", "msg": "ws_heartbeat", "data": {"latency_ms": 0}}
{"ts": "2026-05-11T17:19:06.648886+00:00", "channel": "websocket", "level": "DEBUG", "msg": "ws_heartbeat", "data": {"latency_ms": 0}}
{"ts": "2026-05-11T17:19:36.649044+00:00", "channel": "websocket", "level": "DEBUG", "msg": "ws_heartbeat", "data": {"latency_ms": 0}}
{"ts": "2026-05-11T17:20:06.649823+00:00", "channel": "websocket", "level": "DEBUG", "msg": "ws_heartbeat", "data": {"latency_ms": 0}}
{"ts": "2026-05-11T17:20:30.677313+00:00", "channel": "websocket", "level": "WARNING", "msg": "ws_disconnect", "data": {"socket_id": "7qAP6dvvQUHMt4j1AAAA", "reason": "socket.io_disconnect", "total_disconnections": 28}}
{"ts": "2026-05-11T17:20:36.706449+00:00", "channel": "websocket", "level": "INFO", "msg": "ws_backoff", "data": {"delay_s": 10, "attempt": 29}}
{"ts": "2026-05-11T17:20:37.163301+00:00", "channel": "websocket", "level": "INFO", "msg": "ws_connect", "data": {"socket_id": "q8BAidKhZfYXhcUkAAAA", "ip": "https://ibrahim-backend-production.up.railway.app"}}
{"ts": "2026-05-11T17:21:06.861053+00:00", "channel": "websocket", "level": "DEBUG", "msg": "ws_heartbeat", "data": {"latency_ms": 0}}
{"ts": "2026-05-11T17:21:36.860779+00:00", "channel": "websocket", "level": "DEBUG", "msg": "ws_heartbeat", "data": {"latency_ms": 0}}
{"ts": "2026-05-11T17:22:06.859617+00:00", "channel": "websocket", "level": "DEBUG", "msg": "ws_heartbeat", "data": {"latency_ms": 0}}
{"ts": "2026-05-11T17:22:36.864489+00:00", "channel": "websocket", "level": "DEBUG", "msg": "ws_heartbeat", "data": {"latency_ms": 0}}
{"ts": "2026-05-11T17:23:06.868670+00:00", "channel": "websocket", "level": "DEBUG", "msg": "ws_heartbeat", "data": {"latency_ms": 0}}
{"ts": "2026-05-11T17:23:36.864886+00:00", "channel": "websocket", "level": "DEBUG", "msg": "ws_heartbeat", "data": {"latency_ms": 0}}
{"ts": "2026-05-11T17:24:06.865104+00:00", "channel": "websocket", "level": "DEBUG", "msg": "ws_heartbeat", "data": {"latency_ms": 0}}
{"ts": "2026-05-11T17:24:36.863851+00:00", "channel": "websocket", "level": "DEBUG", "msg": "ws_heartbeat", "data": {"latency_ms": 0}}
{"ts": "2026-05-11T17:25:06.866120+00:00", "channel": "websocket", "level": "DEBUG", "msg": "ws_heartbeat", "data": {"latency_ms": 0}}
{"ts": "2026-05-11T17:25:36.866067+00:00", "channel": "websocket", "level": "DEBUG", "msg": "ws_heartbeat", "data": {"latency_ms": 0}}
{"ts": "2026-05-11T17:26:06.868034+00:00", "channel": "websocket", "level": "DEBUG", "msg": "ws_heartbeat", "data": {"latency_ms": 0}}
{"ts": "2026-05-11T17:26:36.868905+00:00", "channel": "websocket", "level": "DEBUG", "msg": "ws_heartbeat", "data": {"latency_ms": 0}}
{"ts": "2026-05-11T17:27:06.869647+00:00", "channel": "websocket", "level": "DEBUG", "msg": "ws_heartbeat", "data": {"latency_ms": 0}}
{"ts": "2026-05-11T17:27:36.870231+00:00", "channel": "websocket", "level": "DEBUG", "msg": "ws_heartbeat", "data": {"latency_ms": 0}}
{"ts": "2026-05-11T17:28:06.873091+00:00", "channel": "websocket", "level": "DEBUG", "msg": "ws_heartbeat", "data": {"latency_ms": 0}}
{"ts": "2026-05-11T17:28:36.875065+00:00", "channel": "websocket", "level": "DEBUG", "msg": "ws_heartbeat", "data": {"latency_ms": 0}}
{"ts": "2026-05-11T17:29:06.876575+00:00", "channel": "websocket", "level": "DEBUG", "msg": "ws_heartbeat", "data": {"latency_ms": 0}}
{"ts": "2026-05-11T17:29:36.876532+00:00", "channel": "websocket", "level": "DEBUG", "msg": "ws_heartbeat", "data": {"latency_ms": 0}}
{"ts": "2026-05-11T17:30:06.878552+00:00", "channel": "websocket", "level": "DEBUG", "msg": "ws_heartbeat", "data": {"latency_ms": 0}}
{"ts": "2026-05-11T17:30:36.878645+00:00", "channel": "websocket", "level": "DEBUG", "msg": "ws_heartbeat", "data": {"latency_ms": 0}}
{"ts": "2026-05-11T17:30:38.269646+00:00", "channel": "websocket", "level": "WARNING", "msg": "ws_disconnect", "data": {"socket_id": "q8BAidKhZfYXhcUkAAAA", "reason": "socket.io_disconnect", "total_disconnections": 29}}
{"ts": "2026-05-11T17:30:44.273358+00:00", "channel": "websocket", "level": "INFO", "msg": "ws_backoff", "data": {"delay_s": 10, "attempt": 30}}
{"ts": "2026-05-11T17:30:44.851235+00:00", "channel": "websocket", "level": "INFO", "msg": "ws_connect", "data": {"socket_id": "xvnD39kT6ofKPKsxAAAA", "ip": "https://ibrahim-backend-production.up.railway.app"}}
{"ts": "2026-05-11T17:31:14.545862+00:00", "channel": "websocket", "level": "DEBUG", "msg": "ws_heartbeat", "data": {"latency_ms": 0}}
{"ts": "2026-05-11T17:31:44.546787+00:00", "channel": "websocket", "level": "DEBUG", "msg": "ws_heartbeat", "data": {"latency_ms": 0}}
{"ts": "2026-05-11T17:32:14.544632+00:00", "channel": "websocket", "level": "DEBUG", "msg": "ws_heartbeat", "data": {"latency_ms": 0}}
{"ts": "2026-05-11T17:32:44.546872+00:00", "channel": "websocket", "level": "DEBUG", "msg": "ws_heartbeat", "data": {"latency_ms": 0}}
{"ts": "2026-05-11T17:33:14.591283+00:00", "channel": "websocket", "level": "DEBUG", "msg": "ws_heartbeat", "data": {"latency_ms": 0}}
{"ts": "2026-05-11T17:33:44.547183+00:00", "channel": "websocket", "level": "DEBUG", "msg": "ws_heartbeat", "data": {"latency_ms": 0}}
{"ts": "2026-05-11T17:34:14.549115+00:00", "channel": "websocket", "level": "DEBUG", "msg": "ws_heartbeat", "data": {"latency_ms": 0}}
{"ts": "2026-05-11T17:34:44.552650+00:00", "channel": "websocket", "level": "DEBUG", "msg": "ws_heartbeat", "data": {"latency_ms": 0}}
{"ts": "2026-05-11T17:35:14.550254+00:00", "channel": "websocket", "level": "DEBUG", "msg": "ws_heartbeat", "data": {"latency_ms": 0}}
{"ts": "2026-05-11T17:35:44.553361+00:00", "channel": "websocket", "level": "DEBUG", "msg": "ws_heartbeat", "data": {"latency_ms": 0}}
{"ts": "2026-05-11T17:36:14.550677+00:00", "channel": "websocket", "level": "DEBUG", "msg": "ws_heartbeat", "data": {"latency_ms": 0}}
{"ts": "2026-05-11T17:36:44.551550+00:00", "channel": "websocket", "level": "DEBUG", "msg": "ws_heartbeat", "data": {"latency_ms": 0}}
{"ts": "2026-05-11T17:37:14.552045+00:00", "channel": "websocket", "level": "DEBUG", "msg": "ws_heartbeat", "data": {"latency_ms": 0}}
{"ts": "2026-05-11T17:37:44.554941+00:00", "channel": "websocket", "level": "DEBUG", "msg": "ws_heartbeat", "data": {"latency_ms": 0}}
{"ts": "2026-05-11T17:38:14.555313+00:00", "channel": "websocket", "level": "DEBUG", "msg": "ws_heartbeat", "data": {"latency_ms": 0}}
{"ts": "2026-05-11T17:38:44.555184+00:00", "channel": "websocket", "level": "DEBUG", "msg": "ws_heartbeat", "data": {"latency_ms": 0}}
{"ts": "2026-05-11T17:39:14.558700+00:00", "channel": "websocket", "level": "DEBUG", "msg": "ws_heartbeat", "data": {"latency_ms": 0}}
{"ts": "2026-05-11T17:39:44.558741+00:00", "channel": "websocket", "level": "DEBUG", "msg": "ws_heartbeat", "data": {"latency_ms": 0}}
{"ts": "2026-05-11T17:40:14.558041+00:00", "channel": "websocket", "level": "DEBUG", "msg": "ws_heartbeat", "data": {"latency_ms": 0}}
{"ts": "2026-05-11T17:40:44.560786+00:00", "channel": "websocket", "level": "DEBUG", "msg": "ws_heartbeat", "data": {"latency_ms": 0}}
{"ts": "2026-05-11T17:41:14.559348+00:00", "channel": "websocket", "level": "DEBUG", "msg": "ws_heartbeat", "data": {"latency_ms": 0}}
{"ts": "2026-05-11T17:41:44.563383+00:00", "channel": "websocket", "level": "DEBUG", "msg": "ws_heartbeat", "data": {"latency_ms": 0}}
{"ts": "2026-05-11T17:42:14.563053+00:00", "channel": "websocket", "level": "DEBUG", "msg": "ws_heartbeat", "data": {"latency_ms": 0}}
{"ts": "2026-05-11T17:42:44.562086+00:00", "channel": "websocket", "level": "DEBUG", "msg": "ws_heartbeat", "data": {"latency_ms": 0}}
{"ts": "2026-05-11T17:43:14.563182+00:00", "channel": "websocket", "level": "DEBUG", "msg": "ws_heartbeat", "data": {"latency_ms": 0}}
{"ts": "2026-05-11T17:43:44.564101+00:00", "channel": "websocket", "level": "DEBUG", "msg": "ws_heartbeat", "data": {"latency_ms": 0}}
{"ts": "2026-05-11T17:44:14.565315+00:00", "channel": "websocket", "level": "DEBUG", "msg": "ws_heartbeat", "data": {"latency_ms": 0}}
{"ts": "2026-05-11T17:44:44.564382+00:00", "channel": "websocket", "level": "DEBUG", "msg": "ws_heartbeat", "data": {"latency_ms": 0}}
{"ts": "2026-05-11T17:45:14.565912+00:00", "channel": "websocket", "level": "DEBUG", "msg": "ws_heartbeat", "data": {"latency_ms": 0}}
{"ts": "2026-05-11T17:45:44.569172+00:00", "channel": "websocket", "level": "DEBUG", "msg": "ws_heartbeat", "data": {"latency_ms": 0}}
{"ts": "2026-05-11T17:46:14.568439+00:00", "channel": "websocket", "level": "DEBUG", "msg": "ws_heartbeat", "data": {"latency_ms": 0}}
{"ts": "2026-05-11T17:46:44.569526+00:00", "channel": "websocket", "level": "DEBUG", "msg": "ws_heartbeat", "data": {"latency_ms": 0}}
{"ts": "2026-05-11T17:47:14.572686+00:00", "channel": "websocket", "level": "DEBUG", "msg": "ws_heartbeat", "data": {"latency_ms": 0}}
{"ts": "2026-05-11T17:47:44.571377+00:00", "channel": "websocket", "level": "DEBUG", "msg": "ws_heartbeat", "data": {"latency_ms": 0}}
{"ts": "2026-05-11T17:48:14.573304+00:00", "channel": "websocket", "level": "DEBUG", "msg": "ws_heartbeat", "data": {"latency_ms": 0}}
{"ts": "2026-05-11T17:48:44.574561+00:00", "channel": "websocket", "level": "DEBUG", "msg": "ws_heartbeat", "data": {"latency_ms": 0}}
{"ts": "2026-05-11T17:49:14.577338+00:00", "channel": "websocket", "level": "DEBUG", "msg": "ws_heartbeat", "data": {"latency_ms": 0}}
{"ts": "2026-05-11T17:49:44.580888+00:00", "channel": "websocket", "level": "DEBUG", "msg": "ws_heartbeat", "data": {"latency_ms": 0}}
{"ts": "2026-05-11T17:49:58.907256+00:00", "channel": "websocket", "level": "WARNING", "msg": "ws_disconnect", "data": {"socket_id": "xvnD39kT6ofKPKsxAAAA", "reason": "socket.io_disconnect", "total_disconnections": 30}}
{"ts": "2026-05-11T17:50:04.914102+00:00", "channel": "websocket", "level": "INFO", "msg": "ws_backoff", "data": {"delay_s": 10, "attempt": 31}}
{"ts": "2026-05-11T17:50:05.427261+00:00", "channel": "websocket", "level": "INFO", "msg": "ws_connect", "data": {"socket_id": "mvRzdrTsKAl06rXIAAAA", "ip": "https://ibrahim-backend-production.up.railway.app"}}
{"ts": "2026-05-11T17:50:35.122193+00:00", "channel": "websocket", "level": "DEBUG", "msg": "ws_heartbeat", "data": {"latency_ms": 0}}
{"ts": "2026-05-11T17:51:05.122221+00:00", "channel": "websocket", "level": "DEBUG", "msg": "ws_heartbeat", "data": {"latency_ms": 0}}
{"ts": "2026-05-11T17:51:35.122074+00:00", "channel": "websocket", "level": "DEBUG", "msg": "ws_heartbeat", "data": {"latency_ms": 0}}
{"ts": "2026-05-11T17:52:05.126418+00:00", "channel": "websocket", "level": "DEBUG", "msg": "ws_heartbeat", "data": {"latency_ms": 0}}
{"ts": "2026-05-11T17:52:35.124208+00:00", "channel": "websocket", "level": "DEBUG", "msg": "ws_heartbeat", "data": {"latency_ms": 0}}
{"ts": "2026-05-11T17:53:05.123975+00:00", "channel": "websocket", "level": "DEBUG", "msg": "ws_heartbeat", "data": {"latency_ms": 0}}
{"ts": "2026-05-11T17:53:35.125822+00:00", "channel": "websocket", "level": "DEBUG", "msg": "ws_heartbeat", "data": {"latency_ms": 0}}
{"ts": "2026-05-11T17:54:05.126038+00:00", "channel": "websocket", "level": "DEBUG", "msg": "ws_heartbeat", "data": {"latency_ms": 0}}
{"ts": "2026-05-11T17:54:35.127178+00:00", "channel": "websocket", "level": "DEBUG", "msg": "ws_heartbeat", "data": {"latency_ms": 0}}
{"ts": "2026-05-11T17:55:05.126967+00:00", "channel": "websocket", "level": "DEBUG", "msg": "ws_heartbeat", "data": {"latency_ms": 0}}
{"ts": "2026-05-11T17:55:35.127468+00:00", "channel": "websocket", "level": "DEBUG", "msg": "ws_heartbeat", "data": {"latency_ms": 0}}
{"ts": "2026-05-11T17:56:05.129113+00:00", "channel": "websocket", "level": "DEBUG", "msg": "ws_heartbeat", "data": {"latency_ms": 0}}
{"ts": "2026-05-11T17:56:35.128832+00:00", "channel": "websocket", "level": "DEBUG", "msg": "ws_heartbeat", "data": {"latency_ms": 0}}
{"ts": "2026-05-11T17:57:05.130642+00:00", "channel": "websocket", "level": "DEBUG", "msg": "ws_heartbeat", "data": {"latency_ms": 0}}
{"ts": "2026-05-11T17:57:35.131423+00:00", "channel": "websocket", "level": "DEBUG", "msg": "ws_heartbeat", "data": {"latency_ms": 0}}
{"ts": "2026-05-11T17:58:05.129506+00:00", "channel": "websocket", "level": "DEBUG", "msg": "ws_heartbeat", "data": {"latency_ms": 0}}
{"ts": "2026-05-11T17:58:35.135145+00:00", "channel": "websocket", "level": "DEBUG", "msg": "ws_heartbeat", "data": {"latency_ms": 0}}
{"ts": "2026-05-11T17:59:05.135629+00:00", "channel": "websocket", "level": "DEBUG", "msg": "ws_heartbeat", "data": {"latency_ms": 0}}
{"ts": "2026-05-11T17:59:35.133076+00:00", "channel": "websocket", "level": "DEBUG", "msg": "ws_heartbeat", "data": {"latency_ms": 0}}
{"ts": "2026-05-11T18:00:05.135485+00:00", "channel": "websocket", "level": "DEBUG", "msg": "ws_heartbeat", "data": {"latency_ms": 0}}
{"ts": "2026-05-11T18:00:35.141142+00:00", "channel": "websocket", "level": "DEBUG", "msg": "ws_heartbeat", "data": {"latency_ms": 0}}
{"ts": "2026-05-11T18:01:05.181910+00:00", "channel": "websocket", "level": "DEBUG", "msg": "ws_heartbeat", "data": {"latency_ms": 0}}
{"ts": "2026-05-11T18:01:35.139254+00:00", "channel": "websocket", "level": "DEBUG", "msg": "ws_heartbeat", "data": {"latency_ms": 0}}
{"ts": "2026-05-11T18:02:05.139557+00:00", "channel": "websocket", "level": "DEBUG", "msg": "ws_heartbeat", "data": {"latency_ms": 0}}
{"ts": "2026-05-11T18:02:35.139783+00:00", "channel": "websocket", "level": "DEBUG", "msg": "ws_heartbeat", "data": {"latency_ms": 0}}
{"ts": "2026-05-11T18:03:05.141748+00:00", "channel": "websocket", "level": "DEBUG", "msg": "ws_heartbeat", "data": {"latency_ms": 0}}
{"ts": "2026-05-11T18:03:35.142581+00:00", "channel": "websocket", "level": "DEBUG", "msg": "ws_heartbeat", "data": {"latency_ms": 0}}
{"ts": "2026-05-11T18:04:05.145010+00:00", "channel": "websocket", "level": "DEBUG", "msg": "ws_heartbeat", "data": {"latency_ms": 0}}
{"ts": "2026-05-11T18:04:35.144872+00:00", "channel": "websocket", "level": "DEBUG", "msg": "ws_heartbeat", "data": {"latency_ms": 0}}
{"ts": "2026-05-11T18:05:05.145370+00:00", "channel": "websocket", "level": "DEBUG", "msg": "ws_heartbeat", "data": {"latency_ms": 0}}
{"ts": "2026-05-11T18:05:35.146210+00:00", "channel": "websocket", "level": "DEBUG", "msg": "ws_heartbeat", "data": {"latency_ms": 0}}
{"ts": "2026-05-11T18:05:35.165233+00:00", "channel": "websocket", "level": "WARNING", "msg": "ws_disconnect", "data": {"socket_id": "mvRzdrTsKAl06rXIAAAA", "reason": "socket.io_disconnect", "total_disconnections": 31}}
{"ts": "2026-05-11T18:05:41.169402+00:00", "channel": "websocket", "level": "INFO", "msg": "ws_backoff", "data": {"delay_s": 10, "attempt": 32}}
{"ts": "2026-05-11T18:05:41.612202+00:00", "channel": "websocket", "level": "INFO", "msg": "ws_connect", "data": {"socket_id": "w07GO-E2rgwlQuL7AAAE", "ip": "https://ibrahim-backend-production.up.railway.app"}}
{"ts": "2026-05-11T18:06:11.314162+00:00", "channel": "websocket", "level": "DEBUG", "msg": "ws_heartbeat", "data": {"latency_ms": 0}}
{"ts": "2026-05-11T18:06:31.348472+00:00", "channel": "websocket", "level": "WARNING", "msg": "ws_disconnect", "data": {"socket_id": "w07GO-E2rgwlQuL7AAAE", "reason": "socket.io_disconnect", "total_disconnections": 32}}
{"ts": "2026-05-11T18:06:37.365071+00:00", "channel": "websocket", "level": "INFO", "msg": "ws_backoff", "data": {"delay_s": 10, "attempt": 33}}
{"ts": "2026-05-11T18:06:37.803506+00:00", "channel": "websocket", "level": "INFO", "msg": "ws_connect", "data": {"socket_id": "wShuKNE8tczg0c5OAAAG", "ip": "https://ibrahim-backend-production.up.railway.app"}}
{"ts": "2026-05-11T18:07:07.496194+00:00", "channel": "websocket", "level": "DEBUG", "msg": "ws_heartbeat", "data": {"latency_ms": 0}}
{"ts": "2026-05-11T18:07:37.498725+00:00", "channel": "websocket", "level": "DEBUG", "msg": "ws_heartbeat", "data": {"latency_ms": 0}}
{"ts": "2026-05-11T18:08:07.498839+00:00", "channel": "websocket", "level": "DEBUG", "msg": "ws_heartbeat", "data": {"latency_ms": 0}}
{"ts": "2026-05-11T18:08:37.500544+00:00", "channel": "websocket", "level": "DEBUG", "msg": "ws_heartbeat", "data": {"latency_ms": 0}}
{"ts": "2026-05-11T18:09:07.503693+00:00", "channel": "websocket", "level": "DEBUG", "msg": "ws_heartbeat", "data": {"latency_ms": 0}}
{"ts": "2026-05-11T18:09:37.503841+00:00", "channel": "websocket", "level": "DEBUG", "msg": "ws_heartbeat", "data": {"latency_ms": 0}}
{"ts": "2026-05-11T18:10:07.502995+00:00", "channel": "websocket", "level": "DEBUG", "msg": "ws_heartbeat", "data": {"latency_ms": 0}}
{"ts": "2026-05-11T18:10:37.560913+00:00", "channel": "websocket", "level": "DEBUG", "msg": "ws_heartbeat", "data": {"latency_ms": 0}}
{"ts": "2026-05-11T18:11:07.507112+00:00", "channel": "websocket", "level": "DEBUG", "msg": "ws_heartbeat", "data": {"latency_ms": 0}}
{"ts": "2026-05-11T18:11:37.505339+00:00", "channel": "websocket", "level": "DEBUG", "msg": "ws_heartbeat", "data": {"latency_ms": 0}}
{"ts": "2026-05-11T18:12:07.505092+00:00", "channel": "websocket", "level": "DEBUG", "msg": "ws_heartbeat", "data": {"latency_ms": 0}}
{"ts": "2026-05-11T18:12:28.369391+00:00", "channel": "websocket", "level": "WARNING", "msg": "ws_disconnect", "data": {"socket_id": "wShuKNE8tczg0c5OAAAG", "reason": "socket.io_disconnect", "total_disconnections": 33}}
{"ts": "2026-05-11T18:12:34.396144+00:00", "channel": "websocket", "level": "INFO", "msg": "ws_backoff", "data": {"delay_s": 10, "attempt": 34}}
{"ts": "2026-05-11T18:12:34.860913+00:00", "channel": "websocket", "level": "INFO", "msg": "ws_connect", "data": {"socket_id": "Xzmm8dSAvYBIqxRIAAAA", "ip": "https://ibrahim-backend-production.up.railway.app"}}
{"ts": "2026-05-11T18:13:04.553854+00:00", "channel": "websocket", "level": "DEBUG", "msg": "ws_heartbeat", "data": {"latency_ms": 0}}
{"ts": "2026-05-11T18:13:14.576362+00:00", "channel": "websocket", "level": "WARNING", "msg": "ws_disconnect", "data": {"socket_id": "Xzmm8dSAvYBIqxRIAAAA", "reason": "socket.io_disconnect", "total_disconnections": 34}}
{"ts": "2026-05-11T18:13:20.599408+00:00", "channel": "websocket", "level": "INFO", "msg": "ws_backoff", "data": {"delay_s": 10, "attempt": 35}}
{"ts": "2026-05-11T18:13:21.046249+00:00", "channel": "websocket", "level": "INFO", "msg": "ws_connect", "data": {"socket_id": "Mxq-oP_junfUmjSeAAAC", "ip": "https://ibrahim-backend-production.up.railway.app"}}
{"ts": "2026-05-11T18:13:50.736089+00:00", "channel": "websocket", "level": "DEBUG", "msg": "ws_heartbeat", "data": {"latency_ms": 0}}
{"ts": "2026-05-11T18:14:20.741440+00:00", "channel": "websocket", "level": "DEBUG", "msg": "ws_heartbeat", "data": {"latency_ms": 0}}
{"ts": "2026-05-11T18:14:20.756918+00:00", "channel": "websocket", "level": "WARNING", "msg": "ws_disconnect", "data": {"socket_id": "Mxq-oP_junfUmjSeAAAC", "reason": "socket.io_disconnect", "total_disconnections": 35}}
{"ts": "2026-05-11T18:14:26.776994+00:00", "channel": "websocket", "level": "INFO", "msg": "ws_backoff", "data": {"delay_s": 10, "attempt": 36}}
{"ts": "2026-05-11T18:14:27.290577+00:00", "channel": "websocket", "level": "INFO", "msg": "ws_connect", "data": {"socket_id": "HzQPCn-Ny4HQo6A8AAAE", "ip": "https://ibrahim-backend-production.up.railway.app"}}
{"ts": "2026-05-11T18:14:56.982751+00:00", "channel": "websocket", "level": "DEBUG", "msg": "ws_heartbeat", "data": {"latency_ms": 0}}
{"ts": "2026-05-11T18:15:26.984059+00:00", "channel": "websocket", "level": "DEBUG", "msg": "ws_heartbeat", "data": {"latency_ms": 0}}
{"ts": "2026-05-11T18:15:56.982525+00:00", "channel": "websocket", "level": "DEBUG", "msg": "ws_heartbeat", "data": {"latency_ms": 0}}
{"ts": "2026-05-11T18:16:26.982825+00:00", "channel": "websocket", "level": "DEBUG", "msg": "ws_heartbeat", "data": {"latency_ms": 0}}
{"ts": "2026-05-11T18:16:39.202081+00:00", "channel": "websocket", "level": "WARNING", "msg": "ws_disconnect", "data": {"socket_id": "HzQPCn-Ny4HQo6A8AAAE", "reason": "socket.io_disconnect", "total_disconnections": 36}}
{"ts": "2026-05-11T18:16:45.227202+00:00", "channel": "websocket", "level": "INFO", "msg": "ws_backoff", "data": {"delay_s": 10, "attempt": 37}}
{"ts": "2026-05-11T18:16:45.702994+00:00", "channel": "websocket", "level": "INFO", "msg": "ws_connect", "data": {"socket_id": "GHCrUdRj9LK8QxcVAAAA", "ip": "https://ibrahim-backend-production.up.railway.app"}}
{"ts": "2026-05-11T18:17:15.395738+00:00", "channel": "websocket", "level": "DEBUG", "msg": "ws_heartbeat", "data": {"latency_ms": 0}}
{"ts": "2026-05-11T18:17:45.396375+00:00", "channel": "websocket", "level": "DEBUG", "msg": "ws_heartbeat", "data": {"latency_ms": 0}}
{"ts": "2026-05-11T18:18:15.398816+00:00", "channel": "websocket", "level": "DEBUG", "msg": "ws_heartbeat", "data": {"latency_ms": 0}}
{"ts": "2026-05-11T18:18:45.397256+00:00", "channel": "websocket", "level": "DEBUG", "msg": "ws_heartbeat", "data": {"latency_ms": 0}}
{"ts": "2026-05-11T18:19:15.397419+00:00", "channel": "websocket", "level": "DEBUG", "msg": "ws_heartbeat", "data": {"latency_ms": 0}}
{"ts": "2026-05-11T18:19:45.398021+00:00", "channel": "websocket", "level": "DEBUG", "msg": "ws_heartbeat", "data": {"latency_ms": 0}}
{"ts": "2026-05-11T18:20:15.398969+00:00", "channel": "websocket", "level": "DEBUG", "msg": "ws_heartbeat", "data": {"latency_ms": 0}}
{"ts": "2026-05-11T18:20:35.860978+00:00", "channel": "websocket", "level": "WARNING", "msg": "ws_disconnect", "data": {"socket_id": "GHCrUdRj9LK8QxcVAAAA", "reason": "socket.io_disconnect", "total_disconnections": 37}}
{"ts": "2026-05-11T18:20:41.883312+00:00", "channel": "websocket", "level": "INFO", "msg": "ws_backoff", "data": {"delay_s": 10, "attempt": 38}}
{"ts": "2026-05-11T18:20:42.346349+00:00", "channel": "websocket", "level": "INFO", "msg": "ws_connect", "data": {"socket_id": "-HBVWaiMX8N9WQA-AAAI", "ip": "https://ibrahim-backend-production.up.railway.app"}}
{"ts": "2026-05-11T18:21:12.038749+00:00", "channel": "websocket", "level": "DEBUG", "msg": "ws_heartbeat", "data": {"latency_ms": 0}}
{"ts": "2026-05-11T18:21:32.113733+00:00", "channel": "websocket", "level": "WARNING", "msg": "ws_disconnect", "data": {"socket_id": "-HBVWaiMX8N9WQA-AAAI", "reason": "socket.io_disconnect", "total_disconnections": 38}}
{"ts": "2026-05-11T18:21:38.141770+00:00", "channel": "websocket", "level": "INFO", "msg": "ws_backoff", "data": {"delay_s": 10, "attempt": 39}}
{"ts": "2026-05-11T18:21:38.683689+00:00", "channel": "websocket", "level": "INFO", "msg": "ws_connect", "data": {"socket_id": "KV6YYVmHO5dWSz2lAAAM", "ip": "https://ibrahim-backend-production.up.railway.app"}}
{"ts": "2026-05-11T18:22:08.381204+00:00", "channel": "websocket", "level": "DEBUG", "msg": "ws_heartbeat", "data": {"latency_ms": 0}}
{"ts": "2026-05-11T18:22:38.382542+00:00", "channel": "websocket", "level": "DEBUG", "msg": "ws_heartbeat", "data": {"latency_ms": 0}}
{"ts": "2026-05-11T18:23:08.382182+00:00", "channel": "websocket", "level": "DEBUG", "msg": "ws_heartbeat", "data": {"latency_ms": 0}}
{"ts": "2026-05-11T18:23:38.382941+00:00", "channel": "websocket", "level": "DEBUG", "msg": "ws_heartbeat", "data": {"latency_ms": 0}}
{"ts": "2026-05-11T18:24:08.385489+00:00", "channel": "websocket", "level": "DEBUG", "msg": "ws_heartbeat", "data": {"latency_ms": 0}}
{"ts": "2026-05-11T18:24:38.384828+00:00", "channel": "websocket", "level": "DEBUG", "msg": "ws_heartbeat", "data": {"latency_ms": 0}}
{"ts": "2026-05-11T18:25:08.385314+00:00", "channel": "websocket", "level": "DEBUG", "msg": "ws_heartbeat", "data": {"latency_ms": 0}}
{"ts": "2026-05-11T18:25:38.385769+00:00", "channel": "websocket", "level": "DEBUG", "msg": "ws_heartbeat", "data": {"latency_ms": 0}}
{"ts": "2026-05-11T18:26:08.387569+00:00", "channel": "websocket", "level": "DEBUG", "msg": "ws_heartbeat", "data": {"latency_ms": 0}}
{"ts": "2026-05-11T18:26:38.389545+00:00", "channel": "websocket", "level": "DEBUG", "msg": "ws_heartbeat", "data": {"latency_ms": 0}}
{"ts": "2026-05-11T18:27:08.392405+00:00", "channel": "websocket", "level": "DEBUG", "msg": "ws_heartbeat", "data": {"latency_ms": 0}}
{"ts": "2026-05-11T18:27:29.155394+00:00", "channel": "websocket", "level": "WARNING", "msg": "ws_disconnect", "data": {"socket_id": "KV6YYVmHO5dWSz2lAAAM", "reason": "socket.io_disconnect", "total_disconnections": 39}}
{"ts": "2026-05-11T18:27:35.173885+00:00", "channel": "websocket", "level": "INFO", "msg": "ws_backoff", "data": {"delay_s": 10, "attempt": 40}}
{"ts": "2026-05-11T18:27:35.626463+00:00", "channel": "websocket", "level": "INFO", "msg": "ws_connect", "data": {"socket_id": "E62FV3c7AcfPM9G_AAAO", "ip": "https://ibrahim-backend-production.up.railway.app"}}
{"ts": "2026-05-11T18:28:05.320131+00:00", "channel": "websocket", "level": "DEBUG", "msg": "ws_heartbeat", "data": {"latency_ms": 0}}
{"ts": "2026-05-11T18:28:35.320882+00:00", "channel": "websocket", "level": "DEBUG", "msg": "ws_heartbeat", "data": {"latency_ms": 0}}
{"ts": "2026-05-11T18:28:35.360805+00:00", "channel": "websocket", "level": "WARNING", "msg": "ws_disconnect", "data": {"socket_id": "E62FV3c7AcfPM9G_AAAO", "reason": "socket.io_disconnect", "total_disconnections": 40}}
{"ts": "2026-05-11T18:28:41.365222+00:00", "channel": "websocket", "level": "INFO", "msg": "ws_backoff", "data": {"delay_s": 10, "attempt": 41}}
{"ts": "2026-05-11T18:28:41.814887+00:00", "channel": "websocket", "level": "INFO", "msg": "ws_connect", "data": {"socket_id": "0ajw_2Tn8ld6IjlGAAAQ", "ip": "https://ibrahim-backend-production.up.railway.app"}}
{"ts": "2026-05-11T18:29:11.510882+00:00", "channel": "websocket", "level": "DEBUG", "msg": "ws_heartbeat", "data": {"latency_ms": 0}}
{"ts": "2026-05-11T18:29:41.512327+00:00", "channel": "websocket", "level": "DEBUG", "msg": "ws_heartbeat", "data": {"latency_ms": 0}}
{"ts": "2026-05-11T18:30:11.513203+00:00", "channel": "websocket", "level": "DEBUG", "msg": "ws_heartbeat", "data": {"latency_ms": 0}}
{"ts": "2026-05-11T18:30:41.513853+00:00", "channel": "websocket", "level": "DEBUG", "msg": "ws_heartbeat", "data": {"latency_ms": 0}}
{"ts": "2026-05-11T18:31:11.515230+00:00", "channel": "websocket", "level": "DEBUG", "msg": "ws_heartbeat", "data": {"latency_ms": 0}}
{"ts": "2026-05-11T18:31:41.516916+00:00", "channel": "websocket", "level": "DEBUG", "msg": "ws_heartbeat", "data": {"latency_ms": 0}}
{"ts": "2026-05-11T18:32:11.516579+00:00", "channel": "websocket", "level": "DEBUG", "msg": "ws_heartbeat", "data": {"latency_ms": 0}}
{"ts": "2026-05-11T18:32:41.518833+00:00", "channel": "websocket", "level": "DEBUG", "msg": "ws_heartbeat", "data": {"latency_ms": 0}}
{"ts": "2026-05-11T18:32:49.630321+00:00", "channel": "websocket", "level": "WARNING", "msg": "ws_disconnect", "data": {"socket_id": "0ajw_2Tn8ld6IjlGAAAQ", "reason": "socket.io_disconnect", "total_disconnections": 41}}
{"ts": "2026-05-11T18:32:55.634557+00:00", "channel": "websocket", "level": "INFO", "msg": "ws_backoff", "data": {"delay_s": 10, "attempt": 42}}
{"ts": "2026-05-11T18:32:56.084120+00:00", "channel": "websocket", "level": "INFO", "msg": "ws_connect", "data": {"socket_id": "dvXv9ypoEsZQTSNyAAAA", "ip": "https://ibrahim-backend-production.up.railway.app"}}
{"ts": "2026-05-11T18:33:25.779998+00:00", "channel": "websocket", "level": "DEBUG", "msg": "ws_heartbeat", "data": {"latency_ms": 0}}
{"ts": "2026-05-11T18:33:55.781503+00:00", "channel": "websocket", "level": "DEBUG", "msg": "ws_heartbeat", "data": {"latency_ms": 0}}
{"ts": "2026-05-11T18:34:25.784723+00:00", "channel": "websocket", "level": "DEBUG", "msg": "ws_heartbeat", "data": {"latency_ms": 0}}
{"ts": "2026-05-11T18:34:55.785930+00:00", "channel": "websocket", "level": "DEBUG", "msg": "ws_heartbeat", "data": {"latency_ms": 0}}
{"ts": "2026-05-11T18:35:25.786414+00:00", "channel": "websocket", "level": "DEBUG", "msg": "ws_heartbeat", "data": {"latency_ms": 0}}
{"ts": "2026-05-11T18:35:55.785064+00:00", "channel": "websocket", "level": "DEBUG", "msg": "ws_heartbeat", "data": {"latency_ms": 0}}
{"ts": "2026-05-11T18:36:25.789320+00:00", "channel": "websocket", "level": "DEBUG", "msg": "ws_heartbeat", "data": {"latency_ms": 0}}
{"ts": "2026-05-11T18:36:55.788124+00:00", "channel": "websocket", "level": "DEBUG", "msg": "ws_heartbeat", "data": {"latency_ms": 0}}
{"ts": "2026-05-11T18:37:25.791101+00:00", "channel": "websocket", "level": "DEBUG", "msg": "ws_heartbeat", "data": {"latency_ms": 0}}
{"ts": "2026-05-11T18:37:55.790308+00:00", "channel": "websocket", "level": "DEBUG", "msg": "ws_heartbeat", "data": {"latency_ms": 0}}
{"ts": "2026-05-11T18:38:25.792010+00:00", "channel": "websocket", "level": "DEBUG", "msg": "ws_heartbeat", "data": {"latency_ms": 0}}
{"ts": "2026-05-11T18:38:55.789448+00:00", "channel": "websocket", "level": "DEBUG", "msg": "ws_heartbeat", "data": {"latency_ms": 0}}
{"ts": "2026-05-11T18:39:25.791705+00:00", "channel": "websocket", "level": "DEBUG", "msg": "ws_heartbeat", "data": {"latency_ms": 0}}
{"ts": "2026-05-11T18:39:55.792447+00:00", "channel": "websocket", "level": "DEBUG", "msg": "ws_heartbeat", "data": {"latency_ms": 0}}
{"ts": "2026-05-11T18:40:25.795464+00:00", "channel": "websocket", "level": "DEBUG", "msg": "ws_heartbeat", "data": {"latency_ms": 0}}
{"ts": "2026-05-11T18:40:55.793838+00:00", "channel": "websocket", "level": "DEBUG", "msg": "ws_heartbeat", "data": {"latency_ms": 0}}
{"ts": "2026-05-11T18:41:25.795892+00:00", "channel": "websocket", "level": "DEBUG", "msg": "ws_heartbeat", "data": {"latency_ms": 0}}
{"ts": "2026-05-11T18:41:55.803037+00:00", "channel": "websocket", "level": "DEBUG", "msg": "ws_heartbeat", "data": {"latency_ms": 0}}
{"ts": "2026-05-11T18:42:25.796523+00:00", "channel": "websocket", "level": "DEBUG", "msg": "ws_heartbeat", "data": {"latency_ms": 0}}
{"ts": "2026-05-11T18:42:55.797821+00:00", "channel": "websocket", "level": "DEBUG", "msg": "ws_heartbeat", "data": {"latency_ms": 0}}
{"ts": "2026-05-11T18:43:25.806728+00:00", "channel": "websocket", "level": "DEBUG", "msg": "ws_heartbeat", "data": {"latency_ms": 0}}
{"ts": "2026-05-11T18:43:55.798215+00:00", "channel": "websocket", "level": "DEBUG", "msg": "ws_heartbeat", "data": {"latency_ms": 0}}
{"ts": "2026-05-11T18:44:25.800635+00:00", "channel": "websocket", "level": "DEBUG", "msg": "ws_heartbeat", "data": {"latency_ms": 0}}
{"ts": "2026-05-11T18:44:55.802532+00:00", "channel": "websocket", "level": "DEBUG", "msg": "ws_heartbeat", "data": {"latency_ms": 0}}
{"ts": "2026-05-11T18:45:25.806830+00:00", "channel": "websocket", "level": "DEBUG", "msg": "ws_heartbeat", "data": {"latency_ms": 0}}
{"ts": "2026-05-11T21:01:05.484828+00:00", "channel": "websocket", "level": "WARNING", "msg": "ws_disconnect", "data": {"socket_id": "dvXv9ypoEsZQTSNyAAAA", "reason": "socket.io_disconnect", "total_disconnections": 42}}
{"ts": "2026-05-12T07:26:27.745452+00:00", "channel": "websocket", "level": "INFO", "msg": "ws_backoff", "data": {"delay_s": 10, "attempt": 43}}
{"ts": "2026-05-12T07:26:27.748631+00:00", "channel": "websocket", "level": "ERROR", "msg": "ws_error", "data": {"error": "Cannot connect to host ibrahim-backend-production.up.railway.app:443 ssl:default [getaddrinfo failed]", "next_delay_s": 10}}
{"ts": "2026-05-12T07:26:37.760354+00:00", "channel": "websocket", "level": "INFO", "msg": "ws_backoff", "data": {"delay_s": 20, "attempt": 44}}
{"ts": "2026-05-12T07:26:38.240970+00:00", "channel": "websocket", "level": "INFO", "msg": "ws_connect", "data": {"socket_id": "aR-6ZnCOoGWDc3zxAAAA", "ip": "https://ibrahim-backend-production.up.railway.app"}}
{"ts": "2026-05-12T07:27:07.911127+00:00", "channel": "websocket", "level": "DEBUG", "msg": "ws_heartbeat", "data": {"latency_ms": 0}}
{"ts": "2026-05-12T07:27:37.911729+00:00", "channel": "websocket", "level": "DEBUG", "msg": "ws_heartbeat", "data": {"latency_ms": 0}}
{"ts": "2026-05-12T07:27:48.033617+00:00", "channel": "websocket", "level": "WARNING", "msg": "ws_disconnect", "data": {"socket_id": "aR-6ZnCOoGWDc3zxAAAA", "reason": "socket.io_disconnect", "total_disconnections": 44}}
{"ts": "2026-05-12T07:27:54.048192+00:00", "channel": "websocket", "level": "INFO", "msg": "ws_backoff", "data": {"delay_s": 10, "attempt": 45}}
{"ts": "2026-05-12T07:27:54.482564+00:00", "channel": "websocket", "level": "INFO", "msg": "ws_connect", "data": {"socket_id": "db-qcvTdVa_54A-vAAAC", "ip": "https://ibrahim-backend-production.up.railway.app"}}
{"ts": "2026-05-12T07:28:24.175448+00:00", "channel": "websocket", "level": "DEBUG", "msg": "ws_heartbeat", "data": {"latency_ms": 0}}
{"ts": "2026-05-12T07:28:34.179534+00:00", "channel": "websocket", "level": "WARNING", "msg": "ws_disconnect", "data": {"socket_id": "db-qcvTdVa_54A-vAAAC", "reason": "socket.io_disconnect", "total_disconnections": 45}}
{"ts": "2026-05-12T07:28:40.197016+00:00", "channel": "websocket", "level": "INFO", "msg": "ws_backoff", "data": {"delay_s": 10, "attempt": 46}}
{"ts": "2026-05-12T07:28:40.616928+00:00", "channel": "websocket", "level": "INFO", "msg": "ws_connect", "data": {"socket_id": "h9LZ4GyHN3QprAczAAAE", "ip": "https://ibrahim-backend-production.up.railway.app"}}
{"ts": "2026-05-12T07:28:50.274133+00:00", "channel": "websocket", "level": "WARNING", "msg": "ws_disconnect", "data": {"socket_id": "h9LZ4GyHN3QprAczAAAE", "reason": "socket.io_disconnect", "total_disconnections": 46}}
{"ts": "2026-05-12T07:28:56.284844+00:00", "channel": "websocket", "level": "INFO", "msg": "ws_backoff", "data": {"delay_s": 10, "attempt": 47}}
{"ts": "2026-05-12T07:28:56.811008+00:00", "channel": "websocket", "level": "INFO", "msg": "ws_connect", "data": {"socket_id": "YaKd0Ev7O24sC7HgAAAG", "ip": "https://ibrahim-backend-production.up.railway.app"}}
{"ts": "2026-05-12T07:29:26.506849+00:00", "channel": "websocket", "level": "DEBUG", "msg": "ws_heartbeat", "data": {"latency_ms": 0}}
{"ts": "2026-05-12T07:29:56.509918+00:00", "channel": "websocket", "level": "DEBUG", "msg": "ws_heartbeat", "data": {"latency_ms": 0}}
{"ts": "2026-05-12T07:30:26.508658+00:00", "channel": "websocket", "level": "DEBUG", "msg": "ws_heartbeat", "data": {"latency_ms": 0}}
{"ts": "2026-05-12T07:30:56.512956+00:00", "channel": "websocket", "level": "DEBUG", "msg": "ws_heartbeat", "data": {"latency_ms": 0}}
{"ts": "2026-05-12T07:31:26.514258+00:00", "channel": "websocket", "level": "DEBUG", "msg": "ws_heartbeat", "data": {"latency_ms": 0}}
{"ts": "2026-05-12T07:31:56.515238+00:00", "channel": "websocket", "level": "DEBUG", "msg": "ws_heartbeat", "data": {"latency_ms": 0}}
{"ts": "2026-05-12T07:32:26.516746+00:00", "channel": "websocket", "level": "DEBUG", "msg": "ws_heartbeat", "data": {"latency_ms": 0}}
{"ts": "2026-05-12T07:32:56.517278+00:00", "channel": "websocket", "level": "DEBUG", "msg": "ws_heartbeat", "data": {"latency_ms": 0}}
{"ts": "2026-05-12T07:33:26.516960+00:00", "channel": "websocket", "level": "DEBUG", "msg": "ws_heartbeat", "data": {"latency_ms": 0}}
{"ts": "2026-05-12T07:33:56.518406+00:00", "channel": "websocket", "level": "DEBUG", "msg": "ws_heartbeat", "data": {"latency_ms": 0}}
{"ts": "2026-05-12T07:34:26.520239+00:00", "channel": "websocket", "level": "DEBUG", "msg": "ws_heartbeat", "data": {"latency_ms": 0}}
{"ts": "2026-05-12T07:34:47.121711+00:00", "channel": "websocket", "level": "WARNING", "msg": "ws_disconnect", "data": {"socket_id": "YaKd0Ev7O24sC7HgAAAG", "reason": "socket.io_disconnect", "total_disconnections": 47}}
{"ts": "2026-05-12T07:34:53.135928+00:00", "channel": "websocket", "level": "INFO", "msg": "ws_backoff", "data": {"delay_s": 10, "attempt": 48}}
{"ts": "2026-05-12T07:34:53.579659+00:00", "channel": "websocket", "level": "INFO", "msg": "ws_connect", "data": {"socket_id": "Dm-O6tNdfaa1C3wjAAAI", "ip": "https://ibrahim-backend-production.up.railway.app"}}
{"ts": "2026-05-12T07:35:03.258941+00:00", "channel": "websocket", "level": "WARNING", "msg": "ws_disconnect", "data": {"socket_id": "Dm-O6tNdfaa1C3wjAAAI", "reason": "socket.io_disconnect", "total_disconnections": 48}}
{"ts": "2026-05-12T07:35:09.266661+00:00", "channel": "websocket", "level": "INFO", "msg": "ws_backoff", "data": {"delay_s": 10, "attempt": 49}}
{"ts": "2026-05-12T07:35:09.768643+00:00", "channel": "websocket", "level": "INFO", "msg": "ws_connect", "data": {"socket_id": "EyUxIIL6SRoJ_3W6AAAK", "ip": "https://ibrahim-backend-production.up.railway.app"}}
{"ts": "2026-05-12T07:35:39.464805+00:00", "channel": "websocket", "level": "DEBUG", "msg": "ws_heartbeat", "data": {"latency_ms": 0}}
{"ts": "2026-05-12T07:35:59.565008+00:00", "channel": "websocket", "level": "WARNING", "msg": "ws_disconnect", "data": {"socket_id": "EyUxIIL6SRoJ_3W6AAAK", "reason": "socket.io_disconnect", "total_disconnections": 49}}
{"ts": "2026-05-12T07:36:05.588055+00:00", "channel": "websocket", "level": "INFO", "msg": "ws_backoff", "data": {"delay_s": 10, "attempt": 50}}
{"ts": "2026-05-12T07:36:06.107956+00:00", "channel": "websocket", "level": "INFO", "msg": "ws_connect", "data": {"socket_id": "sW5nq52MEYxAxDFHAAAM", "ip": "https://ibrahim-backend-production.up.railway.app"}}
{"ts": "2026-05-12T07:36:35.803618+00:00", "channel": "websocket", "level": "DEBUG", "msg": "ws_heartbeat", "data": {"latency_ms": 0}}
{"ts": "2026-05-12T07:37:05.804694+00:00", "channel": "websocket", "level": "DEBUG", "msg": "ws_heartbeat", "data": {"latency_ms": 0}}
{"ts": "2026-05-12T07:37:35.807019+00:00", "channel": "websocket", "level": "DEBUG", "msg": "ws_heartbeat", "data": {"latency_ms": 0}}
{"ts": "2026-05-12T07:38:05.808515+00:00", "channel": "websocket", "level": "DEBUG", "msg": "ws_heartbeat", "data": {"latency_ms": 0}}
{"ts": "2026-05-12T07:38:35.809993+00:00", "channel": "websocket", "level": "DEBUG", "msg": "ws_heartbeat", "data": {"latency_ms": 0}}
{"ts": "2026-05-12T07:39:05.807700+00:00", "channel": "websocket", "level": "DEBUG", "msg": "ws_heartbeat", "data": {"latency_ms": 0}}
{"ts": "2026-05-12T07:39:35.809569+00:00", "channel": "websocket", "level": "DEBUG", "msg": "ws_heartbeat", "data": {"latency_ms": 0}}
{"ts": "2026-05-12T07:40:05.809192+00:00", "channel": "websocket", "level": "DEBUG", "msg": "ws_heartbeat", "data": {"latency_ms": 0}}
{"ts": "2026-05-12T07:40:35.842227+00:00", "channel": "websocket", "level": "DEBUG", "msg": "ws_heartbeat", "data": {"latency_ms": 0}}
{"ts": "2026-05-12T07:41:05.809632+00:00", "channel": "websocket", "level": "DEBUG", "msg": "ws_heartbeat", "data": {"latency_ms": 0}}
{"ts": "2026-05-12T07:41:35.810990+00:00", "channel": "websocket", "level": "DEBUG", "msg": "ws_heartbeat", "data": {"latency_ms": 0}}
{"ts": "2026-05-12T07:41:46.511718+00:00", "channel": "websocket", "level": "WARNING", "msg": "ws_disconnect", "data": {"socket_id": "sW5nq52MEYxAxDFHAAAM", "reason": "socket.io_disconnect", "total_disconnections": 50}}
{"ts": "2026-05-12T07:41:52.535135+00:00", "channel": "websocket", "level": "INFO", "msg": "ws_backoff", "data": {"delay_s": 10, "attempt": 51}}
{"ts": "2026-05-12T07:41:52.987164+00:00", "channel": "websocket", "level": "INFO", "msg": "ws_connect", "data": {"socket_id": "V8RmOg1i29BDxsP3AAAO", "ip": "https://ibrahim-backend-production.up.railway.app"}}
{"ts": "2026-05-12T07:42:22.682690+00:00", "channel": "websocket", "level": "DEBUG", "msg": "ws_heartbeat", "data": {"latency_ms": 0}}
{"ts": "2026-05-12T07:42:32.699910+00:00", "channel": "websocket", "level": "WARNING", "msg": "ws_disconnect", "data": {"socket_id": "V8RmOg1i29BDxsP3AAAO", "reason": "socket.io_disconnect", "total_disconnections": 51}}
{"ts": "2026-05-12T07:42:38.721405+00:00", "channel": "websocket", "level": "INFO", "msg": "ws_backoff", "data": {"delay_s": 10, "attempt": 52}}
{"ts": "2026-05-12T07:42:39.153313+00:00", "channel": "websocket", "level": "INFO", "msg": "ws_connect", "data": {"socket_id": "DTjdppT04HWC3GvfAAAQ", "ip": "https://ibrahim-backend-production.up.railway.app"}}
{"ts": "2026-05-12T07:42:48.820821+00:00", "channel": "websocket", "level": "WARNING", "msg": "ws_disconnect", "data": {"socket_id": "DTjdppT04HWC3GvfAAAQ", "reason": "socket.io_disconnect", "total_disconnections": 52}}
{"ts": "2026-05-12T07:42:54.836899+00:00", "channel": "websocket", "level": "INFO", "msg": "ws_backoff", "data": {"delay_s": 10, "attempt": 53}}
{"ts": "2026-05-12T07:42:55.344775+00:00", "channel": "websocket", "level": "INFO", "msg": "ws_connect", "data": {"socket_id": "BVJMBgS4n6u2OPcGAAAS", "ip": "https://ibrahim-backend-production.up.railway.app"}}
{"ts": "2026-05-12T07:43:25.038045+00:00", "channel": "websocket", "level": "DEBUG", "msg": "ws_heartbeat", "data": {"latency_ms": 0}}
{"ts": "2026-05-12T07:43:55.049336+00:00", "channel": "websocket", "level": "DEBUG", "msg": "ws_heartbeat", "data": {"latency_ms": 0}}
{"ts": "2026-05-12T07:44:25.044275+00:00", "channel": "websocket", "level": "DEBUG", "msg": "ws_heartbeat", "data": {"latency_ms": 0}}
{"ts": "2026-05-12T07:44:55.047402+00:00", "channel": "websocket", "level": "DEBUG", "msg": "ws_heartbeat", "data": {"latency_ms": 0}}
{"ts": "2026-05-12T07:45:25.052802+00:00", "channel": "websocket", "level": "DEBUG", "msg": "ws_heartbeat", "data": {"latency_ms": 0}}
{"ts": "2026-05-12T07:45:27.556029+00:00", "channel": "websocket", "level": "WARNING", "msg": "ws_disconnect", "data": {"socket_id": "BVJMBgS4n6u2OPcGAAAS", "reason": "socket.io_disconnect", "total_disconnections": 53}}
{"ts": "2026-05-12T07:45:33.578156+00:00", "channel": "websocket", "level": "INFO", "msg": "ws_backoff", "data": {"delay_s": 10, "attempt": 54}}
{"ts": "2026-05-12T07:45:34.036308+00:00", "channel": "websocket", "level": "INFO", "msg": "ws_connect", "data": {"socket_id": "ozBT3Y2kozWhib91AAAA", "ip": "https://ibrahim-backend-production.up.railway.app"}}
{"ts": "2026-05-12T07:46:03.737094+00:00", "channel": "websocket", "level": "DEBUG", "msg": "ws_heartbeat", "data": {"latency_ms": 0}}
{"ts": "2026-05-12T07:46:33.739901+00:00", "channel": "websocket", "level": "DEBUG", "msg": "ws_heartbeat", "data": {"latency_ms": 0}}
{"ts": "2026-05-12T07:47:03.745145+00:00", "channel": "websocket", "level": "DEBUG", "msg": "ws_heartbeat", "data": {"latency_ms": 0}}
{"ts": "2026-05-12T07:47:33.746559+00:00", "channel": "websocket", "level": "DEBUG", "msg": "ws_heartbeat", "data": {"latency_ms": 0}}
{"ts": "2026-05-12T07:48:03.749925+00:00", "channel": "websocket", "level": "DEBUG", "msg": "ws_heartbeat", "data": {"latency_ms": 0}}
{"ts": "2026-05-12T07:48:33.754679+00:00", "channel": "websocket", "level": "DEBUG", "msg": "ws_heartbeat", "data": {"latency_ms": 0}}
{"ts": "2026-05-12T07:49:03.758012+00:00", "channel": "websocket", "level": "DEBUG", "msg": "ws_heartbeat", "data": {"latency_ms": 0}}
{"ts": "2026-05-12T07:49:33.763730+00:00", "channel": "websocket", "level": "DEBUG", "msg": "ws_heartbeat", "data": {"latency_ms": 0}}
{"ts": "2026-05-12T07:50:03.764161+00:00", "channel": "websocket", "level": "DEBUG", "msg": "ws_heartbeat", "data": {"latency_ms": 0}}
{"ts": "2026-05-12T07:50:33.770037+00:00", "channel": "websocket", "level": "DEBUG", "msg": "ws_heartbeat", "data": {"latency_ms": 0}}
{"ts": "2026-05-12T07:51:03.772646+00:00", "channel": "websocket", "level": "DEBUG", "msg": "ws_heartbeat", "data": {"latency_ms": 0}}
{"ts": "2026-05-12T07:51:33.776210+00:00", "channel": "websocket", "level": "DEBUG", "msg": "ws_heartbeat", "data": {"latency_ms": 0}}
{"ts": "2026-05-12T07:52:03.778906+00:00", "channel": "websocket", "level": "DEBUG", "msg": "ws_heartbeat", "data": {"latency_ms": 0}}
{"ts": "2026-05-12T07:52:33.782689+00:00", "channel": "websocket", "level": "DEBUG", "msg": "ws_heartbeat", "data": {"latency_ms": 0}}
{"ts": "2026-05-12T07:53:03.785684+00:00", "channel": "websocket", "level": "DEBUG", "msg": "ws_heartbeat", "data": {"latency_ms": 0}}
{"ts": "2026-05-12T07:53:33.787984+00:00", "channel": "websocket", "level": "DEBUG", "msg": "ws_heartbeat", "data": {"latency_ms": 0}}
{"ts": "2026-05-12T07:54:03.791003+00:00", "channel": "websocket", "level": "DEBUG", "msg": "ws_heartbeat", "data": {"latency_ms": 0}}
{"ts": "2026-05-12T07:54:33.794325+00:00", "channel": "websocket", "level": "DEBUG", "msg": "ws_heartbeat", "data": {"latency_ms": 0}}
{"ts": "2026-05-12T07:55:03.798928+00:00", "channel": "websocket", "level": "DEBUG", "msg": "ws_heartbeat", "data": {"latency_ms": 0}}
{"ts": "2026-05-12T07:55:33.804189+00:00", "channel": "websocket", "level": "DEBUG", "msg": "ws_heartbeat", "data": {"latency_ms": 0}}
{"ts": "2026-05-12T07:56:03.805084+00:00", "channel": "websocket", "level": "DEBUG", "msg": "ws_heartbeat", "data": {"latency_ms": 0}}
{"ts": "2026-05-12T07:56:33.808613+00:00", "channel": "websocket", "level": "DEBUG", "msg": "ws_heartbeat", "data": {"latency_ms": 0}}
{"ts": "2026-05-12T07:57:03.812018+00:00", "channel": "websocket", "level": "DEBUG", "msg": "ws_heartbeat", "data": {"latency_ms": 0}}
{"ts": "2026-05-12T07:57:33.815874+00:00", "channel": "websocket", "level": "DEBUG", "msg": "ws_heartbeat", "data": {"latency_ms": 0}}
{"ts": "2026-05-12T07:58:03.816856+00:00", "channel": "websocket", "level": "DEBUG", "msg": "ws_heartbeat", "data": {"latency_ms": 0}}
{"ts": "2026-05-12T07:58:33.821251+00:00", "channel": "websocket", "level": "DEBUG", "msg": "ws_heartbeat", "data": {"latency_ms": 0}}
{"ts": "2026-05-12T07:59:03.828812+00:00", "channel": "websocket", "level": "DEBUG", "msg": "ws_heartbeat", "data": {"latency_ms": 0}}
{"ts": "2026-05-12T07:59:33.829269+00:00", "channel": "websocket", "level": "DEBUG", "msg": "ws_heartbeat", "data": {"latency_ms": 0}}
{"ts": "2026-05-12T08:00:03.830174+00:00", "channel": "websocket", "level": "DEBUG", "msg": "ws_heartbeat", "data": {"latency_ms": 0}}
{"ts": "2026-05-12T08:00:33.834589+00:00", "channel": "websocket", "level": "DEBUG", "msg": "ws_heartbeat", "data": {"latency_ms": 0}}
{"ts": "2026-05-12T08:00:53.075043+00:00", "channel": "websocket", "level": "WARNING", "msg": "ws_disconnect", "data": {"socket_id": "ozBT3Y2kozWhib91AAAA", "reason": "socket.io_disconnect", "total_disconnections": 54}}
{"ts": "2026-05-12T08:00:59.100493+00:00", "channel": "websocket", "level": "INFO", "msg": "ws_backoff", "data": {"delay_s": 10, "attempt": 55}}
{"ts": "2026-05-12T08:00:59.542601+00:00", "channel": "websocket", "level": "INFO", "msg": "ws_connect", "data": {"socket_id": "zcgftARIdaEX0c9rAAAA", "ip": "https://ibrahim-backend-production.up.railway.app"}}
{"ts": "2026-05-12T08:01:29.240633+00:00", "channel": "websocket", "level": "DEBUG", "msg": "ws_heartbeat", "data": {"latency_ms": 0}}
{"ts": "2026-05-12T08:01:59.244129+00:00", "channel": "websocket", "level": "DEBUG", "msg": "ws_heartbeat", "data": {"latency_ms": 0}}
{"ts": "2026-05-12T08:02:29.246982+00:00", "channel": "websocket", "level": "DEBUG", "msg": "ws_heartbeat", "data": {"latency_ms": 0}}
{"ts": "2026-05-12T08:02:59.251248+00:00", "channel": "websocket", "level": "DEBUG", "msg": "ws_heartbeat", "data": {"latency_ms": 0}}
{"ts": "2026-05-12T08:03:29.252708+00:00", "channel": "websocket", "level": "DEBUG", "msg": "ws_heartbeat", "data": {"latency_ms": 0}}
{"ts": "2026-05-12T08:03:59.255441+00:00", "channel": "websocket", "level": "DEBUG", "msg": "ws_heartbeat", "data": {"latency_ms": 0}}
{"ts": "2026-05-12T08:04:29.259216+00:00", "channel": "websocket", "level": "DEBUG", "msg": "ws_heartbeat", "data": {"latency_ms": 0}}
{"ts": "2026-05-12T08:04:59.260827+00:00", "channel": "websocket", "level": "DEBUG", "msg": "ws_heartbeat", "data": {"latency_ms": 0}}
{"ts": "2026-05-12T08:05:29.263259+00:00", "channel": "websocket", "level": "DEBUG", "msg": "ws_heartbeat", "data": {"latency_ms": 0}}
{"ts": "2026-05-12T08:05:59.266402+00:00", "channel": "websocket", "level": "DEBUG", "msg": "ws_heartbeat", "data": {"latency_ms": 0}}
{"ts": "2026-05-12T08:06:29.269276+00:00", "channel": "websocket", "level": "DEBUG", "msg": "ws_heartbeat", "data": {"latency_ms": 0}}
{"ts": "2026-05-12T08:06:59.272883+00:00", "channel": "websocket", "level": "DEBUG", "msg": "ws_heartbeat", "data": {"latency_ms": 0}}
{"ts": "2026-05-12T08:07:29.279504+00:00", "channel": "websocket", "level": "DEBUG", "msg": "ws_heartbeat", "data": {"latency_ms": 0}}
{"ts": "2026-05-12T08:07:59.276741+00:00", "channel": "websocket", "level": "DEBUG", "msg": "ws_heartbeat", "data": {"latency_ms": 0}}
{"ts": "2026-05-12T08:08:29.280904+00:00", "channel": "websocket", "level": "DEBUG", "msg": "ws_heartbeat", "data": {"latency_ms": 0}}
{"ts": "2026-05-12T08:08:59.283519+00:00", "channel": "websocket", "level": "DEBUG", "msg": "ws_heartbeat", "data": {"latency_ms": 0}}
{"ts": "2026-05-12T08:09:29.288094+00:00", "channel": "websocket", "level": "DEBUG", "msg": "ws_heartbeat", "data": {"latency_ms": 0}}
{"ts": "2026-05-12T08:09:59.289503+00:00", "channel": "websocket", "level": "DEBUG", "msg": "ws_heartbeat", "data": {"latency_ms": 0}}
{"ts": "2026-05-12T08:10:29.290817+00:00", "channel": "websocket", "level": "DEBUG", "msg": "ws_heartbeat", "data": {"latency_ms": 0}}
{"ts": "2026-05-12T08:10:59.294868+00:00", "channel": "websocket", "level": "DEBUG", "msg": "ws_heartbeat", "data": {"latency_ms": 0}}
{"ts": "2026-05-12T08:11:29.299488+00:00", "channel": "websocket", "level": "DEBUG", "msg": "ws_heartbeat", "data": {"latency_ms": 0}}
{"ts": "2026-05-12T08:11:59.301079+00:00", "channel": "websocket", "level": "DEBUG", "msg": "ws_heartbeat", "data": {"latency_ms": 0}}
{"ts": "2026-05-12T08:12:29.306898+00:00", "channel": "websocket", "level": "DEBUG", "msg": "ws_heartbeat", "data": {"latency_ms": 0}}
{"ts": "2026-05-12T08:12:59.308354+00:00", "channel": "websocket", "level": "DEBUG", "msg": "ws_heartbeat", "data": {"latency_ms": 0}}
{"ts": "2026-05-12T08:13:29.313062+00:00", "channel": "websocket", "level": "DEBUG", "msg": "ws_heartbeat", "data": {"latency_ms": 0}}
{"ts": "2026-05-12T08:13:44.630620+00:00", "channel": "websocket", "level": "WARNING", "msg": "ws_disconnect", "data": {"socket_id": "zcgftARIdaEX0c9rAAAA", "reason": "socket.io_disconnect", "total_disconnections": 55}}
{"ts": "2026-05-12T08:13:50.643460+00:00", "channel": "websocket", "level": "INFO", "msg": "ws_backoff", "data": {"delay_s": 10, "attempt": 56}}
{"ts": "2026-05-12T08:13:51.075930+00:00", "channel": "websocket", "level": "INFO", "msg": "ws_connect", "data": {"socket_id": "OoY29VMj1jSOhiPKAAAA", "ip": "https://ibrahim-backend-production.up.railway.app"}}
{"ts": "2026-05-12T08:14:20.775405+00:00", "channel": "websocket", "level": "DEBUG", "msg": "ws_heartbeat", "data": {"latency_ms": 0}}
{"ts": "2026-05-12T08:14:50.777726+00:00", "channel": "websocket", "level": "DEBUG", "msg": "ws_heartbeat", "data": {"latency_ms": 0}}
{"ts": "2026-05-12T08:15:20.778674+00:00", "channel": "websocket", "level": "DEBUG", "msg": "ws_heartbeat", "data": {"latency_ms": 0}}
{"ts": "2026-05-12T08:15:50.783293+00:00", "channel": "websocket", "level": "DEBUG", "msg": "ws_heartbeat", "data": {"latency_ms": 0}}
{"ts": "2026-05-12T08:16:20.793742+00:00", "channel": "websocket", "level": "DEBUG", "msg": "ws_heartbeat", "data": {"latency_ms": 0}}
{"ts": "2026-05-12T08:16:50.787503+00:00", "channel": "websocket", "level": "DEBUG", "msg": "ws_heartbeat", "data": {"latency_ms": 0}}
{"ts": "2026-05-12T08:17:20.790142+00:00", "channel": "websocket", "level": "DEBUG", "msg": "ws_heartbeat", "data": {"latency_ms": 0}}
{"ts": "2026-05-12T08:17:50.793435+00:00", "channel": "websocket", "level": "DEBUG", "msg": "ws_heartbeat", "data": {"latency_ms": 0}}
{"ts": "2026-05-12T08:18:20.797202+00:00", "channel": "websocket", "level": "DEBUG", "msg": "ws_heartbeat", "data": {"latency_ms": 0}}
{"ts": "2026-05-12T08:18:50.798173+00:00", "channel": "websocket", "level": "DEBUG", "msg": "ws_heartbeat", "data": {"latency_ms": 0}}
{"ts": "2026-05-12T08:19:20.800357+00:00", "channel": "websocket", "level": "DEBUG", "msg": "ws_heartbeat", "data": {"latency_ms": 0}}
{"ts": "2026-05-12T08:19:50.802969+00:00", "channel": "websocket", "level": "DEBUG", "msg": "ws_heartbeat", "data": {"latency_ms": 0}}
{"ts": "2026-05-12T08:20:20.805464+00:00", "channel": "websocket", "level": "DEBUG", "msg": "ws_heartbeat", "data": {"latency_ms": 0}}
{"ts": "2026-05-12T08:20:50.808308+00:00", "channel": "websocket", "level": "DEBUG", "msg": "ws_heartbeat", "data": {"latency_ms": 0}}
{"ts": "2026-05-12T08:21:20.808582+00:00", "channel": "websocket", "level": "DEBUG", "msg": "ws_heartbeat", "data": {"latency_ms": 0}}
{"ts": "2026-05-12T08:21:50.809670+00:00", "channel": "websocket", "level": "DEBUG", "msg": "ws_heartbeat", "data": {"latency_ms": 0}}
{"ts": "2026-05-12T08:22:20.812740+00:00", "channel": "websocket", "level": "DEBUG", "msg": "ws_heartbeat", "data": {"latency_ms": 0}}
{"ts": "2026-05-12T08:22:50.811719+00:00", "channel": "websocket", "level": "DEBUG", "msg": "ws_heartbeat", "data": {"latency_ms": 0}}
{"ts": "2026-05-12T08:23:20.815469+00:00", "channel": "websocket", "level": "DEBUG", "msg": "ws_heartbeat", "data": {"latency_ms": 0}}
{"ts": "2026-05-12T08:23:50.854288+00:00", "channel": "websocket", "level": "DEBUG", "msg": "ws_heartbeat", "data": {"latency_ms": 0}}
{"ts": "2026-05-12T08:24:20.819467+00:00", "channel": "websocket", "level": "DEBUG", "msg": "ws_heartbeat", "data": {"latency_ms": 0}}
{"ts": "2026-05-12T08:24:50.822983+00:00", "channel": "websocket", "level": "DEBUG", "msg": "ws_heartbeat", "data": {"latency_ms": 0}}
{"ts": "2026-05-12T08:25:20.823195+00:00", "channel": "websocket", "level": "DEBUG", "msg": "ws_heartbeat", "data": {"latency_ms": 0}}
{"ts": "2026-05-12T08:25:50.827772+00:00", "channel": "websocket", "level": "DEBUG", "msg": "ws_heartbeat", "data": {"latency_ms": 0}}
{"ts": "2026-05-12T08:26:20.828752+00:00", "channel": "websocket", "level": "DEBUG", "msg": "ws_heartbeat", "data": {"latency_ms": 0}}
{"ts": "2026-05-12T08:26:50.831931+00:00", "channel": "websocket", "level": "DEBUG", "msg": "ws_heartbeat", "data": {"latency_ms": 0}}
{"ts": "2026-05-12T08:27:20.834008+00:00", "channel": "websocket", "level": "DEBUG", "msg": "ws_heartbeat", "data": {"latency_ms": 0}}
{"ts": "2026-05-12T08:27:50.839327+00:00", "channel": "websocket", "level": "DEBUG", "msg": "ws_heartbeat", "data": {"latency_ms": 0}}
{"ts": "2026-05-12T08:28:20.839667+00:00", "channel": "websocket", "level": "DEBUG", "msg": "ws_heartbeat", "data": {"latency_ms": 0}}
{"ts": "2026-05-12T08:28:50.842854+00:00", "channel": "websocket", "level": "DEBUG", "msg": "ws_heartbeat", "data": {"latency_ms": 0}}
{"ts": "2026-05-12T08:29:20.846897+00:00", "channel": "websocket", "level": "DEBUG", "msg": "ws_heartbeat", "data": {"latency_ms": 0}}
{"ts": "2026-05-12T08:29:50.848516+00:00", "channel": "websocket", "level": "DEBUG", "msg": "ws_heartbeat", "data": {"latency_ms": 0}}
{"ts": "2026-05-12T08:30:18.330156+00:00", "channel": "websocket", "level": "WARNING", "msg": "ws_disconnect", "data": {"socket_id": "OoY29VMj1jSOhiPKAAAA", "reason": "socket.io_disconnect", "total_disconnections": 56}}
{"ts": "2026-05-12T08:30:24.356974+00:00", "channel": "websocket", "level": "INFO", "msg": "ws_backoff", "data": {"delay_s": 10, "attempt": 57}}
{"ts": "2026-05-12T08:30:24.867004+00:00", "channel": "websocket", "level": "INFO", "msg": "ws_connect", "data": {"socket_id": "6pc2qj1t9yW1o9qKAAAA", "ip": "https://ibrahim-backend-production.up.railway.app"}}
{"ts": "2026-05-12T08:30:54.563994+00:00", "channel": "websocket", "level": "DEBUG", "msg": "ws_heartbeat", "data": {"latency_ms": 0}}
{"ts": "2026-05-12T08:31:24.565871+00:00", "channel": "websocket", "level": "DEBUG", "msg": "ws_heartbeat", "data": {"latency_ms": 0}}
{"ts": "2026-05-12T08:31:54.566630+00:00", "channel": "websocket", "level": "DEBUG", "msg": "ws_heartbeat", "data": {"latency_ms": 0}}
{"ts": "2026-05-12T08:32:24.569722+00:00", "channel": "websocket", "level": "DEBUG", "msg": "ws_heartbeat", "data": {"latency_ms": 0}}
{"ts": "2026-05-12T08:32:54.571366+00:00", "channel": "websocket", "level": "DEBUG", "msg": "ws_heartbeat", "data": {"latency_ms": 0}}
{"ts": "2026-05-12T08:33:24.573357+00:00", "channel": "websocket", "level": "DEBUG", "msg": "ws_heartbeat", "data": {"latency_ms": 0}}
{"ts": "2026-05-12T08:33:54.578221+00:00", "channel": "websocket", "level": "DEBUG", "msg": "ws_heartbeat", "data": {"latency_ms": 0}}
{"ts": "2026-05-12T08:34:24.580625+00:00", "channel": "websocket", "level": "DEBUG", "msg": "ws_heartbeat", "data": {"latency_ms": 0}}
{"ts": "2026-05-12T08:34:54.583187+00:00", "channel": "websocket", "level": "DEBUG", "msg": "ws_heartbeat", "data": {"latency_ms": 0}}
{"ts": "2026-05-12T08:35:24.585266+00:00", "channel": "websocket", "level": "DEBUG", "msg": "ws_heartbeat", "data": {"latency_ms": 0}}
{"ts": "2026-05-12T08:35:54.586153+00:00", "channel": "websocket", "level": "DEBUG", "msg": "ws_heartbeat", "data": {"latency_ms": 0}}
{"ts": "2026-05-12T08:36:24.589460+00:00", "channel": "websocket", "level": "DEBUG", "msg": "ws_heartbeat", "data": {"latency_ms": 0}}
{"ts": "2026-05-12T08:36:54.593293+00:00", "channel": "websocket", "level": "DEBUG", "msg": "ws_heartbeat", "data": {"latency_ms": 0}}
{"ts": "2026-05-12T08:37:24.595183+00:00", "channel": "websocket", "level": "DEBUG", "msg": "ws_heartbeat", "data": {"latency_ms": 0}}
{"ts": "2026-05-12T08:37:54.597594+00:00", "channel": "websocket", "level": "DEBUG", "msg": "ws_heartbeat", "data": {"latency_ms": 0}}
{"ts": "2026-05-12T08:38:24.600017+00:00", "channel": "websocket", "level": "DEBUG", "msg": "ws_heartbeat", "data": {"latency_ms": 0}}
{"ts": "2026-05-12T08:38:54.602575+00:00", "channel": "websocket", "level": "DEBUG", "msg": "ws_heartbeat", "data": {"latency_ms": 0}}
{"ts": "2026-05-12T08:39:24.605094+00:00", "channel": "websocket", "level": "DEBUG", "msg": "ws_heartbeat", "data": {"latency_ms": 0}}
{"ts": "2026-05-12T08:39:54.605366+00:00", "channel": "websocket", "level": "DEBUG", "msg": "ws_heartbeat", "data": {"latency_ms": 0}}
{"ts": "2026-05-12T08:40:24.607141+00:00", "channel": "websocket", "level": "DEBUG", "msg": "ws_heartbeat", "data": {"latency_ms": 0}}
{"ts": "2026-05-12T08:40:54.619124+00:00", "channel": "websocket", "level": "DEBUG", "msg": "ws_heartbeat", "data": {"latency_ms": 0}}
{"ts": "2026-05-12T08:41:24.612461+00:00", "channel": "websocket", "level": "DEBUG", "msg": "ws_heartbeat", "data": {"latency_ms": 0}}
{"ts": "2026-05-12T08:41:54.613089+00:00", "channel": "websocket", "level": "DEBUG", "msg": "ws_heartbeat", "data": {"latency_ms": 0}}
{"ts": "2026-05-12T08:42:24.615748+00:00", "channel": "websocket", "level": "DEBUG", "msg": "ws_heartbeat", "data": {"latency_ms": 0}}
{"ts": "2026-05-12T08:42:54.618809+00:00", "channel": "websocket", "level": "DEBUG", "msg": "ws_heartbeat", "data": {"latency_ms": 0}}
{"ts": "2026-05-12T08:43:24.621707+00:00", "channel": "websocket", "level": "DEBUG", "msg": "ws_heartbeat", "data": {"latency_ms": 0}}
{"ts": "2026-05-12T08:43:54.629619+00:00", "channel": "websocket", "level": "DEBUG", "msg": "ws_heartbeat", "data": {"latency_ms": 0}}
{"ts": "2026-05-12T08:43:59.602485+00:00", "channel": "websocket", "level": "WARNING", "msg": "ws_disconnect", "data": {"socket_id": "6pc2qj1t9yW1o9qKAAAA", "reason": "socket.io_disconnect", "total_disconnections": 57}}
{"ts": "2026-05-12T08:44:05.608299+00:00", "channel": "websocket", "level": "INFO", "msg": "ws_backoff", "data": {"delay_s": 10, "attempt": 58}}
{"ts": "2026-05-12T08:44:06.100726+00:00", "channel": "websocket", "level": "INFO", "msg": "ws_connect", "data": {"socket_id": "WJRHEtu8XPq1HHFkAAAA", "ip": "https://ibrahim-backend-production.up.railway.app"}}
{"ts": "2026-05-12T08:44:35.801795+00:00", "channel": "websocket", "level": "DEBUG", "msg": "ws_heartbeat", "data": {"latency_ms": 0}}
{"ts": "2026-05-12T08:45:05.802237+00:00", "channel": "websocket", "level": "DEBUG", "msg": "ws_heartbeat", "data": {"latency_ms": 0}}
{"ts": "2026-05-12T08:45:35.814589+00:00", "channel": "websocket", "level": "DEBUG", "msg": "ws_heartbeat", "data": {"latency_ms": 0}}
{"ts": "2026-05-12T08:46:05.843606+00:00", "channel": "websocket", "level": "DEBUG", "msg": "ws_heartbeat", "data": {"latency_ms": 0}}
{"ts": "2026-05-12T08:46:35.806100+00:00", "channel": "websocket", "level": "DEBUG", "msg": "ws_heartbeat", "data": {"latency_ms": 0}}
{"ts": "2026-05-12T08:47:05.808581+00:00", "channel": "websocket", "level": "DEBUG", "msg": "ws_heartbeat", "data": {"latency_ms": 0}}
{"ts": "2026-05-12T08:47:35.812652+00:00", "channel": "websocket", "level": "DEBUG", "msg": "ws_heartbeat", "data": {"latency_ms": 0}}
{"ts": "2026-05-12T08:48:05.813755+00:00", "channel": "websocket", "level": "DEBUG", "msg": "ws_heartbeat", "data": {"latency_ms": 0}}
{"ts": "2026-05-12T08:48:35.815186+00:00", "channel": "websocket", "level": "DEBUG", "msg": "ws_heartbeat", "data": {"latency_ms": 0}}
{"ts": "2026-05-12T08:49:05.822057+00:00", "channel": "websocket", "level": "DEBUG", "msg": "ws_heartbeat", "data": {"latency_ms": 0}}
{"ts": "2026-05-12T08:49:35.818695+00:00", "channel": "websocket", "level": "DEBUG", "msg": "ws_heartbeat", "data": {"latency_ms": 0}}
{"ts": "2026-05-12T08:50:05.820752+00:00", "channel": "websocket", "level": "DEBUG", "msg": "ws_heartbeat", "data": {"latency_ms": 0}}
{"ts": "2026-05-12T08:50:35.821813+00:00", "channel": "websocket", "level": "DEBUG", "msg": "ws_heartbeat", "data": {"latency_ms": 0}}
{"ts": "2026-05-12T08:51:05.824742+00:00", "channel": "websocket", "level": "DEBUG", "msg": "ws_heartbeat", "data": {"latency_ms": 0}}
{"ts": "2026-05-12T08:51:35.826312+00:00", "channel": "websocket", "level": "DEBUG", "msg": "ws_heartbeat", "data": {"latency_ms": 0}}
{"ts": "2026-05-12T08:52:05.828539+00:00", "channel": "websocket", "level": "DEBUG", "msg": "ws_heartbeat", "data": {"latency_ms": 0}}
{"ts": "2026-05-12T08:52:35.841788+00:00", "channel": "websocket", "level": "DEBUG", "msg": "ws_heartbeat", "data": {"latency_ms": 0}}
{"ts": "2026-05-12T08:53:05.832468+00:00", "channel": "websocket", "level": "DEBUG", "msg": "ws_heartbeat", "data": {"latency_ms": 0}}
{"ts": "2026-05-12T08:53:35.832951+00:00", "channel": "websocket", "level": "DEBUG", "msg": "ws_heartbeat", "data": {"latency_ms": 0}}
{"ts": "2026-05-12T08:54:05.833060+00:00", "channel": "websocket", "level": "DEBUG", "msg": "ws_heartbeat", "data": {"latency_ms": 0}}
{"ts": "2026-05-12T08:54:35.835551+00:00", "channel": "websocket", "level": "DEBUG", "msg": "ws_heartbeat", "data": {"latency_ms": 0}}
{"ts": "2026-05-12T08:55:05.836776+00:00", "channel": "websocket", "level": "DEBUG", "msg": "ws_heartbeat", "data": {"latency_ms": 0}}
{"ts": "2026-05-12T08:55:35.837850+00:00", "channel": "websocket", "level": "DEBUG", "msg": "ws_heartbeat", "data": {"latency_ms": 0}}
{"ts": "2026-05-12T08:56:05.839442+00:00", "channel": "websocket", "level": "DEBUG", "msg": "ws_heartbeat", "data": {"latency_ms": 0}}
{"ts": "2026-05-12T08:56:35.841328+00:00", "channel": "websocket", "level": "DEBUG", "msg": "ws_heartbeat", "data": {"latency_ms": 0}}
{"ts": "2026-05-12T08:57:05.844538+00:00", "channel": "websocket", "level": "DEBUG", "msg": "ws_heartbeat", "data": {"latency_ms": 0}}
{"ts": "2026-05-12T08:57:35.844812+00:00", "channel": "websocket", "level": "DEBUG", "msg": "ws_heartbeat", "data": {"latency_ms": 0}}
{"ts": "2026-05-12T08:57:36.086663+00:00", "channel": "websocket", "level": "WARNING", "msg": "ws_disconnect", "data": {"socket_id": "WJRHEtu8XPq1HHFkAAAA", "reason": "socket.io_disconnect", "total_disconnections": 58}}
{"ts": "2026-05-12T08:57:42.115669+00:00", "channel": "websocket", "level": "INFO", "msg": "ws_backoff", "data": {"delay_s": 10, "attempt": 59}}
{"ts": "2026-05-12T08:57:42.575562+00:00", "channel": "websocket", "level": "INFO", "msg": "ws_connect", "data": {"socket_id": "uni_4w17TQGNp5tQAAAA", "ip": "https://ibrahim-backend-production.up.railway.app"}}
{"ts": "2026-05-12T08:58:12.272079+00:00", "channel": "websocket", "level": "DEBUG", "msg": "ws_heartbeat", "data": {"latency_ms": 0}}
{"ts": "2026-05-12T08:58:42.271761+00:00", "channel": "websocket", "level": "DEBUG", "msg": "ws_heartbeat", "data": {"latency_ms": 0}}
{"ts": "2026-05-12T08:59:12.273426+00:00", "channel": "websocket", "level": "DEBUG", "msg": "ws_heartbeat", "data": {"latency_ms": 0}}
{"ts": "2026-05-12T08:59:42.275962+00:00", "channel": "websocket", "level": "DEBUG", "msg": "ws_heartbeat", "data": {"latency_ms": 0}}
{"ts": "2026-05-12T09:00:12.274252+00:00", "channel": "websocket", "level": "DEBUG", "msg": "ws_heartbeat", "data": {"latency_ms": 0}}
{"ts": "2026-05-12T09:00:42.277241+00:00", "channel": "websocket", "level": "DEBUG", "msg": "ws_heartbeat", "data": {"latency_ms": 0}}
{"ts": "2026-05-12T09:01:12.279172+00:00", "channel": "websocket", "level": "DEBUG", "msg": "ws_heartbeat", "data": {"latency_ms": 0}}
{"ts": "2026-05-12T09:01:42.279772+00:00", "channel": "websocket", "level": "DEBUG", "msg": "ws_heartbeat", "data": {"latency_ms": 0}}
{"ts": "2026-05-12T09:02:12.282738+00:00", "channel": "websocket", "level": "DEBUG", "msg": "ws_heartbeat", "data": {"latency_ms": 0}}
{"ts": "2026-05-12T09:02:42.283412+00:00", "channel": "websocket", "level": "DEBUG", "msg": "ws_heartbeat", "data": {"latency_ms": 0}}
{"ts": "2026-05-12T09:03:12.284029+00:00", "channel": "websocket", "level": "DEBUG", "msg": "ws_heartbeat", "data": {"latency_ms": 0}}
{"ts": "2026-05-12T09:03:42.285161+00:00", "channel": "websocket", "level": "DEBUG", "msg": "ws_heartbeat", "data": {"latency_ms": 0}}
{"ts": "2026-05-12T09:04:12.287297+00:00", "channel": "websocket", "level": "DEBUG", "msg": "ws_heartbeat", "data": {"latency_ms": 0}}
{"ts": "2026-05-12T09:04:42.290411+00:00", "channel": "websocket", "level": "DEBUG", "msg": "ws_heartbeat", "data": {"latency_ms": 0}}
{"ts": "2026-05-12T09:05:12.298493+00:00", "channel": "websocket", "level": "DEBUG", "msg": "ws_heartbeat", "data": {"latency_ms": 0}}
{"ts": "2026-05-12T09:05:42.292217+00:00", "channel": "websocket", "level": "DEBUG", "msg": "ws_heartbeat", "data": {"latency_ms": 0}}
{"ts": "2026-05-12T09:06:00.603039+00:00", "channel": "websocket", "level": "WARNING", "msg": "ws_disconnect", "data": {"socket_id": "uni_4w17TQGNp5tQAAAA", "reason": "socket.io_disconnect", "total_disconnections": 59}}
{"ts": "2026-05-12T09:06:06.608603+00:00", "channel": "websocket", "level": "INFO", "msg": "ws_backoff", "data": {"delay_s": 10, "attempt": 60}}
{"ts": "2026-05-12T09:06:07.065095+00:00", "channel": "websocket", "level": "INFO", "msg": "ws_connect", "data": {"socket_id": "XY8HhFQPg_ZcW8QcAAAA", "ip": "https://ibrahim-backend-production.up.railway.app"}}
{"ts": "2026-05-12T09:06:36.762985+00:00", "channel": "websocket", "level": "DEBUG", "msg": "ws_heartbeat", "data": {"latency_ms": 0}}
{"ts": "2026-05-12T09:07:06.765130+00:00", "channel": "websocket", "level": "DEBUG", "msg": "ws_heartbeat", "data": {"latency_ms": 0}}
{"ts": "2026-05-12T09:07:36.765483+00:00", "channel": "websocket", "level": "DEBUG", "msg": "ws_heartbeat", "data": {"latency_ms": 0}}
{"ts": "2026-05-12T09:08:06.770455+00:00", "channel": "websocket", "level": "DEBUG", "msg": "ws_heartbeat", "data": {"latency_ms": 0}}
{"ts": "2026-05-12T09:08:36.768300+00:00", "channel": "websocket", "level": "DEBUG", "msg": "ws_heartbeat", "data": {"latency_ms": 0}}
{"ts": "2026-05-12T09:09:06.797027+00:00", "channel": "websocket", "level": "DEBUG", "msg": "ws_heartbeat", "data": {"latency_ms": 0}}
{"ts": "2026-05-12T09:09:36.770661+00:00", "channel": "websocket", "level": "DEBUG", "msg": "ws_heartbeat", "data": {"latency_ms": 0}}
{"ts": "2026-05-12T09:10:06.773566+00:00", "channel": "websocket", "level": "DEBUG", "msg": "ws_heartbeat", "data": {"latency_ms": 0}}
{"ts": "2026-05-12T09:10:36.773421+00:00", "channel": "websocket", "level": "DEBUG", "msg": "ws_heartbeat", "data": {"latency_ms": 0}}
{"ts": "2026-05-12T09:10:41.868691+00:00", "channel": "websocket", "level": "WARNING", "msg": "ws_disconnect", "data": {"socket_id": "XY8HhFQPg_ZcW8QcAAAA", "reason": "socket.io_disconnect", "total_disconnections": 60}}
{"ts": "2026-05-12T09:10:47.873279+00:00", "channel": "websocket", "level": "INFO", "msg": "ws_backoff", "data": {"delay_s": 10, "attempt": 61}}
{"ts": "2026-05-12T09:10:48.406996+00:00", "channel": "websocket", "level": "INFO", "msg": "ws_connect", "data": {"socket_id": "JaP7Kugz5ymJrLwZAAAA", "ip": "https://ibrahim-backend-production.up.railway.app"}}
{"ts": "2026-05-12T09:11:18.103164+00:00", "channel": "websocket", "level": "DEBUG", "msg": "ws_heartbeat", "data": {"latency_ms": 0}}
{"ts": "2026-05-12T09:11:48.106567+00:00", "channel": "websocket", "level": "DEBUG", "msg": "ws_heartbeat", "data": {"latency_ms": 0}}
{"ts": "2026-05-12T09:12:18.105296+00:00", "channel": "websocket", "level": "DEBUG", "msg": "ws_heartbeat", "data": {"latency_ms": 0}}
{"ts": "2026-05-12T09:12:48.107197+00:00", "channel": "websocket", "level": "DEBUG", "msg": "ws_heartbeat", "data": {"latency_ms": 0}}
{"ts": "2026-05-12T09:13:01.637087+00:00", "channel": "websocket", "level": "WARNING", "msg": "ws_disconnect", "data": {"socket_id": "JaP7Kugz5ymJrLwZAAAA", "reason": "socket.io_disconnect", "total_disconnections": 61}}
{"ts": "2026-05-12T09:13:07.658494+00:00", "channel": "websocket", "level": "INFO", "msg": "ws_backoff", "data": {"delay_s": 10, "attempt": 62}}
{"ts": "2026-05-12T09:13:08.145240+00:00", "channel": "websocket", "level": "INFO", "msg": "ws_connect", "data": {"socket_id": "-43i7GvtJTzXIpPNAAAA", "ip": "https://ibrahim-backend-production.up.railway.app"}}
{"ts": "2026-05-12T09:13:37.849355+00:00", "channel": "websocket", "level": "DEBUG", "msg": "ws_heartbeat", "data": {"latency_ms": 0}}
{"ts": "2026-05-12T09:14:07.847091+00:00", "channel": "websocket", "level": "DEBUG", "msg": "ws_heartbeat", "data": {"latency_ms": 0}}
{"ts": "2026-05-12T09:14:37.848370+00:00", "channel": "websocket", "level": "DEBUG", "msg": "ws_heartbeat", "data": {"latency_ms": 0}}
{"ts": "2026-05-12T09:15:07.850664+00:00", "channel": "websocket", "level": "DEBUG", "msg": "ws_heartbeat", "data": {"latency_ms": 0}}
{"ts": "2026-05-12T09:15:37.850018+00:00", "channel": "websocket", "level": "DEBUG", "msg": "ws_heartbeat", "data": {"latency_ms": 0}}
{"ts": "2026-05-12T09:16:07.855265+00:00", "channel": "websocket", "level": "DEBUG", "msg": "ws_heartbeat", "data": {"latency_ms": 0}}
{"ts": "2026-05-12T09:16:37.857913+00:00", "channel": "websocket", "level": "DEBUG", "msg": "ws_heartbeat", "data": {"latency_ms": 0}}
{"ts": "2026-05-12T09:16:57.771801+00:00", "channel": "websocket", "level": "WARNING", "msg": "ws_disconnect", "data": {"socket_id": "-43i7GvtJTzXIpPNAAAA", "reason": "socket.io_disconnect", "total_disconnections": 62}}
{"ts": "2026-05-12T09:17:03.788435+00:00", "channel": "websocket", "level": "INFO", "msg": "ws_backoff", "data": {"delay_s": 10, "attempt": 63}}
{"ts": "2026-05-12T09:17:04.334687+00:00", "channel": "websocket", "level": "INFO", "msg": "ws_connect", "data": {"socket_id": "pd7A8k37w-X__Nn3AAAA", "ip": "https://ibrahim-backend-production.up.railway.app"}}
{"ts": "2026-05-12T09:17:34.032935+00:00", "channel": "websocket", "level": "DEBUG", "msg": "ws_heartbeat", "data": {"latency_ms": 0}}
{"ts": "2026-05-12T09:18:04.031767+00:00", "channel": "websocket", "level": "DEBUG", "msg": "ws_heartbeat", "data": {"latency_ms": 0}}
{"ts": "2026-05-12T09:18:34.034151+00:00", "channel": "websocket", "level": "DEBUG", "msg": "ws_heartbeat", "data": {"latency_ms": 0}}
{"ts": "2026-05-12T09:19:04.035846+00:00", "channel": "websocket", "level": "DEBUG", "msg": "ws_heartbeat", "data": {"latency_ms": 0}}
{"ts": "2026-05-12T09:19:34.037512+00:00", "channel": "websocket", "level": "DEBUG", "msg": "ws_heartbeat", "data": {"latency_ms": 0}}
{"ts": "2026-05-12T09:20:04.037282+00:00", "channel": "websocket", "level": "DEBUG", "msg": "ws_heartbeat", "data": {"latency_ms": 0}}
{"ts": "2026-05-12T09:20:34.040969+00:00", "channel": "websocket", "level": "DEBUG", "msg": "ws_heartbeat", "data": {"latency_ms": 0}}
{"ts": "2026-05-12T09:21:04.041416+00:00", "channel": "websocket", "level": "DEBUG", "msg": "ws_heartbeat", "data": {"latency_ms": 0}}
{"ts": "2026-05-12T09:21:34.041582+00:00", "channel": "websocket", "level": "DEBUG", "msg": "ws_heartbeat", "data": {"latency_ms": 0}}
{"ts": "2026-05-12T09:22:04.043304+00:00", "channel": "websocket", "level": "DEBUG", "msg": "ws_heartbeat", "data": {"latency_ms": 0}}
{"ts": "2026-05-12T09:22:34.044023+00:00", "channel": "websocket", "level": "DEBUG", "msg": "ws_heartbeat", "data": {"latency_ms": 0}}
{"ts": "2026-05-12T09:23:04.046606+00:00", "channel": "websocket", "level": "DEBUG", "msg": "ws_heartbeat", "data": {"latency_ms": 0}}
{"ts": "2026-05-12T09:23:34.051520+00:00", "channel": "websocket", "level": "DEBUG", "msg": "ws_heartbeat", "data": {"latency_ms": 0}}
{"ts": "2026-05-12T09:24:04.048360+00:00", "channel": "websocket", "level": "DEBUG", "msg": "ws_heartbeat", "data": {"latency_ms": 0}}
{"ts": "2026-05-12T09:24:34.051894+00:00", "channel": "websocket", "level": "DEBUG", "msg": "ws_heartbeat", "data": {"latency_ms": 0}}
{"ts": "2026-05-12T09:25:04.052861+00:00", "channel": "websocket", "level": "DEBUG", "msg": "ws_heartbeat", "data": {"latency_ms": 0}}
{"ts": "2026-05-12T09:25:34.053778+00:00", "channel": "websocket", "level": "DEBUG", "msg": "ws_heartbeat", "data": {"latency_ms": 0}}
{"ts": "2026-05-12T09:26:04.063326+00:00", "channel": "websocket", "level": "DEBUG", "msg": "ws_heartbeat", "data": {"latency_ms": 0}}
{"ts": "2026-05-12T09:26:34.057768+00:00", "channel": "websocket", "level": "DEBUG", "msg": "ws_heartbeat", "data": {"latency_ms": 0}}
{"ts": "2026-05-12T09:27:04.058777+00:00", "channel": "websocket", "level": "DEBUG", "msg": "ws_heartbeat", "data": {"latency_ms": 0}}
{"ts": "2026-05-12T09:27:34.060882+00:00", "channel": "websocket", "level": "DEBUG", "msg": "ws_heartbeat", "data": {"latency_ms": 0}}
{"ts": "2026-05-12T09:28:04.064343+00:00", "channel": "websocket", "level": "DEBUG", "msg": "ws_heartbeat", "data": {"latency_ms": 0}}
{"ts": "2026-05-12T09:28:34.062249+00:00", "channel": "websocket", "level": "DEBUG", "msg": "ws_heartbeat", "data": {"latency_ms": 0}}
{"ts": "2026-05-12T09:29:04.065361+00:00", "channel": "websocket", "level": "DEBUG", "msg": "ws_heartbeat", "data": {"latency_ms": 0}}
{"ts": "2026-05-12T09:29:34.068129+00:00", "channel": "websocket", "level": "DEBUG", "msg": "ws_heartbeat", "data": {"latency_ms": 0}}
{"ts": "2026-05-12T09:30:04.068748+00:00", "channel": "websocket", "level": "DEBUG", "msg": "ws_heartbeat", "data": {"latency_ms": 0}}
{"ts": "2026-05-12T09:30:34.068143+00:00", "channel": "websocket", "level": "DEBUG", "msg": "ws_heartbeat", "data": {"latency_ms": 0}}
{"ts": "2026-05-12T09:31:04.072121+00:00", "channel": "websocket", "level": "DEBUG", "msg": "ws_heartbeat", "data": {"latency_ms": 0}}
{"ts": "2026-05-12T09:31:34.072407+00:00", "channel": "websocket", "level": "DEBUG", "msg": "ws_heartbeat", "data": {"latency_ms": 0}}
{"ts": "2026-05-12T09:32:04.073974+00:00", "channel": "websocket", "level": "DEBUG", "msg": "ws_heartbeat", "data": {"latency_ms": 0}}
{"ts": "2026-05-12T09:32:34.075412+00:00", "channel": "websocket", "level": "DEBUG", "msg": "ws_heartbeat", "data": {"latency_ms": 0}}
{"ts": "2026-05-12T09:33:04.077952+00:00", "channel": "websocket", "level": "DEBUG", "msg": "ws_heartbeat", "data": {"latency_ms": 0}}
{"ts": "2026-05-12T09:33:34.077034+00:00", "channel": "websocket", "level": "DEBUG", "msg": "ws_heartbeat", "data": {"latency_ms": 0}}
{"ts": "2026-05-12T09:34:04.075943+00:00", "channel": "websocket", "level": "DEBUG", "msg": "ws_heartbeat", "data": {"latency_ms": 0}}
{"ts": "2026-05-12T09:34:34.078641+00:00", "channel": "websocket", "level": "DEBUG", "msg": "ws_heartbeat", "data": {"latency_ms": 0}}
{"ts": "2026-05-12T09:35:04.081276+00:00", "channel": "websocket", "level": "DEBUG", "msg": "ws_heartbeat", "data": {"latency_ms": 0}}
{"ts": "2026-05-12T09:35:34.079993+00:00", "channel": "websocket", "level": "DEBUG", "msg": "ws_heartbeat", "data": {"latency_ms": 0}}
{"ts": "2026-05-12T09:36:04.080024+00:00", "channel": "websocket", "level": "DEBUG", "msg": "ws_heartbeat", "data": {"latency_ms": 0}}
{"ts": "2026-05-12T09:36:34.082636+00:00", "channel": "websocket", "level": "DEBUG", "msg": "ws_heartbeat", "data": {"latency_ms": 0}}
{"ts": "2026-05-12T09:37:04.083188+00:00", "channel": "websocket", "level": "DEBUG", "msg": "ws_heartbeat", "data": {"latency_ms": 0}}
{"ts": "2026-05-12T09:37:34.088640+00:00", "channel": "websocket", "level": "DEBUG", "msg": "ws_heartbeat", "data": {"latency_ms": 0}}
{"ts": "2026-05-12T09:38:04.087017+00:00", "channel": "websocket", "level": "DEBUG", "msg": "ws_heartbeat", "data": {"latency_ms": 0}}
{"ts": "2026-05-12T09:38:34.088097+00:00", "channel": "websocket", "level": "DEBUG", "msg": "ws_heartbeat", "data": {"latency_ms": 0}}
{"ts": "2026-05-12T09:39:04.087516+00:00", "channel": "websocket", "level": "DEBUG", "msg": "ws_heartbeat", "data": {"latency_ms": 0}}
{"ts": "2026-05-12T09:39:34.089196+00:00", "channel": "websocket", "level": "DEBUG", "msg": "ws_heartbeat", "data": {"latency_ms": 0}}
{"ts": "2026-05-12T09:40:04.092043+00:00", "channel": "websocket", "level": "DEBUG", "msg": "ws_heartbeat", "data": {"latency_ms": 0}}
{"ts": "2026-05-12T09:40:34.092106+00:00", "channel": "websocket", "level": "DEBUG", "msg": "ws_heartbeat", "data": {"latency_ms": 0}}
{"ts": "2026-05-12T09:41:04.094207+00:00", "channel": "websocket", "level": "DEBUG", "msg": "ws_heartbeat", "data": {"latency_ms": 0}}
{"ts": "2026-05-12T09:41:34.094396+00:00", "channel": "websocket", "level": "DEBUG", "msg": "ws_heartbeat", "data": {"latency_ms": 0}}
{"ts": "2026-05-12T09:42:04.096081+00:00", "channel": "websocket", "level": "DEBUG", "msg": "ws_heartbeat", "data": {"latency_ms": 0}}
{"ts": "2026-05-12T09:42:34.096550+00:00", "channel": "websocket", "level": "DEBUG", "msg": "ws_heartbeat", "data": {"latency_ms": 0}}
{"ts": "2026-05-12T09:43:04.095867+00:00", "channel": "websocket", "level": "DEBUG", "msg": "ws_heartbeat", "data": {"latency_ms": 0}}
{"ts": "2026-05-12T09:43:34.097255+00:00", "channel": "websocket", "level": "DEBUG", "msg": "ws_heartbeat", "data": {"latency_ms": 0}}
{"ts": "2026-05-12T09:44:04.097350+00:00", "channel": "websocket", "level": "DEBUG", "msg": "ws_heartbeat", "data": {"latency_ms": 0}}
{"ts": "2026-05-12T09:44:34.102244+00:00", "channel": "websocket", "level": "DEBUG", "msg": "ws_heartbeat", "data": {"latency_ms": 0}}
{"ts": "2026-05-12T09:45:04.101589+00:00", "channel": "websocket", "level": "DEBUG", "msg": "ws_heartbeat", "data": {"latency_ms": 0}}
{"ts": "2026-05-12T09:45:34.100794+00:00", "channel": "websocket", "level": "DEBUG", "msg": "ws_heartbeat", "data": {"latency_ms": 0}}
{"ts": "2026-05-12T09:46:04.101608+00:00", "channel": "websocket", "level": "DEBUG", "msg": "ws_heartbeat", "data": {"latency_ms": 0}}
{"ts": "2026-05-12T09:46:34.103057+00:00", "channel": "websocket", "level": "DEBUG", "msg": "ws_heartbeat", "data": {"latency_ms": 0}}
{"ts": "2026-05-12T09:47:04.103341+00:00", "channel": "websocket", "level": "DEBUG", "msg": "ws_heartbeat", "data": {"latency_ms": 0}}
{"ts": "2026-05-12T09:47:34.105790+00:00", "channel": "websocket", "level": "DEBUG", "msg": "ws_heartbeat", "data": {"latency_ms": 0}}
{"ts": "2026-05-12T09:48:04.106672+00:00", "channel": "websocket", "level": "DEBUG", "msg": "ws_heartbeat", "data": {"latency_ms": 0}}
{"ts": "2026-05-12T09:48:34.106664+00:00", "channel": "websocket", "level": "DEBUG", "msg": "ws_heartbeat", "data": {"latency_ms": 0}}
{"ts": "2026-05-12T09:49:04.107338+00:00", "channel": "websocket", "level": "DEBUG", "msg": "ws_heartbeat", "data": {"latency_ms": 0}}
{"ts": "2026-05-12T09:49:34.110028+00:00", "channel": "websocket", "level": "DEBUG", "msg": "ws_heartbeat", "data": {"latency_ms": 0}}
{"ts": "2026-05-12T09:49:51.995910+00:00", "channel": "websocket", "level": "WARNING", "msg": "ws_disconnect", "data": {"socket_id": "pd7A8k37w-X__Nn3AAAA", "reason": "socket.io_disconnect", "total_disconnections": 63}}
{"ts": "2026-05-12T09:49:58.002445+00:00", "channel": "websocket", "level": "INFO", "msg": "ws_backoff", "data": {"delay_s": 10, "attempt": 64}}
{"ts": "2026-05-12T09:49:58.465844+00:00", "channel": "websocket", "level": "INFO", "msg": "ws_connect", "data": {"socket_id": "7AB1vomDaKpHB7syAAAA", "ip": "https://ibrahim-backend-production.up.railway.app"}}
{"ts": "2026-05-12T09:50:28.164976+00:00", "channel": "websocket", "level": "DEBUG", "msg": "ws_heartbeat", "data": {"latency_ms": 0}}
{"ts": "2026-05-12T09:50:58.164388+00:00", "channel": "websocket", "level": "DEBUG", "msg": "ws_heartbeat", "data": {"latency_ms": 0}}
{"ts": "2026-05-12T09:51:28.165331+00:00", "channel": "websocket", "level": "DEBUG", "msg": "ws_heartbeat", "data": {"latency_ms": 0}}
{"ts": "2026-05-12T09:51:58.164836+00:00", "channel": "websocket", "level": "DEBUG", "msg": "ws_heartbeat", "data": {"latency_ms": 0}}
{"ts": "2026-05-12T09:52:28.166795+00:00", "channel": "websocket", "level": "DEBUG", "msg": "ws_heartbeat", "data": {"latency_ms": 0}}
{"ts": "2026-05-12T09:52:58.168662+00:00", "channel": "websocket", "level": "DEBUG", "msg": "ws_heartbeat", "data": {"latency_ms": 0}}
{"ts": "2026-05-12T09:53:28.170532+00:00", "channel": "websocket", "level": "DEBUG", "msg": "ws_heartbeat", "data": {"latency_ms": 0}}
{"ts": "2026-05-12T09:53:58.171653+00:00", "channel": "websocket", "level": "DEBUG", "msg": "ws_heartbeat", "data": {"latency_ms": 0}}
{"ts": "2026-05-12T09:54:28.172589+00:00", "channel": "websocket", "level": "DEBUG", "msg": "ws_heartbeat", "data": {"latency_ms": 0}}
{"ts": "2026-05-12T09:54:58.172999+00:00", "channel": "websocket", "level": "DEBUG", "msg": "ws_heartbeat", "data": {"latency_ms": 0}}
{"ts": "2026-05-12T09:55:28.176778+00:00", "channel": "websocket", "level": "DEBUG", "msg": "ws_heartbeat", "data": {"latency_ms": 0}}
{"ts": "2026-05-12T09:55:58.176252+00:00", "channel": "websocket", "level": "DEBUG", "msg": "ws_heartbeat", "data": {"latency_ms": 0}}
{"ts": "2026-05-12T09:56:20.626065+00:00", "channel": "websocket", "level": "WARNING", "msg": "ws_disconnect", "data": {"socket_id": "7AB1vomDaKpHB7syAAAA", "reason": "socket.io_disconnect", "total_disconnections": 64}}
{"ts": "2026-05-12T09:56:26.633994+00:00", "channel": "websocket", "level": "INFO", "msg": "ws_backoff", "data": {"delay_s": 10, "attempt": 65}}
{"ts": "2026-05-12T09:56:27.184466+00:00", "channel": "websocket", "level": "INFO", "msg": "ws_connect", "data": {"socket_id": "rNIgRZ_SvVQS3tNEAAAA", "ip": "https://ibrahim-backend-production.up.railway.app"}}
{"ts": "2026-05-12T09:56:56.880020+00:00", "channel": "websocket", "level": "DEBUG", "msg": "ws_heartbeat", "data": {"latency_ms": 0}}
{"ts": "2026-05-12T09:57:26.882797+00:00", "channel": "websocket", "level": "DEBUG", "msg": "ws_heartbeat", "data": {"latency_ms": 0}}
{"ts": "2026-05-12T09:57:56.881525+00:00", "channel": "websocket", "level": "DEBUG", "msg": "ws_heartbeat", "data": {"latency_ms": 0}}
{"ts": "2026-05-12T09:58:26.883308+00:00", "channel": "websocket", "level": "DEBUG", "msg": "ws_heartbeat", "data": {"latency_ms": 0}}
{"ts": "2026-05-12T09:58:56.883908+00:00", "channel": "websocket", "level": "DEBUG", "msg": "ws_heartbeat", "data": {"latency_ms": 0}}
{"ts": "2026-05-12T09:59:26.885075+00:00", "channel": "websocket", "level": "DEBUG", "msg": "ws_heartbeat", "data": {"latency_ms": 0}}
{"ts": "2026-05-12T09:59:56.886690+00:00", "channel": "websocket", "level": "DEBUG", "msg": "ws_heartbeat", "data": {"latency_ms": 0}}
{"ts": "2026-05-12T10:00:26.888400+00:00", "channel": "websocket", "level": "DEBUG", "msg": "ws_heartbeat", "data": {"latency_ms": 0}}
{"ts": "2026-05-12T10:00:56.887908+00:00", "channel": "websocket", "level": "DEBUG", "msg": "ws_heartbeat", "data": {"latency_ms": 0}}
{"ts": "2026-05-12T10:01:26.890285+00:00", "channel": "websocket", "level": "DEBUG", "msg": "ws_heartbeat", "data": {"latency_ms": 0}}
{"ts": "2026-05-12T10:01:56.891126+00:00", "channel": "websocket", "level": "DEBUG", "msg": "ws_heartbeat", "data": {"latency_ms": 0}}
{"ts": "2026-05-12T10:02:26.892005+00:00", "channel": "websocket", "level": "DEBUG", "msg": "ws_heartbeat", "data": {"latency_ms": 0}}
{"ts": "2026-05-12T10:02:56.893275+00:00", "channel": "websocket", "level": "DEBUG", "msg": "ws_heartbeat", "data": {"latency_ms": 0}}
{"ts": "2026-05-12T10:03:26.892621+00:00", "channel": "websocket", "level": "DEBUG", "msg": "ws_heartbeat", "data": {"latency_ms": 0}}
{"ts": "2026-05-12T10:03:56.896059+00:00", "channel": "websocket", "level": "DEBUG", "msg": "ws_heartbeat", "data": {"latency_ms": 0}}
{"ts": "2026-05-12T10:04:26.898413+00:00", "channel": "websocket", "level": "DEBUG", "msg": "ws_heartbeat", "data": {"latency_ms": 0}}
{"ts": "2026-05-12T10:04:56.898599+00:00", "channel": "websocket", "level": "DEBUG", "msg": "ws_heartbeat", "data": {"latency_ms": 0}}
{"ts": "2026-05-12T10:05:26.899552+00:00", "channel": "websocket", "level": "DEBUG", "msg": "ws_heartbeat", "data": {"latency_ms": 0}}
{"ts": "2026-05-12T10:05:56.901182+00:00", "channel": "websocket", "level": "DEBUG", "msg": "ws_heartbeat", "data": {"latency_ms": 0}}
{"ts": "2026-05-12T10:06:26.903215+00:00", "channel": "websocket", "level": "DEBUG", "msg": "ws_heartbeat", "data": {"latency_ms": 0}}
{"ts": "2026-05-12T10:06:56.903872+00:00", "channel": "websocket", "level": "DEBUG", "msg": "ws_heartbeat", "data": {"latency_ms": 0}}
{"ts": "2026-05-12T10:07:26.904513+00:00", "channel": "websocket", "level": "DEBUG", "msg": "ws_heartbeat", "data": {"latency_ms": 0}}
{"ts": "2026-05-12T10:07:56.905219+00:00", "channel": "websocket", "level": "DEBUG", "msg": "ws_heartbeat", "data": {"latency_ms": 0}}
{"ts": "2026-05-12T10:08:26.907257+00:00", "channel": "websocket", "level": "DEBUG", "msg": "ws_heartbeat", "data": {"latency_ms": 0}}
{"ts": "2026-05-12T10:08:50.485792+00:00", "channel": "websocket", "level": "WARNING", "msg": "ws_disconnect", "data": {"socket_id": "rNIgRZ_SvVQS3tNEAAAA", "reason": "socket.io_disconnect", "total_disconnections": 65}}
{"ts": "2026-05-12T10:08:56.487210+00:00", "channel": "websocket", "level": "INFO", "msg": "ws_backoff", "data": {"delay_s": 10, "attempt": 66}}
{"ts": "2026-05-12T10:08:56.950497+00:00", "channel": "websocket", "level": "INFO", "msg": "ws_connect", "data": {"socket_id": "q0-ou_tRWywKH5HSAAAA", "ip": "https://ibrahim-backend-production.up.railway.app"}}
{"ts": "2026-05-12T10:09:26.646634+00:00", "channel": "websocket", "level": "DEBUG", "msg": "ws_heartbeat", "data": {"latency_ms": 0}}
{"ts": "2026-05-12T10:09:56.655456+00:00", "channel": "websocket", "level": "DEBUG", "msg": "ws_heartbeat", "data": {"latency_ms": 0}}
{"ts": "2026-05-12T10:09:58.206834+00:00", "channel": "websocket", "level": "WARNING", "msg": "ws_disconnect", "data": {"socket_id": "q0-ou_tRWywKH5HSAAAA", "reason": "socket.io_disconnect", "total_disconnections": 66}}
{"ts": "2026-05-12T10:10:04.214928+00:00", "channel": "websocket", "level": "INFO", "msg": "ws_backoff", "data": {"delay_s": 10, "attempt": 67}}
{"ts": "2026-05-12T10:10:04.675424+00:00", "channel": "websocket", "level": "INFO", "msg": "ws_connect", "data": {"socket_id": "i--E5qIzh5X1iiy9AAAA", "ip": "https://ibrahim-backend-production.up.railway.app"}}
{"ts": "2026-05-12T10:10:34.371000+00:00", "channel": "websocket", "level": "DEBUG", "msg": "ws_heartbeat", "data": {"latency_ms": 0}}
{"ts": "2026-05-12T10:11:04.374014+00:00", "channel": "websocket", "level": "DEBUG", "msg": "ws_heartbeat", "data": {"latency_ms": 0}}
{"ts": "2026-05-12T10:11:34.374056+00:00", "channel": "websocket", "level": "DEBUG", "msg": "ws_heartbeat", "data": {"latency_ms": 0}}
{"ts": "2026-05-12T10:12:04.375778+00:00", "channel": "websocket", "level": "DEBUG", "msg": "ws_heartbeat", "data": {"latency_ms": 0}}
{"ts": "2026-05-12T10:12:34.377236+00:00", "channel": "websocket", "level": "DEBUG", "msg": "ws_heartbeat", "data": {"latency_ms": 0}}
{"ts": "2026-05-12T10:13:04.377700+00:00", "channel": "websocket", "level": "DEBUG", "msg": "ws_heartbeat", "data": {"latency_ms": 0}}
{"ts": "2026-05-12T10:13:34.378812+00:00", "channel": "websocket", "level": "DEBUG", "msg": "ws_heartbeat", "data": {"latency_ms": 0}}
{"ts": "2026-05-12T10:14:04.379260+00:00", "channel": "websocket", "level": "DEBUG", "msg": "ws_heartbeat", "data": {"latency_ms": 0}}
{"ts": "2026-05-12T10:14:34.379910+00:00", "channel": "websocket", "level": "DEBUG", "msg": "ws_heartbeat", "data": {"latency_ms": 0}}
{"ts": "2026-05-12T10:15:04.380580+00:00", "channel": "websocket", "level": "DEBUG", "msg": "ws_heartbeat", "data": {"latency_ms": 0}}
{"ts": "2026-05-12T10:15:34.382386+00:00", "channel": "websocket", "level": "DEBUG", "msg": "ws_heartbeat", "data": {"latency_ms": 0}}
{"ts": "2026-05-12T10:16:04.383558+00:00", "channel": "websocket", "level": "DEBUG", "msg": "ws_heartbeat", "data": {"latency_ms": 0}}
{"ts": "2026-05-12T10:16:34.383639+00:00", "channel": "websocket", "level": "DEBUG", "msg": "ws_heartbeat", "data": {"latency_ms": 0}}
{"ts": "2026-05-12T10:17:04.383711+00:00", "channel": "websocket", "level": "DEBUG", "msg": "ws_heartbeat", "data": {"latency_ms": 0}}
{"ts": "2026-05-12T10:17:34.385390+00:00", "channel": "websocket", "level": "DEBUG", "msg": "ws_heartbeat", "data": {"latency_ms": 0}}
{"ts": "2026-05-12T10:18:04.385763+00:00", "channel": "websocket", "level": "DEBUG", "msg": "ws_heartbeat", "data": {"latency_ms": 0}}
{"ts": "2026-05-12T10:18:34.387148+00:00", "channel": "websocket", "level": "DEBUG", "msg": "ws_heartbeat", "data": {"latency_ms": 0}}
{"ts": "2026-05-12T10:19:04.387247+00:00", "channel": "websocket", "level": "DEBUG", "msg": "ws_heartbeat", "data": {"latency_ms": 0}}
{"ts": "2026-05-12T10:19:26.254569+00:00", "channel": "websocket", "level": "WARNING", "msg": "ws_disconnect", "data": {"socket_id": "i--E5qIzh5X1iiy9AAAA", "reason": "socket.io_disconnect", "total_disconnections": 67}}
{"ts": "2026-05-12T10:19:32.264564+00:00", "channel": "websocket", "level": "INFO", "msg": "ws_backoff", "data": {"delay_s": 10, "attempt": 68}}
{"ts": "2026-05-12T10:19:32.722028+00:00", "channel": "websocket", "level": "INFO", "msg": "ws_connect", "data": {"socket_id": "8c7yXegcJGkA4bOSAAAA", "ip": "https://ibrahim-backend-production.up.railway.app"}}
{"ts": "2026-05-12T10:20:02.425982+00:00", "channel": "websocket", "level": "DEBUG", "msg": "ws_heartbeat", "data": {"latency_ms": 0}}
{"ts": "2026-05-12T10:20:32.419925+00:00", "channel": "websocket", "level": "DEBUG", "msg": "ws_heartbeat", "data": {"latency_ms": 0}}
{"ts": "2026-05-12T10:21:02.420779+00:00", "channel": "websocket", "level": "DEBUG", "msg": "ws_heartbeat", "data": {"latency_ms": 0}}
{"ts": "2026-05-12T10:21:32.421531+00:00", "channel": "websocket", "level": "DEBUG", "msg": "ws_heartbeat", "data": {"latency_ms": 0}}
{"ts": "2026-05-12T10:22:02.422794+00:00", "channel": "websocket", "level": "DEBUG", "msg": "ws_heartbeat", "data": {"latency_ms": 0}}
{"ts": "2026-05-12T10:22:27.350721+00:00", "channel": "websocket", "level": "WARNING", "msg": "ws_disconnect", "data": {"socket_id": "8c7yXegcJGkA4bOSAAAA", "reason": "socket.io_disconnect", "total_disconnections": 68}}
{"ts": "2026-05-12T10:22:33.355488+00:00", "channel": "websocket", "level": "INFO", "msg": "ws_backoff", "data": {"delay_s": 10, "attempt": 69}}
{"ts": "2026-05-12T10:22:33.870201+00:00", "channel": "websocket", "level": "INFO", "msg": "ws_connect", "data": {"socket_id": "lA24sBMQVBfXOEmjAAAA", "ip": "https://ibrahim-backend-production.up.railway.app"}}
{"ts": "2026-05-12T10:23:03.571294+00:00", "channel": "websocket", "level": "DEBUG", "msg": "ws_heartbeat", "data": {"latency_ms": 0}}
{"ts": "2026-05-12T10:23:33.569748+00:00", "channel": "websocket", "level": "DEBUG", "msg": "ws_heartbeat", "data": {"latency_ms": 0}}
{"ts": "2026-05-12T10:24:03.569680+00:00", "channel": "websocket", "level": "DEBUG", "msg": "ws_heartbeat", "data": {"latency_ms": 0}}
{"ts": "2026-05-12T10:24:33.571345+00:00", "channel": "websocket", "level": "DEBUG", "msg": "ws_heartbeat", "data": {"latency_ms": 0}}
{"ts": "2026-05-12T10:25:03.578939+00:00", "channel": "websocket", "level": "DEBUG", "msg": "ws_heartbeat", "data": {"latency_ms": 0}}
{"ts": "2026-05-12T10:25:33.573936+00:00", "channel": "websocket", "level": "DEBUG", "msg": "ws_heartbeat", "data": {"latency_ms": 0}}
{"ts": "2026-05-12T10:26:03.580569+00:00", "channel": "websocket", "level": "DEBUG", "msg": "ws_heartbeat", "data": {"latency_ms": 0}}
{"ts": "2026-05-12T10:26:33.577716+00:00", "channel": "websocket", "level": "DEBUG", "msg": "ws_heartbeat", "data": {"latency_ms": 0}}
{"ts": "2026-05-12T10:27:03.581777+00:00", "channel": "websocket", "level": "DEBUG", "msg": "ws_heartbeat", "data": {"latency_ms": 0}}
{"ts": "2026-05-12T10:27:33.587233+00:00", "channel": "websocket", "level": "DEBUG", "msg": "ws_heartbeat", "data": {"latency_ms": 0}}
{"ts": "2026-05-12T10:28:03.581315+00:00", "channel": "websocket", "level": "DEBUG", "msg": "ws_heartbeat", "data": {"latency_ms": 0}}
{"ts": "2026-05-12T10:28:33.580660+00:00", "channel": "websocket", "level": "DEBUG", "msg": "ws_heartbeat", "data": {"latency_ms": 0}}
{"ts": "2026-05-12T10:29:03.583883+00:00", "channel": "websocket", "level": "DEBUG", "msg": "ws_heartbeat", "data": {"latency_ms": 0}}
{"ts": "2026-05-12T10:29:33.583141+00:00", "channel": "websocket", "level": "DEBUG", "msg": "ws_heartbeat", "data": {"latency_ms": 0}}
{"ts": "2026-05-12T10:30:03.584646+00:00", "channel": "websocket", "level": "DEBUG", "msg": "ws_heartbeat", "data": {"latency_ms": 0}}
{"ts": "2026-05-12T10:30:33.591282+00:00", "channel": "websocket", "level": "DEBUG", "msg": "ws_heartbeat", "data": {"latency_ms": 0}}
{"ts": "2026-05-12T10:31:03.601801+00:00", "channel": "websocket", "level": "DEBUG", "msg": "ws_heartbeat", "data": {"latency_ms": 0}}
{"ts": "2026-05-12T10:31:33.591598+00:00", "channel": "websocket", "level": "DEBUG", "msg": "ws_heartbeat", "data": {"latency_ms": 0}}
{"ts": "2026-05-12T10:32:03.593381+00:00", "channel": "websocket", "level": "DEBUG", "msg": "ws_heartbeat", "data": {"latency_ms": 0}}
{"ts": "2026-05-12T10:32:33.591879+00:00", "channel": "websocket", "level": "DEBUG", "msg": "ws_heartbeat", "data": {"latency_ms": 0}}
{"ts": "2026-05-12T10:33:03.596587+00:00", "channel": "websocket", "level": "DEBUG", "msg": "ws_heartbeat", "data": {"latency_ms": 0}}
{"ts": "2026-05-12T10:33:33.595235+00:00", "channel": "websocket", "level": "DEBUG", "msg": "ws_heartbeat", "data": {"latency_ms": 0}}
{"ts": "2026-05-12T10:34:03.597269+00:00", "channel": "websocket", "level": "DEBUG", "msg": "ws_heartbeat", "data": {"latency_ms": 0}}
{"ts": "2026-05-12T10:34:33.599579+00:00", "channel": "websocket", "level": "DEBUG", "msg": "ws_heartbeat", "data": {"latency_ms": 0}}
{"ts": "2026-05-12T10:35:03.600333+00:00", "channel": "websocket", "level": "DEBUG", "msg": "ws_heartbeat", "data": {"latency_ms": 0}}
{"ts": "2026-05-12T10:35:33.600224+00:00", "channel": "websocket", "level": "DEBUG", "msg": "ws_heartbeat", "data": {"latency_ms": 0}}
{"ts": "2026-05-12T10:35:53.772006+00:00", "channel": "websocket", "level": "WARNING", "msg": "ws_disconnect", "data": {"socket_id": "lA24sBMQVBfXOEmjAAAA", "reason": "socket.io_disconnect", "total_disconnections": 69}}
{"ts": "2026-05-12T10:35:59.782853+00:00", "channel": "websocket", "level": "INFO", "msg": "ws_backoff", "data": {"delay_s": 10, "attempt": 70}}
{"ts": "2026-05-12T10:36:00.206712+00:00", "channel": "websocket", "level": "INFO", "msg": "ws_connect", "data": {"socket_id": "R0YE2LtN7tMbv04MAAAA", "ip": "https://ibrahim-backend-production.up.railway.app"}}
{"ts": "2026-05-12T10:36:29.905037+00:00", "channel": "websocket", "level": "DEBUG", "msg": "ws_heartbeat", "data": {"latency_ms": 0}}
{"ts": "2026-05-12T10:36:59.906903+00:00", "channel": "websocket", "level": "DEBUG", "msg": "ws_heartbeat", "data": {"latency_ms": 0}}
{"ts": "2026-05-12T10:37:29.914541+00:00", "channel": "websocket", "level": "DEBUG", "msg": "ws_heartbeat", "data": {"latency_ms": 0}}
{"ts": "2026-05-12T10:37:59.906679+00:00", "channel": "websocket", "level": "DEBUG", "msg": "ws_heartbeat", "data": {"latency_ms": 0}}
{"ts": "2026-05-12T10:38:29.910966+00:00", "channel": "websocket", "level": "DEBUG", "msg": "ws_heartbeat", "data": {"latency_ms": 0}}
{"ts": "2026-05-12T10:38:59.922392+00:00", "channel": "websocket", "level": "DEBUG", "msg": "ws_heartbeat", "data": {"latency_ms": 0}}
{"ts": "2026-05-12T10:39:29.910739+00:00", "channel": "websocket", "level": "DEBUG", "msg": "ws_heartbeat", "data": {"latency_ms": 0}}
{"ts": "2026-05-12T10:39:59.912811+00:00", "channel": "websocket", "level": "DEBUG", "msg": "ws_heartbeat", "data": {"latency_ms": 0}}
{"ts": "2026-05-12T10:40:29.911868+00:00", "channel": "websocket", "level": "DEBUG", "msg": "ws_heartbeat", "data": {"latency_ms": 0}}
{"ts": "2026-05-12T10:40:59.913114+00:00", "channel": "websocket", "level": "DEBUG", "msg": "ws_heartbeat", "data": {"latency_ms": 0}}
{"ts": "2026-05-12T10:41:29.911465+00:00", "channel": "websocket", "level": "DEBUG", "msg": "ws_heartbeat", "data": {"latency_ms": 0}}
{"ts": "2026-05-12T10:41:59.915995+00:00", "channel": "websocket", "level": "DEBUG", "msg": "ws_heartbeat", "data": {"latency_ms": 0}}
{"ts": "2026-05-12T10:42:29.914962+00:00", "channel": "websocket", "level": "DEBUG", "msg": "ws_heartbeat", "data": {"latency_ms": 0}}
{"ts": "2026-05-12T10:42:59.914320+00:00", "channel": "websocket", "level": "DEBUG", "msg": "ws_heartbeat", "data": {"latency_ms": 0}}
{"ts": "2026-05-12T10:43:29.917561+00:00", "channel": "websocket", "level": "DEBUG", "msg": "ws_heartbeat", "data": {"latency_ms": 0}}
{"ts": "2026-05-12T10:43:59.916396+00:00", "channel": "websocket", "level": "DEBUG", "msg": "ws_heartbeat", "data": {"latency_ms": 0}}
{"ts": "2026-05-12T10:44:29.918253+00:00", "channel": "websocket", "level": "DEBUG", "msg": "ws_heartbeat", "data": {"latency_ms": 0}}
{"ts": "2026-05-12T10:44:59.918741+00:00", "channel": "websocket", "level": "DEBUG", "msg": "ws_heartbeat", "data": {"latency_ms": 0}}
{"ts": "2026-05-12T10:45:29.921459+00:00", "channel": "websocket", "level": "DEBUG", "msg": "ws_heartbeat", "data": {"latency_ms": 0}}
{"ts": "2026-05-12T10:45:59.921786+00:00", "channel": "websocket", "level": "DEBUG", "msg": "ws_heartbeat", "data": {"latency_ms": 0}}
{"ts": "2026-05-12T10:46:29.920623+00:00", "channel": "websocket", "level": "DEBUG", "msg": "ws_heartbeat", "data": {"latency_ms": 0}}
{"ts": "2026-05-12T10:46:59.922695+00:00", "channel": "websocket", "level": "DEBUG", "msg": "ws_heartbeat", "data": {"latency_ms": 0}}
{"ts": "2026-05-12T10:47:29.924290+00:00", "channel": "websocket", "level": "DEBUG", "msg": "ws_heartbeat", "data": {"latency_ms": 0}}
{"ts": "2026-05-12T10:47:59.924420+00:00", "channel": "websocket", "level": "DEBUG", "msg": "ws_heartbeat", "data": {"latency_ms": 0}}
{"ts": "2026-05-12T10:48:29.923283+00:00", "channel": "websocket", "level": "DEBUG", "msg": "ws_heartbeat", "data": {"latency_ms": 0}}
{"ts": "2026-05-12T10:48:59.926633+00:00", "channel": "websocket", "level": "DEBUG", "msg": "ws_heartbeat", "data": {"latency_ms": 0}}
{"ts": "2026-05-12T10:49:29.925847+00:00", "channel": "websocket", "level": "DEBUG", "msg": "ws_heartbeat", "data": {"latency_ms": 0}}
{"ts": "2026-05-12T10:49:59.926197+00:00", "channel": "websocket", "level": "DEBUG", "msg": "ws_heartbeat", "data": {"latency_ms": 0}}
{"ts": "2026-05-12T10:50:29.927456+00:00", "channel": "websocket", "level": "DEBUG", "msg": "ws_heartbeat", "data": {"latency_ms": 0}}
{"ts": "2026-05-12T10:50:59.928600+00:00", "channel": "websocket", "level": "DEBUG", "msg": "ws_heartbeat", "data": {"latency_ms": 0}}
{"ts": "2026-05-12T10:51:29.929860+00:00", "channel": "websocket", "level": "DEBUG", "msg": "ws_heartbeat", "data": {"latency_ms": 0}}
{"ts": "2026-05-12T10:51:59.931170+00:00", "channel": "websocket", "level": "DEBUG", "msg": "ws_heartbeat", "data": {"latency_ms": 0}}
{"ts": "2026-05-12T10:52:29.931425+00:00", "channel": "websocket", "level": "DEBUG", "msg": "ws_heartbeat", "data": {"latency_ms": 0}}
{"ts": "2026-05-12T10:52:59.931652+00:00", "channel": "websocket", "level": "DEBUG", "msg": "ws_heartbeat", "data": {"latency_ms": 0}}
{"ts": "2026-05-12T10:53:29.933999+00:00", "channel": "websocket", "level": "DEBUG", "msg": "ws_heartbeat", "data": {"latency_ms": 0}}
{"ts": "2026-05-12T10:53:59.935794+00:00", "channel": "websocket", "level": "DEBUG", "msg": "ws_heartbeat", "data": {"latency_ms": 0}}
{"ts": "2026-05-12T10:54:29.934799+00:00", "channel": "websocket", "level": "DEBUG", "msg": "ws_heartbeat", "data": {"latency_ms": 0}}
{"ts": "2026-05-12T10:54:59.934651+00:00", "channel": "websocket", "level": "DEBUG", "msg": "ws_heartbeat", "data": {"latency_ms": 0}}
{"ts": "2026-05-12T10:55:29.935074+00:00", "channel": "websocket", "level": "DEBUG", "msg": "ws_heartbeat", "data": {"latency_ms": 0}}
{"ts": "2026-05-12T10:55:59.937306+00:00", "channel": "websocket", "level": "DEBUG", "msg": "ws_heartbeat", "data": {"latency_ms": 0}}
{"ts": "2026-05-12T10:56:29.937088+00:00", "channel": "websocket", "level": "DEBUG", "msg": "ws_heartbeat", "data": {"latency_ms": 0}}
{"ts": "2026-05-12T10:56:59.936154+00:00", "channel": "websocket", "level": "DEBUG", "msg": "ws_heartbeat", "data": {"latency_ms": 0}}
{"ts": "2026-05-12T10:57:29.937311+00:00", "channel": "websocket", "level": "DEBUG", "msg": "ws_heartbeat", "data": {"latency_ms": 0}}
{"ts": "2026-05-12T10:57:59.938846+00:00", "channel": "websocket", "level": "DEBUG", "msg": "ws_heartbeat", "data": {"latency_ms": 0}}
{"ts": "2026-05-12T10:58:29.937404+00:00", "channel": "websocket", "level": "DEBUG", "msg": "ws_heartbeat", "data": {"latency_ms": 0}}
{"ts": "2026-05-12T10:58:59.939202+00:00", "channel": "websocket", "level": "DEBUG", "msg": "ws_heartbeat", "data": {"latency_ms": 0}}
{"ts": "2026-05-12T10:59:29.939742+00:00", "channel": "websocket", "level": "DEBUG", "msg": "ws_heartbeat", "data": {"latency_ms": 0}}
{"ts": "2026-05-12T10:59:59.941448+00:00", "channel": "websocket", "level": "DEBUG", "msg": "ws_heartbeat", "data": {"latency_ms": 0}}
{"ts": "2026-05-12T11:00:29.940639+00:00", "channel": "websocket", "level": "DEBUG", "msg": "ws_heartbeat", "data": {"latency_ms": 0}}
{"ts": "2026-05-12T11:00:59.939478+00:00", "channel": "websocket", "level": "DEBUG", "msg": "ws_heartbeat", "data": {"latency_ms": 0}}
{"ts": "2026-05-12T11:01:29.941448+00:00", "channel": "websocket", "level": "DEBUG", "msg": "ws_heartbeat", "data": {"latency_ms": 0}}
{"ts": "2026-05-12T11:01:59.952040+00:00", "channel": "websocket", "level": "DEBUG", "msg": "ws_heartbeat", "data": {"latency_ms": 0}}
{"ts": "2026-05-12T11:02:29.943985+00:00", "channel": "websocket", "level": "DEBUG", "msg": "ws_heartbeat", "data": {"latency_ms": 0}}
{"ts": "2026-05-12T11:02:59.944125+00:00", "channel": "websocket", "level": "DEBUG", "msg": "ws_heartbeat", "data": {"latency_ms": 0}}
{"ts": "2026-05-12T11:03:29.947279+00:00", "channel": "websocket", "level": "DEBUG", "msg": "ws_heartbeat", "data": {"latency_ms": 0}}
{"ts": "2026-05-12T11:03:59.946052+00:00", "channel": "websocket", "level": "DEBUG", "msg": "ws_heartbeat", "data": {"latency_ms": 0}}
{"ts": "2026-05-12T11:04:29.947579+00:00", "channel": "websocket", "level": "DEBUG", "msg": "ws_heartbeat", "data": {"latency_ms": 0}}
{"ts": "2026-05-12T11:04:59.948065+00:00", "channel": "websocket", "level": "DEBUG", "msg": "ws_heartbeat", "data": {"latency_ms": 0}}
{"ts": "2026-05-12T11:05:29.949445+00:00", "channel": "websocket", "level": "DEBUG", "msg": "ws_heartbeat", "data": {"latency_ms": 0}}
{"ts": "2026-05-12T11:05:59.949785+00:00", "channel": "websocket", "level": "DEBUG", "msg": "ws_heartbeat", "data": {"latency_ms": 0}}
{"ts": "2026-05-12T11:06:29.951498+00:00", "channel": "websocket", "level": "DEBUG", "msg": "ws_heartbeat", "data": {"latency_ms": 0}}
{"ts": "2026-05-12T11:06:59.954197+00:00", "channel": "websocket", "level": "DEBUG", "msg": "ws_heartbeat", "data": {"latency_ms": 0}}
{"ts": "2026-05-12T11:07:29.954686+00:00", "channel": "websocket", "level": "DEBUG", "msg": "ws_heartbeat", "data": {"latency_ms": 0}}
{"ts": "2026-05-12T11:07:59.956195+00:00", "channel": "websocket", "level": "DEBUG", "msg": "ws_heartbeat", "data": {"latency_ms": 0}}
{"ts": "2026-05-12T11:08:29.957911+00:00", "channel": "websocket", "level": "DEBUG", "msg": "ws_heartbeat", "data": {"latency_ms": 0}}
{"ts": "2026-05-12T11:08:59.958641+00:00", "channel": "websocket", "level": "DEBUG", "msg": "ws_heartbeat", "data": {"latency_ms": 0}}
{"ts": "2026-05-12T11:09:29.959353+00:00", "channel": "websocket", "level": "DEBUG", "msg": "ws_heartbeat", "data": {"latency_ms": 0}}
{"ts": "2026-05-12T11:09:59.962051+00:00", "channel": "websocket", "level": "DEBUG", "msg": "ws_heartbeat", "data": {"latency_ms": 0}}
{"ts": "2026-05-12T11:10:29.960763+00:00", "channel": "websocket", "level": "DEBUG", "msg": "ws_heartbeat", "data": {"latency_ms": 0}}
{"ts": "2026-05-12T11:10:59.958667+00:00", "channel": "websocket", "level": "DEBUG", "msg": "ws_heartbeat", "data": {"latency_ms": 0}}
{"ts": "2026-05-12T11:11:29.960457+00:00", "channel": "websocket", "level": "DEBUG", "msg": "ws_heartbeat", "data": {"latency_ms": 0}}
{"ts": "2026-05-12T11:11:59.962088+00:00", "channel": "websocket", "level": "DEBUG", "msg": "ws_heartbeat", "data": {"latency_ms": 0}}
{"ts": "2026-05-12T11:12:29.963743+00:00", "channel": "websocket", "level": "DEBUG", "msg": "ws_heartbeat", "data": {"latency_ms": 0}}
{"ts": "2026-05-12T11:12:59.964186+00:00", "channel": "websocket", "level": "DEBUG", "msg": "ws_heartbeat", "data": {"latency_ms": 0}}
{"ts": "2026-05-12T11:13:29.969601+00:00", "channel": "websocket", "level": "DEBUG", "msg": "ws_heartbeat", "data": {"latency_ms": 0}}
{"ts": "2026-05-12T11:13:59.968160+00:00", "channel": "websocket", "level": "DEBUG", "msg": "ws_heartbeat", "data": {"latency_ms": 0}}
{"ts": "2026-05-12T11:14:29.967998+00:00", "channel": "websocket", "level": "DEBUG", "msg": "ws_heartbeat", "data": {"latency_ms": 0}}
{"ts": "2026-05-12T11:14:59.969011+00:00", "channel": "websocket", "level": "DEBUG", "msg": "ws_heartbeat", "data": {"latency_ms": 0}}
{"ts": "2026-05-12T11:15:29.973659+00:00", "channel": "websocket", "level": "DEBUG", "msg": "ws_heartbeat", "data": {"latency_ms": 0}}
{"ts": "2026-05-12T11:15:59.969850+00:00", "channel": "websocket", "level": "DEBUG", "msg": "ws_heartbeat", "data": {"latency_ms": 0}}
{"ts": "2026-05-12T11:16:29.971618+00:00", "channel": "websocket", "level": "DEBUG", "msg": "ws_heartbeat", "data": {"latency_ms": 0}}
{"ts": "2026-05-12T11:16:59.972006+00:00", "channel": "websocket", "level": "DEBUG", "msg": "ws_heartbeat", "data": {"latency_ms": 0}}
{"ts": "2026-05-12T11:17:29.972273+00:00", "channel": "websocket", "level": "DEBUG", "msg": "ws_heartbeat", "data": {"latency_ms": 0}}
{"ts": "2026-05-12T11:17:59.974928+00:00", "channel": "websocket", "level": "DEBUG", "msg": "ws_heartbeat", "data": {"latency_ms": 0}}
{"ts": "2026-05-12T11:18:29.975901+00:00", "channel": "websocket", "level": "DEBUG", "msg": "ws_heartbeat", "data": {"latency_ms": 0}}
{"ts": "2026-05-12T11:18:59.976890+00:00", "channel": "websocket", "level": "DEBUG", "msg": "ws_heartbeat", "data": {"latency_ms": 0}}
{"ts": "2026-05-12T11:19:29.975839+00:00", "channel": "websocket", "level": "DEBUG", "msg": "ws_heartbeat", "data": {"latency_ms": 0}}
{"ts": "2026-05-12T11:19:59.976810+00:00", "channel": "websocket", "level": "DEBUG", "msg": "ws_heartbeat", "data": {"latency_ms": 0}}
{"ts": "2026-05-12T11:20:29.981644+00:00", "channel": "websocket", "level": "DEBUG", "msg": "ws_heartbeat", "data": {"latency_ms": 0}}
{"ts": "2026-05-12T11:20:59.981232+00:00", "channel": "websocket", "level": "DEBUG", "msg": "ws_heartbeat", "data": {"latency_ms": 0}}
{"ts": "2026-05-12T11:21:29.979461+00:00", "channel": "websocket", "level": "DEBUG", "msg": "ws_heartbeat", "data": {"latency_ms": 0}}
{"ts": "2026-05-12T11:21:59.982315+00:00", "channel": "websocket", "level": "DEBUG", "msg": "ws_heartbeat", "data": {"latency_ms": 0}}
{"ts": "2026-05-12T11:22:29.981171+00:00", "channel": "websocket", "level": "DEBUG", "msg": "ws_heartbeat", "data": {"latency_ms": 0}}
{"ts": "2026-05-12T11:22:59.982855+00:00", "channel": "websocket", "level": "DEBUG", "msg": "ws_heartbeat", "data": {"latency_ms": 0}}
{"ts": "2026-05-12T11:23:29.983181+00:00", "channel": "websocket", "level": "DEBUG", "msg": "ws_heartbeat", "data": {"latency_ms": 0}}
{"ts": "2026-05-12T11:23:59.986074+00:00", "channel": "websocket", "level": "DEBUG", "msg": "ws_heartbeat", "data": {"latency_ms": 0}}
{"ts": "2026-05-12T11:24:29.985566+00:00", "channel": "websocket", "level": "DEBUG", "msg": "ws_heartbeat", "data": {"latency_ms": 0}}
{"ts": "2026-05-12T11:24:59.985310+00:00", "channel": "websocket", "level": "DEBUG", "msg": "ws_heartbeat", "data": {"latency_ms": 0}}
{"ts": "2026-05-12T11:25:29.986239+00:00", "channel": "websocket", "level": "DEBUG", "msg": "ws_heartbeat", "data": {"latency_ms": 0}}
{"ts": "2026-05-12T11:25:59.985615+00:00", "channel": "websocket", "level": "DEBUG", "msg": "ws_heartbeat", "data": {"latency_ms": 0}}
{"ts": "2026-05-12T11:26:29.988966+00:00", "channel": "websocket", "level": "DEBUG", "msg": "ws_heartbeat", "data": {"latency_ms": 0}}
{"ts": "2026-05-12T11:26:59.988294+00:00", "channel": "websocket", "level": "DEBUG", "msg": "ws_heartbeat", "data": {"latency_ms": 0}}
{"ts": "2026-05-12T11:27:29.989716+00:00", "channel": "websocket", "level": "DEBUG", "msg": "ws_heartbeat", "data": {"latency_ms": 0}}
{"ts": "2026-05-12T11:27:59.991992+00:00", "channel": "websocket", "level": "DEBUG", "msg": "ws_heartbeat", "data": {"latency_ms": 0}}
{"ts": "2026-05-12T11:28:29.990657+00:00", "channel": "websocket", "level": "DEBUG", "msg": "ws_heartbeat", "data": {"latency_ms": 0}}
{"ts": "2026-05-12T11:28:59.992622+00:00", "channel": "websocket", "level": "DEBUG", "msg": "ws_heartbeat", "data": {"latency_ms": 0}}
{"ts": "2026-05-12T11:29:29.992309+00:00", "channel": "websocket", "level": "DEBUG", "msg": "ws_heartbeat", "data": {"latency_ms": 0}}
{"ts": "2026-05-12T11:29:59.993534+00:00", "channel": "websocket", "level": "DEBUG", "msg": "ws_heartbeat", "data": {"latency_ms": 0}}
{"ts": "2026-05-12T11:30:29.993139+00:00", "channel": "websocket", "level": "DEBUG", "msg": "ws_heartbeat", "data": {"latency_ms": 0}}
{"ts": "2026-05-12T11:30:59.993435+00:00", "channel": "websocket", "level": "DEBUG", "msg": "ws_heartbeat", "data": {"latency_ms": 0}}
{"ts": "2026-05-12T11:31:29.994325+00:00", "channel": "websocket", "level": "DEBUG", "msg": "ws_heartbeat", "data": {"latency_ms": 0}}
{"ts": "2026-05-12T11:31:59.993051+00:00", "channel": "websocket", "level": "DEBUG", "msg": "ws_heartbeat", "data": {"latency_ms": 0}}
{"ts": "2026-05-12T11:32:29.993581+00:00", "channel": "websocket", "level": "DEBUG", "msg": "ws_heartbeat", "data": {"latency_ms": 0}}
{"ts": "2026-05-12T11:32:59.995063+00:00", "channel": "websocket", "level": "DEBUG", "msg": "ws_heartbeat", "data": {"latency_ms": 0}}
{"ts": "2026-05-12T11:33:30.006140+00:00", "channel": "websocket", "level": "DEBUG", "msg": "ws_heartbeat", "data": {"latency_ms": 0}}
{"ts": "2026-05-12T11:33:59.996164+00:00", "channel": "websocket", "level": "DEBUG", "msg": "ws_heartbeat", "data": {"latency_ms": 0}}
{"ts": "2026-05-12T11:34:29.996862+00:00", "channel": "websocket", "level": "DEBUG", "msg": "ws_heartbeat", "data": {"latency_ms": 0}}
{"ts": "2026-05-12T11:34:59.996307+00:00", "channel": "websocket", "level": "DEBUG", "msg": "ws_heartbeat", "data": {"latency_ms": 0}}
{"ts": "2026-05-12T11:35:30.000037+00:00", "channel": "websocket", "level": "DEBUG", "msg": "ws_heartbeat", "data": {"latency_ms": 0}}
{"ts": "2026-05-12T11:35:59.998385+00:00", "channel": "websocket", "level": "DEBUG", "msg": "ws_heartbeat", "data": {"latency_ms": 0}}
{"ts": "2026-05-12T11:36:29.997799+00:00", "channel": "websocket", "level": "DEBUG", "msg": "ws_heartbeat", "data": {"latency_ms": 0}}
{"ts": "2026-05-12T11:36:59.999083+00:00", "channel": "websocket", "level": "DEBUG", "msg": "ws_heartbeat", "data": {"latency_ms": 0}}
{"ts": "2026-05-12T11:37:30.001395+00:00", "channel": "websocket", "level": "DEBUG", "msg": "ws_heartbeat", "data": {"latency_ms": 0}}
{"ts": "2026-05-12T11:38:00.003126+00:00", "channel": "websocket", "level": "DEBUG", "msg": "ws_heartbeat", "data": {"latency_ms": 0}}
{"ts": "2026-05-12T11:38:30.002365+00:00", "channel": "websocket", "level": "DEBUG", "msg": "ws_heartbeat", "data": {"latency_ms": 0}}
{"ts": "2026-05-12T11:39:00.005182+00:00", "channel": "websocket", "level": "DEBUG", "msg": "ws_heartbeat", "data": {"latency_ms": 0}}
{"ts": "2026-05-12T11:39:30.004012+00:00", "channel": "websocket", "level": "DEBUG", "msg": "ws_heartbeat", "data": {"latency_ms": 0}}
{"ts": "2026-05-12T11:40:00.004124+00:00", "channel": "websocket", "level": "DEBUG", "msg": "ws_heartbeat", "data": {"latency_ms": 0}}
{"ts": "2026-05-12T11:40:30.005685+00:00", "channel": "websocket", "level": "DEBUG", "msg": "ws_heartbeat", "data": {"latency_ms": 0}}
{"ts": "2026-05-12T11:41:00.006052+00:00", "channel": "websocket", "level": "DEBUG", "msg": "ws_heartbeat", "data": {"latency_ms": 0}}
{"ts": "2026-05-12T11:41:30.007729+00:00", "channel": "websocket", "level": "DEBUG", "msg": "ws_heartbeat", "data": {"latency_ms": 0}}
{"ts": "2026-05-12T11:42:00.009842+00:00", "channel": "websocket", "level": "DEBUG", "msg": "ws_heartbeat", "data": {"latency_ms": 0}}
{"ts": "2026-05-12T11:42:30.010288+00:00", "channel": "websocket", "level": "DEBUG", "msg": "ws_heartbeat", "data": {"latency_ms": 0}}
{"ts": "2026-05-12T11:43:00.012956+00:00", "channel": "websocket", "level": "DEBUG", "msg": "ws_heartbeat", "data": {"latency_ms": 0}}
{"ts": "2026-05-12T11:43:30.017187+00:00", "channel": "websocket", "level": "DEBUG", "msg": "ws_heartbeat", "data": {"latency_ms": 0}}
{"ts": "2026-05-12T11:44:00.014689+00:00", "channel": "websocket", "level": "DEBUG", "msg": "ws_heartbeat", "data": {"latency_ms": 0}}
{"ts": "2026-05-12T11:44:30.015614+00:00", "channel": "websocket", "level": "DEBUG", "msg": "ws_heartbeat", "data": {"latency_ms": 0}}
{"ts": "2026-05-12T11:45:00.017932+00:00", "channel": "websocket", "level": "DEBUG", "msg": "ws_heartbeat", "data": {"latency_ms": 0}}
{"ts": "2026-05-12T11:45:30.016571+00:00", "channel": "websocket", "level": "DEBUG", "msg": "ws_heartbeat", "data": {"latency_ms": 0}}
{"ts": "2026-05-12T11:46:00.019630+00:00", "channel": "websocket", "level": "DEBUG", "msg": "ws_heartbeat", "data": {"latency_ms": 0}}
{"ts": "2026-05-12T11:46:30.016531+00:00", "channel": "websocket", "level": "DEBUG", "msg": "ws_heartbeat", "data": {"latency_ms": 0}}
{"ts": "2026-05-12T11:47:00.023436+00:00", "channel": "websocket", "level": "DEBUG", "msg": "ws_heartbeat", "data": {"latency_ms": 0}}
{"ts": "2026-05-12T11:47:30.033229+00:00", "channel": "websocket", "level": "DEBUG", "msg": "ws_heartbeat", "data": {"latency_ms": 0}}
{"ts": "2026-05-12T11:48:00.019208+00:00", "channel": "websocket", "level": "DEBUG", "msg": "ws_heartbeat", "data": {"latency_ms": 0}}
{"ts": "2026-05-12T11:48:30.019800+00:00", "channel": "websocket", "level": "DEBUG", "msg": "ws_heartbeat", "data": {"latency_ms": 0}}
{"ts": "2026-05-12T11:49:00.020305+00:00", "channel": "websocket", "level": "DEBUG", "msg": "ws_heartbeat", "data": {"latency_ms": 0}}
{"ts": "2026-05-12T11:49:30.021060+00:00", "channel": "websocket", "level": "DEBUG", "msg": "ws_heartbeat", "data": {"latency_ms": 0}}
{"ts": "2026-05-12T11:50:00.026438+00:00", "channel": "websocket", "level": "DEBUG", "msg": "ws_heartbeat", "data": {"latency_ms": 0}}
{"ts": "2026-05-12T11:50:30.022068+00:00", "channel": "websocket", "level": "DEBUG", "msg": "ws_heartbeat", "data": {"latency_ms": 0}}
{"ts": "2026-05-12T11:51:00.027106+00:00", "channel": "websocket", "level": "DEBUG", "msg": "ws_heartbeat", "data": {"latency_ms": 0}}
{"ts": "2026-05-12T11:51:30.024517+00:00", "channel": "websocket", "level": "DEBUG", "msg": "ws_heartbeat", "data": {"latency_ms": 0}}
{"ts": "2026-05-12T11:52:00.023699+00:00", "channel": "websocket", "level": "DEBUG", "msg": "ws_heartbeat", "data": {"latency_ms": 0}}
{"ts": "2026-05-12T11:52:30.030036+00:00", "channel": "websocket", "level": "DEBUG", "msg": "ws_heartbeat", "data": {"latency_ms": 0}}
{"ts": "2026-05-12T11:53:00.025972+00:00", "channel": "websocket", "level": "DEBUG", "msg": "ws_heartbeat", "data": {"latency_ms": 0}}
{"ts": "2026-05-12T11:53:30.026351+00:00", "channel": "websocket", "level": "DEBUG", "msg": "ws_heartbeat", "data": {"latency_ms": 0}}
{"ts": "2026-05-12T11:54:00.040865+00:00", "channel": "websocket", "level": "DEBUG", "msg": "ws_heartbeat", "data": {"latency_ms": 0}}
{"ts": "2026-05-12T11:54:30.025797+00:00", "channel": "websocket", "level": "DEBUG", "msg": "ws_heartbeat", "data": {"latency_ms": 0}}
{"ts": "2026-05-12T11:55:00.027806+00:00", "channel": "websocket", "level": "DEBUG", "msg": "ws_heartbeat", "data": {"latency_ms": 0}}
{"ts": "2026-05-12T11:55:30.029228+00:00", "channel": "websocket", "level": "DEBUG", "msg": "ws_heartbeat", "data": {"latency_ms": 0}}
{"ts": "2026-05-12T11:56:00.028573+00:00", "channel": "websocket", "level": "DEBUG", "msg": "ws_heartbeat", "data": {"latency_ms": 0}}
{"ts": "2026-05-12T11:56:30.029232+00:00", "channel": "websocket", "level": "DEBUG", "msg": "ws_heartbeat", "data": {"latency_ms": 0}}
{"ts": "2026-05-12T11:57:00.030983+00:00", "channel": "websocket", "level": "DEBUG", "msg": "ws_heartbeat", "data": {"latency_ms": 0}}
{"ts": "2026-05-12T11:57:30.030515+00:00", "channel": "websocket", "level": "DEBUG", "msg": "ws_heartbeat", "data": {"latency_ms": 0}}
{"ts": "2026-05-12T11:58:00.032754+00:00", "channel": "websocket", "level": "DEBUG", "msg": "ws_heartbeat", "data": {"latency_ms": 0}}
{"ts": "2026-05-12T11:58:30.033521+00:00", "channel": "websocket", "level": "DEBUG", "msg": "ws_heartbeat", "data": {"latency_ms": 0}}
{"ts": "2026-05-12T11:59:00.033124+00:00", "channel": "websocket", "level": "DEBUG", "msg": "ws_heartbeat", "data": {"latency_ms": 0}}
{"ts": "2026-05-12T11:59:30.032639+00:00", "channel": "websocket", "level": "DEBUG", "msg": "ws_heartbeat", "data": {"latency_ms": 0}}
{"ts": "2026-05-12T12:00:00.034993+00:00", "channel": "websocket", "level": "DEBUG", "msg": "ws_heartbeat", "data": {"latency_ms": 0}}
{"ts": "2026-05-12T12:00:30.034403+00:00", "channel": "websocket", "level": "DEBUG", "msg": "ws_heartbeat", "data": {"latency_ms": 0}}
{"ts": "2026-05-12T12:01:00.036522+00:00", "channel": "websocket", "level": "DEBUG", "msg": "ws_heartbeat", "data": {"latency_ms": 0}}
{"ts": "2026-05-12T12:01:30.038110+00:00", "channel": "websocket", "level": "DEBUG", "msg": "ws_heartbeat", "data": {"latency_ms": 0}}
{"ts": "2026-05-12T12:02:00.038805+00:00", "channel": "websocket", "level": "DEBUG", "msg": "ws_heartbeat", "data": {"latency_ms": 0}}
{"ts": "2026-05-12T12:02:30.040702+00:00", "channel": "websocket", "level": "DEBUG", "msg": "ws_heartbeat", "data": {"latency_ms": 0}}
{"ts": "2026-05-12T12:03:00.042024+00:00", "channel": "websocket", "level": "DEBUG", "msg": "ws_heartbeat", "data": {"latency_ms": 0}}
{"ts": "2026-05-12T12:03:30.043890+00:00", "channel": "websocket", "level": "DEBUG", "msg": "ws_heartbeat", "data": {"latency_ms": 0}}
{"ts": "2026-05-12T12:04:00.046156+00:00", "channel": "websocket", "level": "DEBUG", "msg": "ws_heartbeat", "data": {"latency_ms": 0}}
{"ts": "2026-05-12T12:04:30.044384+00:00", "channel": "websocket", "level": "DEBUG", "msg": "ws_heartbeat", "data": {"latency_ms": 0}}
{"ts": "2026-05-12T12:05:00.044874+00:00", "channel": "websocket", "level": "DEBUG", "msg": "ws_heartbeat", "data": {"latency_ms": 0}}
{"ts": "2026-05-12T12:05:30.049509+00:00", "channel": "websocket", "level": "DEBUG", "msg": "ws_heartbeat", "data": {"latency_ms": 0}}
{"ts": "2026-05-12T12:06:00.046426+00:00", "channel": "websocket", "level": "DEBUG", "msg": "ws_heartbeat", "data": {"latency_ms": 0}}
{"ts": "2026-05-12T12:06:30.047429+00:00", "channel": "websocket", "level": "DEBUG", "msg": "ws_heartbeat", "data": {"latency_ms": 0}}
{"ts": "2026-05-12T12:07:00.050328+00:00", "channel": "websocket", "level": "DEBUG", "msg": "ws_heartbeat", "data": {"latency_ms": 0}}
{"ts": "2026-05-12T12:07:30.050921+00:00", "channel": "websocket", "level": "DEBUG", "msg": "ws_heartbeat", "data": {"latency_ms": 0}}
{"ts": "2026-05-12T12:08:00.051200+00:00", "channel": "websocket", "level": "DEBUG", "msg": "ws_heartbeat", "data": {"latency_ms": 0}}
{"ts": "2026-05-12T12:08:30.051937+00:00", "channel": "websocket", "level": "DEBUG", "msg": "ws_heartbeat", "data": {"latency_ms": 0}}
{"ts": "2026-05-12T12:09:00.052955+00:00", "channel": "websocket", "level": "DEBUG", "msg": "ws_heartbeat", "data": {"latency_ms": 0}}
{"ts": "2026-05-12T12:09:30.054431+00:00", "channel": "websocket", "level": "DEBUG", "msg": "ws_heartbeat", "data": {"latency_ms": 0}}
{"ts": "2026-05-12T12:10:00.055687+00:00", "channel": "websocket", "level": "DEBUG", "msg": "ws_heartbeat", "data": {"latency_ms": 0}}
{"ts": "2026-05-12T12:10:30.056171+00:00", "channel": "websocket", "level": "DEBUG", "msg": "ws_heartbeat", "data": {"latency_ms": 0}}
{"ts": "2026-05-12T12:11:00.057792+00:00", "channel": "websocket", "level": "DEBUG", "msg": "ws_heartbeat", "data": {"latency_ms": 0}}
{"ts": "2026-05-12T12:11:30.058184+00:00", "channel": "websocket", "level": "DEBUG", "msg": "ws_heartbeat", "data": {"latency_ms": 0}}
{"ts": "2026-05-12T12:12:00.057609+00:00", "channel": "websocket", "level": "DEBUG", "msg": "ws_heartbeat", "data": {"latency_ms": 0}}
{"ts": "2026-05-12T12:12:30.058350+00:00", "channel": "websocket", "level": "DEBUG", "msg": "ws_heartbeat", "data": {"latency_ms": 0}}
{"ts": "2026-05-12T12:13:00.057704+00:00", "channel": "websocket", "level": "DEBUG", "msg": "ws_heartbeat", "data": {"latency_ms": 0}}
{"ts": "2026-05-12T12:13:30.061320+00:00", "channel": "websocket", "level": "DEBUG", "msg": "ws_heartbeat", "data": {"latency_ms": 0}}
{"ts": "2026-05-12T12:14:00.061237+00:00", "channel": "websocket", "level": "DEBUG", "msg": "ws_heartbeat", "data": {"latency_ms": 0}}
{"ts": "2026-05-12T12:14:30.063544+00:00", "channel": "websocket", "level": "DEBUG", "msg": "ws_heartbeat", "data": {"latency_ms": 0}}
{"ts": "2026-05-12T12:15:00.061856+00:00", "channel": "websocket", "level": "DEBUG", "msg": "ws_heartbeat", "data": {"latency_ms": 0}}
{"ts": "2026-05-12T12:15:30.065065+00:00", "channel": "websocket", "level": "DEBUG", "msg": "ws_heartbeat", "data": {"latency_ms": 0}}
{"ts": "2026-05-12T12:16:00.064558+00:00", "channel": "websocket", "level": "DEBUG", "msg": "ws_heartbeat", "data": {"latency_ms": 0}}
{"ts": "2026-05-12T12:16:30.065563+00:00", "channel": "websocket", "level": "DEBUG", "msg": "ws_heartbeat", "data": {"latency_ms": 0}}
{"ts": "2026-05-12T12:17:00.063931+00:00", "channel": "websocket", "level": "DEBUG", "msg": "ws_heartbeat", "data": {"latency_ms": 0}}
{"ts": "2026-05-12T12:17:30.065171+00:00", "channel": "websocket", "level": "DEBUG", "msg": "ws_heartbeat", "data": {"latency_ms": 0}}
{"ts": "2026-05-12T12:18:00.065030+00:00", "channel": "websocket", "level": "DEBUG", "msg": "ws_heartbeat", "data": {"latency_ms": 0}}
{"ts": "2026-05-12T12:18:30.064531+00:00", "channel": "websocket", "level": "DEBUG", "msg": "ws_heartbeat", "data": {"latency_ms": 0}}
{"ts": "2026-05-12T12:19:00.065102+00:00", "channel": "websocket", "level": "DEBUG", "msg": "ws_heartbeat", "data": {"latency_ms": 0}}
{"ts": "2026-05-12T12:19:30.066524+00:00", "channel": "websocket", "level": "DEBUG", "msg": "ws_heartbeat", "data": {"latency_ms": 0}}
{"ts": "2026-05-12T12:20:00.094083+00:00", "channel": "websocket", "level": "DEBUG", "msg": "ws_heartbeat", "data": {"latency_ms": 0}}
{"ts": "2026-05-12T12:20:30.066755+00:00", "channel": "websocket", "level": "DEBUG", "msg": "ws_heartbeat", "data": {"latency_ms": 0}}
{"ts": "2026-05-12T12:21:00.067997+00:00", "channel": "websocket", "level": "DEBUG", "msg": "ws_heartbeat", "data": {"latency_ms": 0}}
{"ts": "2026-05-12T12:21:30.070409+00:00", "channel": "websocket", "level": "DEBUG", "msg": "ws_heartbeat", "data": {"latency_ms": 0}}
{"ts": "2026-05-12T12:22:00.069007+00:00", "channel": "websocket", "level": "DEBUG", "msg": "ws_heartbeat", "data": {"latency_ms": 0}}
{"ts": "2026-05-12T12:22:30.071994+00:00", "channel": "websocket", "level": "DEBUG", "msg": "ws_heartbeat", "data": {"latency_ms": 0}}
{"ts": "2026-05-12T12:23:00.070156+00:00", "channel": "websocket", "level": "DEBUG", "msg": "ws_heartbeat", "data": {"latency_ms": 0}}
{"ts": "2026-05-12T12:23:30.071085+00:00", "channel": "websocket", "level": "DEBUG", "msg": "ws_heartbeat", "data": {"latency_ms": 0}}
{"ts": "2026-05-12T12:24:00.071061+00:00", "channel": "websocket", "level": "DEBUG", "msg": "ws_heartbeat", "data": {"latency_ms": 0}}
{"ts": "2026-05-12T12:24:30.073513+00:00", "channel": "websocket", "level": "DEBUG", "msg": "ws_heartbeat", "data": {"latency_ms": 0}}
{"ts": "2026-05-12T12:25:00.074277+00:00", "channel": "websocket", "level": "DEBUG", "msg": "ws_heartbeat", "data": {"latency_ms": 0}}
{"ts": "2026-05-12T12:25:30.074956+00:00", "channel": "websocket", "level": "DEBUG", "msg": "ws_heartbeat", "data": {"latency_ms": 0}}
{"ts": "2026-05-12T12:26:00.075983+00:00", "channel": "websocket", "level": "DEBUG", "msg": "ws_heartbeat", "data": {"latency_ms": 0}}
{"ts": "2026-05-12T12:26:30.075960+00:00", "channel": "websocket", "level": "DEBUG", "msg": "ws_heartbeat", "data": {"latency_ms": 0}}
{"ts": "2026-05-12T12:27:00.078486+00:00", "channel": "websocket", "level": "DEBUG", "msg": "ws_heartbeat", "data": {"latency_ms": 0}}
{"ts": "2026-05-12T12:27:30.079431+00:00", "channel": "websocket", "level": "DEBUG", "msg": "ws_heartbeat", "data": {"latency_ms": 0}}
{"ts": "2026-05-12T12:28:00.079773+00:00", "channel": "websocket", "level": "DEBUG", "msg": "ws_heartbeat", "data": {"latency_ms": 0}}
{"ts": "2026-05-12T12:28:30.080307+00:00", "channel": "websocket", "level": "DEBUG", "msg": "ws_heartbeat", "data": {"latency_ms": 0}}
{"ts": "2026-05-12T12:29:00.080599+00:00", "channel": "websocket", "level": "DEBUG", "msg": "ws_heartbeat", "data": {"latency_ms": 0}}
{"ts": "2026-05-12T12:29:30.082816+00:00", "channel": "websocket", "level": "DEBUG", "msg": "ws_heartbeat", "data": {"latency_ms": 0}}
{"ts": "2026-05-12T12:30:00.087217+00:00", "channel": "websocket", "level": "DEBUG", "msg": "ws_heartbeat", "data": {"latency_ms": 0}}
{"ts": "2026-05-12T12:30:30.086891+00:00", "channel": "websocket", "level": "DEBUG", "msg": "ws_heartbeat", "data": {"latency_ms": 0}}
{"ts": "2026-05-12T12:31:00.089089+00:00", "channel": "websocket", "level": "DEBUG", "msg": "ws_heartbeat", "data": {"latency_ms": 0}}
{"ts": "2026-05-12T12:31:30.090430+00:00", "channel": "websocket", "level": "DEBUG", "msg": "ws_heartbeat", "data": {"latency_ms": 0}}
{"ts": "2026-05-12T12:32:00.090762+00:00", "channel": "websocket", "level": "DEBUG", "msg": "ws_heartbeat", "data": {"latency_ms": 0}}
{"ts": "2026-05-12T12:32:30.090155+00:00", "channel": "websocket", "level": "DEBUG", "msg": "ws_heartbeat", "data": {"latency_ms": 0}}
{"ts": "2026-05-12T12:33:00.092423+00:00", "channel": "websocket", "level": "DEBUG", "msg": "ws_heartbeat", "data": {"latency_ms": 0}}
{"ts": "2026-05-12T12:33:30.093490+00:00", "channel": "websocket", "level": "DEBUG", "msg": "ws_heartbeat", "data": {"latency_ms": 0}}
{"ts": "2026-05-12T12:34:00.091925+00:00", "channel": "websocket", "level": "DEBUG", "msg": "ws_heartbeat", "data": {"latency_ms": 0}}
{"ts": "2026-05-12T12:34:30.095033+00:00", "channel": "websocket", "level": "DEBUG", "msg": "ws_heartbeat", "data": {"latency_ms": 0}}
{"ts": "2026-05-12T12:35:00.095658+00:00", "channel": "websocket", "level": "DEBUG", "msg": "ws_heartbeat", "data": {"latency_ms": 0}}
{"ts": "2026-05-12T12:35:30.098184+00:00", "channel": "websocket", "level": "DEBUG", "msg": "ws_heartbeat", "data": {"latency_ms": 0}}
{"ts": "2026-05-12T12:36:00.099400+00:00", "channel": "websocket", "level": "DEBUG", "msg": "ws_heartbeat", "data": {"latency_ms": 0}}
{"ts": "2026-05-12T12:36:30.099616+00:00", "channel": "websocket", "level": "DEBUG", "msg": "ws_heartbeat", "data": {"latency_ms": 0}}
{"ts": "2026-05-12T12:37:00.100646+00:00", "channel": "websocket", "level": "DEBUG", "msg": "ws_heartbeat", "data": {"latency_ms": 0}}
{"ts": "2026-05-12T12:37:30.100535+00:00", "channel": "websocket", "level": "DEBUG", "msg": "ws_heartbeat", "data": {"latency_ms": 0}}
{"ts": "2026-05-12T12:38:00.102660+00:00", "channel": "websocket", "level": "DEBUG", "msg": "ws_heartbeat", "data": {"latency_ms": 0}}
{"ts": "2026-05-12T12:38:30.103414+00:00", "channel": "websocket", "level": "DEBUG", "msg": "ws_heartbeat", "data": {"latency_ms": 0}}
{"ts": "2026-05-12T12:39:00.102847+00:00", "channel": "websocket", "level": "DEBUG", "msg": "ws_heartbeat", "data": {"latency_ms": 0}}
{"ts": "2026-05-12T12:39:30.103837+00:00", "channel": "websocket", "level": "DEBUG", "msg": "ws_heartbeat", "data": {"latency_ms": 0}}
{"ts": "2026-05-12T12:40:00.110024+00:00", "channel": "websocket", "level": "DEBUG", "msg": "ws_heartbeat", "data": {"latency_ms": 0}}
{"ts": "2026-05-12T12:40:30.104620+00:00", "channel": "websocket", "level": "DEBUG", "msg": "ws_heartbeat", "data": {"latency_ms": 0}}
{"ts": "2026-05-12T12:41:00.105920+00:00", "channel": "websocket", "level": "DEBUG", "msg": "ws_heartbeat", "data": {"latency_ms": 0}}
{"ts": "2026-05-12T12:41:30.104607+00:00", "channel": "websocket", "level": "DEBUG", "msg": "ws_heartbeat", "data": {"latency_ms": 0}}
{"ts": "2026-05-12T12:42:00.107903+00:00", "channel": "websocket", "level": "DEBUG", "msg": "ws_heartbeat", "data": {"latency_ms": 0}}
{"ts": "2026-05-12T12:42:30.106599+00:00", "channel": "websocket", "level": "DEBUG", "msg": "ws_heartbeat", "data": {"latency_ms": 0}}
{"ts": "2026-05-12T12:43:00.106239+00:00", "channel": "websocket", "level": "DEBUG", "msg": "ws_heartbeat", "data": {"latency_ms": 0}}
{"ts": "2026-05-12T12:43:30.107395+00:00", "channel": "websocket", "level": "DEBUG", "msg": "ws_heartbeat", "data": {"latency_ms": 0}}
{"ts": "2026-05-12T12:44:00.106769+00:00", "channel": "websocket", "level": "DEBUG", "msg": "ws_heartbeat", "data": {"latency_ms": 0}}
{"ts": "2026-05-12T12:44:30.106599+00:00", "channel": "websocket", "level": "DEBUG", "msg": "ws_heartbeat", "data": {"latency_ms": 0}}
{"ts": "2026-05-12T12:45:00.107562+00:00", "channel": "websocket", "level": "DEBUG", "msg": "ws_heartbeat", "data": {"latency_ms": 0}}
{"ts": "2026-05-12T12:45:30.111904+00:00", "channel": "websocket", "level": "DEBUG", "msg": "ws_heartbeat", "data": {"latency_ms": 0}}
{"ts": "2026-05-12T12:46:00.110357+00:00", "channel": "websocket", "level": "DEBUG", "msg": "ws_heartbeat", "data": {"latency_ms": 0}}
{"ts": "2026-05-12T12:46:30.112747+00:00", "channel": "websocket", "level": "DEBUG", "msg": "ws_heartbeat", "data": {"latency_ms": 0}}
{"ts": "2026-05-12T12:47:00.112370+00:00", "channel": "websocket", "level": "DEBUG", "msg": "ws_heartbeat", "data": {"latency_ms": 0}}
{"ts": "2026-05-12T12:47:30.112715+00:00", "channel": "websocket", "level": "DEBUG", "msg": "ws_heartbeat", "data": {"latency_ms": 0}}
{"ts": "2026-05-12T12:48:00.111874+00:00", "channel": "websocket", "level": "DEBUG", "msg": "ws_heartbeat", "data": {"latency_ms": 0}}
{"ts": "2026-05-12T12:48:30.122096+00:00", "channel": "websocket", "level": "DEBUG", "msg": "ws_heartbeat", "data": {"latency_ms": 0}}
{"ts": "2026-05-12T12:48:53.589277+00:00", "channel": "websocket", "level": "WARNING", "msg": "ws_disconnect", "data": {"socket_id": "R0YE2LtN7tMbv04MAAAA", "reason": "socket.io_disconnect", "total_disconnections": 70}}
{"ts": "2026-05-12T12:48:59.610406+00:00", "channel": "websocket", "level": "INFO", "msg": "ws_backoff", "data": {"delay_s": 10, "attempt": 71}}
{"ts": "2026-05-12T12:49:00.037650+00:00", "channel": "websocket", "level": "INFO", "msg": "ws_connect", "data": {"socket_id": "dX0jXqnYRpJlVqQOAAAA", "ip": "https://ibrahim-backend-production.up.railway.app"}}
{"ts": "2026-05-12T12:49:29.734061+00:00", "channel": "websocket", "level": "DEBUG", "msg": "ws_heartbeat", "data": {"latency_ms": 0}}
{"ts": "2026-05-12T12:49:59.734297+00:00", "channel": "websocket", "level": "DEBUG", "msg": "ws_heartbeat", "data": {"latency_ms": 0}}
{"ts": "2026-05-12T12:50:29.733080+00:00", "channel": "websocket", "level": "DEBUG", "msg": "ws_heartbeat", "data": {"latency_ms": 0}}
{"ts": "2026-05-12T12:50:59.736996+00:00", "channel": "websocket", "level": "DEBUG", "msg": "ws_heartbeat", "data": {"latency_ms": 0}}
{"ts": "2026-05-12T12:51:29.737168+00:00", "channel": "websocket", "level": "DEBUG", "msg": "ws_heartbeat", "data": {"latency_ms": 0}}
{"ts": "2026-05-12T12:51:59.739269+00:00", "channel": "websocket", "level": "DEBUG", "msg": "ws_heartbeat", "data": {"latency_ms": 0}}
{"ts": "2026-05-12T12:52:29.738204+00:00", "channel": "websocket", "level": "DEBUG", "msg": "ws_heartbeat", "data": {"latency_ms": 0}}
{"ts": "2026-05-12T12:52:59.740393+00:00", "channel": "websocket", "level": "DEBUG", "msg": "ws_heartbeat", "data": {"latency_ms": 0}}
{"ts": "2026-05-12T12:53:29.739420+00:00", "channel": "websocket", "level": "DEBUG", "msg": "ws_heartbeat", "data": {"latency_ms": 0}}
{"ts": "2026-05-12T12:53:59.740414+00:00", "channel": "websocket", "level": "DEBUG", "msg": "ws_heartbeat", "data": {"latency_ms": 0}}
{"ts": "2026-05-12T12:54:29.740588+00:00", "channel": "websocket", "level": "DEBUG", "msg": "ws_heartbeat", "data": {"latency_ms": 0}}
{"ts": "2026-05-12T12:54:59.744010+00:00", "channel": "websocket", "level": "DEBUG", "msg": "ws_heartbeat", "data": {"latency_ms": 0}}
{"ts": "2026-05-12T12:55:29.742956+00:00", "channel": "websocket", "level": "DEBUG", "msg": "ws_heartbeat", "data": {"latency_ms": 0}}
{"ts": "2026-05-12T12:55:59.745385+00:00", "channel": "websocket", "level": "DEBUG", "msg": "ws_heartbeat", "data": {"latency_ms": 0}}
{"ts": "2026-05-12T12:56:29.745085+00:00", "channel": "websocket", "level": "DEBUG", "msg": "ws_heartbeat", "data": {"latency_ms": 0}}
{"ts": "2026-05-12T12:56:59.745450+00:00", "channel": "websocket", "level": "DEBUG", "msg": "ws_heartbeat", "data": {"latency_ms": 0}}
{"ts": "2026-05-12T12:57:29.747749+00:00", "channel": "websocket", "level": "DEBUG", "msg": "ws_heartbeat", "data": {"latency_ms": 0}}
{"ts": "2026-05-12T12:57:59.748115+00:00", "channel": "websocket", "level": "DEBUG", "msg": "ws_heartbeat", "data": {"latency_ms": 0}}
{"ts": "2026-05-12T12:58:29.748993+00:00", "channel": "websocket", "level": "DEBUG", "msg": "ws_heartbeat", "data": {"latency_ms": 0}}
{"ts": "2026-05-12T12:58:59.751600+00:00", "channel": "websocket", "level": "DEBUG", "msg": "ws_heartbeat", "data": {"latency_ms": 0}}
{"ts": "2026-05-12T12:59:29.753359+00:00", "channel": "websocket", "level": "DEBUG", "msg": "ws_heartbeat", "data": {"latency_ms": 0}}
{"ts": "2026-05-12T12:59:59.751655+00:00", "channel": "websocket", "level": "DEBUG", "msg": "ws_heartbeat", "data": {"latency_ms": 0}}
{"ts": "2026-05-12T13:00:29.753788+00:00", "channel": "websocket", "level": "DEBUG", "msg": "ws_heartbeat", "data": {"latency_ms": 0}}
{"ts": "2026-05-12T13:00:59.755239+00:00", "channel": "websocket", "level": "DEBUG", "msg": "ws_heartbeat", "data": {"latency_ms": 0}}
{"ts": "2026-05-12T13:01:29.754459+00:00", "channel": "websocket", "level": "DEBUG", "msg": "ws_heartbeat", "data": {"latency_ms": 0}}
{"ts": "2026-05-12T13:01:59.756506+00:00", "channel": "websocket", "level": "DEBUG", "msg": "ws_heartbeat", "data": {"latency_ms": 0}}
{"ts": "2026-05-12T13:02:29.757578+00:00", "channel": "websocket", "level": "DEBUG", "msg": "ws_heartbeat", "data": {"latency_ms": 0}}
{"ts": "2026-05-12T13:02:59.759485+00:00", "channel": "websocket", "level": "DEBUG", "msg": "ws_heartbeat", "data": {"latency_ms": 0}}
{"ts": "2026-05-12T13:03:29.761924+00:00", "channel": "websocket", "level": "DEBUG", "msg": "ws_heartbeat", "data": {"latency_ms": 0}}
{"ts": "2026-05-12T13:03:59.760200+00:00", "channel": "websocket", "level": "DEBUG", "msg": "ws_heartbeat", "data": {"latency_ms": 0}}
{"ts": "2026-05-12T13:04:29.769250+00:00", "channel": "websocket", "level": "DEBUG", "msg": "ws_heartbeat", "data": {"latency_ms": 0}}
{"ts": "2026-05-12T13:04:59.770751+00:00", "channel": "websocket", "level": "DEBUG", "msg": "ws_heartbeat", "data": {"latency_ms": 0}}
{"ts": "2026-05-12T13:05:29.765208+00:00", "channel": "websocket", "level": "DEBUG", "msg": "ws_heartbeat", "data": {"latency_ms": 0}}
{"ts": "2026-05-12T13:05:59.764947+00:00", "channel": "websocket", "level": "DEBUG", "msg": "ws_heartbeat", "data": {"latency_ms": 0}}
{"ts": "2026-05-12T13:06:29.768544+00:00", "channel": "websocket", "level": "DEBUG", "msg": "ws_heartbeat", "data": {"latency_ms": 0}}
{"ts": "2026-05-12T13:06:59.768397+00:00", "channel": "websocket", "level": "DEBUG", "msg": "ws_heartbeat", "data": {"latency_ms": 0}}
{"ts": "2026-05-12T13:07:29.770663+00:00", "channel": "websocket", "level": "DEBUG", "msg": "ws_heartbeat", "data": {"latency_ms": 0}}
{"ts": "2026-05-12T13:07:59.773013+00:00", "channel": "websocket", "level": "DEBUG", "msg": "ws_heartbeat", "data": {"latency_ms": 0}}
{"ts": "2026-05-12T13:08:29.777265+00:00", "channel": "websocket", "level": "DEBUG", "msg": "ws_heartbeat", "data": {"latency_ms": 0}}
{"ts": "2026-05-12T13:08:44.727585+00:00", "channel": "websocket", "level": "WARNING", "msg": "ws_disconnect", "data": {"socket_id": "dX0jXqnYRpJlVqQOAAAA", "reason": "socket.io_disconnect", "total_disconnections": 71}}
{"ts": "2026-05-12T13:08:50.738142+00:00", "channel": "websocket", "level": "INFO", "msg": "ws_backoff", "data": {"delay_s": 10, "attempt": 72}}
{"ts": "2026-05-12T13:08:51.190234+00:00", "channel": "websocket", "level": "INFO", "msg": "ws_connect", "data": {"socket_id": "TyLQn3Lveq1vJFpAAAAA", "ip": "https://ibrahim-backend-production.up.railway.app"}}
{"ts": "2026-05-12T13:09:20.888587+00:00", "channel": "websocket", "level": "DEBUG", "msg": "ws_heartbeat", "data": {"latency_ms": 0}}
{"ts": "2026-05-12T13:09:50.887627+00:00", "channel": "websocket", "level": "DEBUG", "msg": "ws_heartbeat", "data": {"latency_ms": 0}}
{"ts": "2026-05-12T13:10:20.889234+00:00", "channel": "websocket", "level": "DEBUG", "msg": "ws_heartbeat", "data": {"latency_ms": 0}}
{"ts": "2026-05-12T13:10:50.889847+00:00", "channel": "websocket", "level": "DEBUG", "msg": "ws_heartbeat", "data": {"latency_ms": 0}}
{"ts": "2026-05-12T13:11:20.890917+00:00", "channel": "websocket", "level": "DEBUG", "msg": "ws_heartbeat", "data": {"latency_ms": 0}}
{"ts": "2026-05-12T13:11:50.892265+00:00", "channel": "websocket", "level": "DEBUG", "msg": "ws_heartbeat", "data": {"latency_ms": 0}}
{"ts": "2026-05-12T13:12:20.891982+00:00", "channel": "websocket", "level": "DEBUG", "msg": "ws_heartbeat", "data": {"latency_ms": 0}}
{"ts": "2026-05-12T13:12:50.894245+00:00", "channel": "websocket", "level": "DEBUG", "msg": "ws_heartbeat", "data": {"latency_ms": 0}}
{"ts": "2026-05-12T13:13:20.894646+00:00", "channel": "websocket", "level": "DEBUG", "msg": "ws_heartbeat", "data": {"latency_ms": 0}}
{"ts": "2026-05-12T13:13:50.894404+00:00", "channel": "websocket", "level": "DEBUG", "msg": "ws_heartbeat", "data": {"latency_ms": 0}}
{"ts": "2026-05-12T13:14:20.910845+00:00", "channel": "websocket", "level": "DEBUG", "msg": "ws_heartbeat", "data": {"latency_ms": 0}}
{"ts": "2026-05-12T13:14:50.894543+00:00", "channel": "websocket", "level": "DEBUG", "msg": "ws_heartbeat", "data": {"latency_ms": 0}}
{"ts": "2026-05-12T13:15:20.896036+00:00", "channel": "websocket", "level": "DEBUG", "msg": "ws_heartbeat", "data": {"latency_ms": 0}}
{"ts": "2026-05-12T13:15:50.898030+00:00", "channel": "websocket", "level": "DEBUG", "msg": "ws_heartbeat", "data": {"latency_ms": 0}}
{"ts": "2026-05-12T13:16:20.897472+00:00", "channel": "websocket", "level": "DEBUG", "msg": "ws_heartbeat", "data": {"latency_ms": 0}}
{"ts": "2026-05-12T13:16:50.910971+00:00", "channel": "websocket", "level": "DEBUG", "msg": "ws_heartbeat", "data": {"latency_ms": 0}}
{"ts": "2026-05-12T13:17:20.902377+00:00", "channel": "websocket", "level": "DEBUG", "msg": "ws_heartbeat", "data": {"latency_ms": 0}}
{"ts": "2026-05-12T13:17:50.908520+00:00", "channel": "websocket", "level": "DEBUG", "msg": "ws_heartbeat", "data": {"latency_ms": 0}}
{"ts": "2026-05-12T13:18:20.902456+00:00", "channel": "websocket", "level": "DEBUG", "msg": "ws_heartbeat", "data": {"latency_ms": 0}}
{"ts": "2026-05-12T13:18:50.907367+00:00", "channel": "websocket", "level": "DEBUG", "msg": "ws_heartbeat", "data": {"latency_ms": 0}}
{"ts": "2026-05-12T13:19:20.903287+00:00", "channel": "websocket", "level": "DEBUG", "msg": "ws_heartbeat", "data": {"latency_ms": 0}}
{"ts": "2026-05-12T13:19:50.905197+00:00", "channel": "websocket", "level": "DEBUG", "msg": "ws_heartbeat", "data": {"latency_ms": 0}}
{"ts": "2026-05-12T13:20:20.904327+00:00", "channel": "websocket", "level": "DEBUG", "msg": "ws_heartbeat", "data": {"latency_ms": 0}}
{"ts": "2026-05-12T13:20:50.905642+00:00", "channel": "websocket", "level": "DEBUG", "msg": "ws_heartbeat", "data": {"latency_ms": 0}}
{"ts": "2026-05-12T13:21:20.905463+00:00", "channel": "websocket", "level": "DEBUG", "msg": "ws_heartbeat", "data": {"latency_ms": 0}}
{"ts": "2026-05-12T13:21:50.926942+00:00", "channel": "websocket", "level": "DEBUG", "msg": "ws_heartbeat", "data": {"latency_ms": 0}}
{"ts": "2026-05-12T13:22:20.906919+00:00", "channel": "websocket", "level": "DEBUG", "msg": "ws_heartbeat", "data": {"latency_ms": 0}}
{"ts": "2026-05-12T13:22:50.910113+00:00", "channel": "websocket", "level": "DEBUG", "msg": "ws_heartbeat", "data": {"latency_ms": 0}}
{"ts": "2026-05-12T13:23:16.937884+00:00", "channel": "websocket", "level": "WARNING", "msg": "ws_disconnect", "data": {"socket_id": "TyLQn3Lveq1vJFpAAAAA", "reason": "socket.io_disconnect", "total_disconnections": 72}}
{"ts": "2026-05-12T13:23:22.953404+00:00", "channel": "websocket", "level": "INFO", "msg": "ws_backoff", "data": {"delay_s": 10, "attempt": 73}}
{"ts": "2026-05-12T13:23:23.497045+00:00", "channel": "websocket", "level": "INFO", "msg": "ws_connect", "data": {"socket_id": "nEzJ_A8ZWtMX291UAAAA", "ip": "https://ibrahim-backend-production.up.railway.app"}}
{"ts": "2026-05-12T13:23:53.193369+00:00", "channel": "websocket", "level": "DEBUG", "msg": "ws_heartbeat", "data": {"latency_ms": 0}}
{"ts": "2026-05-12T13:24:23.195528+00:00", "channel": "websocket", "level": "DEBUG", "msg": "ws_heartbeat", "data": {"latency_ms": 0}}
{"ts": "2026-05-12T13:24:53.195314+00:00", "channel": "websocket", "level": "DEBUG", "msg": "ws_heartbeat", "data": {"latency_ms": 0}}
{"ts": "2026-05-12T13:25:23.194940+00:00", "channel": "websocket", "level": "DEBUG", "msg": "ws_heartbeat", "data": {"latency_ms": 0}}
{"ts": "2026-05-12T13:25:53.194606+00:00", "channel": "websocket", "level": "DEBUG", "msg": "ws_heartbeat", "data": {"latency_ms": 0}}
{"ts": "2026-05-12T13:26:23.196775+00:00", "channel": "websocket", "level": "DEBUG", "msg": "ws_heartbeat", "data": {"latency_ms": 0}}
{"ts": "2026-05-12T13:26:53.195884+00:00", "channel": "websocket", "level": "DEBUG", "msg": "ws_heartbeat", "data": {"latency_ms": 0}}
{"ts": "2026-05-12T13:27:23.202174+00:00", "channel": "websocket", "level": "DEBUG", "msg": "ws_heartbeat", "data": {"latency_ms": 0}}
{"ts": "2026-05-12T13:28:01.189000+00:00", "channel": "websocket", "level": "DEBUG", "msg": "ws_heartbeat", "data": {"latency_ms": 0}}
{"ts": "2026-05-12T13:28:23.198228+00:00", "channel": "websocket", "level": "DEBUG", "msg": "ws_heartbeat", "data": {"latency_ms": 0}}
{"ts": "2026-05-12T13:28:53.199955+00:00", "channel": "websocket", "level": "DEBUG", "msg": "ws_heartbeat", "data": {"latency_ms": 0}}
{"ts": "2026-05-12T13:29:23.202125+00:00", "channel": "websocket", "level": "DEBUG", "msg": "ws_heartbeat", "data": {"latency_ms": 0}}
{"ts": "2026-05-12T13:29:53.201263+00:00", "channel": "websocket", "level": "DEBUG", "msg": "ws_heartbeat", "data": {"latency_ms": 0}}
{"ts": "2026-05-12T13:30:23.200497+00:00", "channel": "websocket", "level": "DEBUG", "msg": "ws_heartbeat", "data": {"latency_ms": 0}}
{"ts": "2026-05-12T13:30:53.200058+00:00", "channel": "websocket", "level": "DEBUG", "msg": "ws_heartbeat", "data": {"latency_ms": 0}}
{"ts": "2026-05-12T13:31:23.201862+00:00", "channel": "websocket", "level": "DEBUG", "msg": "ws_heartbeat", "data": {"latency_ms": 0}}
{"ts": "2026-05-12T13:31:53.205376+00:00", "channel": "websocket", "level": "DEBUG", "msg": "ws_heartbeat", "data": {"latency_ms": 0}}
{"ts": "2026-05-12T13:32:23.204083+00:00", "channel": "websocket", "level": "DEBUG", "msg": "ws_heartbeat", "data": {"latency_ms": 0}}
{"ts": "2026-05-12T13:32:53.205368+00:00", "channel": "websocket", "level": "DEBUG", "msg": "ws_heartbeat", "data": {"latency_ms": 0}}
{"ts": "2026-05-12T13:33:23.207203+00:00", "channel": "websocket", "level": "DEBUG", "msg": "ws_heartbeat", "data": {"latency_ms": 0}}
{"ts": "2026-05-12T13:33:53.204507+00:00", "channel": "websocket", "level": "DEBUG", "msg": "ws_heartbeat", "data": {"latency_ms": 0}}
{"ts": "2026-05-12T13:34:23.206952+00:00", "channel": "websocket", "level": "DEBUG", "msg": "ws_heartbeat", "data": {"latency_ms": 0}}
{"ts": "2026-05-12T13:34:53.206378+00:00", "channel": "websocket", "level": "DEBUG", "msg": "ws_heartbeat", "data": {"latency_ms": 0}}
{"ts": "2026-05-12T13:35:23.207146+00:00", "channel": "websocket", "level": "DEBUG", "msg": "ws_heartbeat", "data": {"latency_ms": 0}}
{"ts": "2026-05-12T13:35:53.210522+00:00", "channel": "websocket", "level": "DEBUG", "msg": "ws_heartbeat", "data": {"latency_ms": 0}}
{"ts": "2026-05-12T13:36:23.212364+00:00", "channel": "websocket", "level": "DEBUG", "msg": "ws_heartbeat", "data": {"latency_ms": 0}}
{"ts": "2026-05-12T13:36:53.214046+00:00", "channel": "websocket", "level": "DEBUG", "msg": "ws_heartbeat", "data": {"latency_ms": 0}}
{"ts": "2026-05-12T13:37:23.218839+00:00", "channel": "websocket", "level": "DEBUG", "msg": "ws_heartbeat", "data": {"latency_ms": 0}}
{"ts": "2026-05-12T13:37:46.378305+00:00", "channel": "websocket", "level": "WARNING", "msg": "ws_disconnect", "data": {"socket_id": "nEzJ_A8ZWtMX291UAAAA", "reason": "socket.io_disconnect", "total_disconnections": 73}}
{"ts": "2026-05-12T13:37:52.391644+00:00", "channel": "websocket", "level": "INFO", "msg": "ws_backoff", "data": {"delay_s": 10, "attempt": 74}}
{"ts": "2026-05-12T13:37:52.921496+00:00", "channel": "websocket", "level": "INFO", "msg": "ws_connect", "data": {"socket_id": "0znLycPKLRgtY3HpAAAA", "ip": "https://ibrahim-backend-production.up.railway.app"}}
{"ts": "2026-05-12T13:38:22.619614+00:00", "channel": "websocket", "level": "DEBUG", "msg": "ws_heartbeat", "data": {"latency_ms": 0}}
{"ts": "2026-05-12T13:38:52.620933+00:00", "channel": "websocket", "level": "DEBUG", "msg": "ws_heartbeat", "data": {"latency_ms": 0}}
{"ts": "2026-05-12T13:39:22.619430+00:00", "channel": "websocket", "level": "DEBUG", "msg": "ws_heartbeat", "data": {"latency_ms": 0}}
{"ts": "2026-05-12T13:39:52.621693+00:00", "channel": "websocket", "level": "DEBUG", "msg": "ws_heartbeat", "data": {"latency_ms": 0}}
{"ts": "2026-05-12T13:40:22.620754+00:00", "channel": "websocket", "level": "DEBUG", "msg": "ws_heartbeat", "data": {"latency_ms": 0}}
{"ts": "2026-05-12T13:40:48.382679+00:00", "channel": "websocket", "level": "WARNING", "msg": "ws_disconnect", "data": {"socket_id": "0znLycPKLRgtY3HpAAAA", "reason": "socket.io_disconnect", "total_disconnections": 74}}
{"ts": "2026-05-12T13:40:54.407150+00:00", "channel": "websocket", "level": "INFO", "msg": "ws_backoff", "data": {"delay_s": 10, "attempt": 75}}
{"ts": "2026-05-12T13:40:54.853150+00:00", "channel": "websocket", "level": "INFO", "msg": "ws_connect", "data": {"socket_id": "RCWHIrvrDr7h0GEhAAAA", "ip": "https://ibrahim-backend-production.up.railway.app"}}
{"ts": "2026-05-12T13:41:24.551294+00:00", "channel": "websocket", "level": "DEBUG", "msg": "ws_heartbeat", "data": {"latency_ms": 0}}
{"ts": "2026-05-12T13:41:54.549445+00:00", "channel": "websocket", "level": "DEBUG", "msg": "ws_heartbeat", "data": {"latency_ms": 0}}
{"ts": "2026-05-12T13:42:24.546703+00:00", "channel": "websocket", "level": "DEBUG", "msg": "ws_heartbeat", "data": {"latency_ms": 0}}
{"ts": "2026-05-12T13:42:54.549745+00:00", "channel": "websocket", "level": "DEBUG", "msg": "ws_heartbeat", "data": {"latency_ms": 0}}
{"ts": "2026-05-12T13:43:24.549637+00:00", "channel": "websocket", "level": "DEBUG", "msg": "ws_heartbeat", "data": {"latency_ms": 0}}
{"ts": "2026-05-12T13:43:54.551692+00:00", "channel": "websocket", "level": "DEBUG", "msg": "ws_heartbeat", "data": {"latency_ms": 0}}
{"ts": "2026-05-12T13:44:24.551847+00:00", "channel": "websocket", "level": "DEBUG", "msg": "ws_heartbeat", "data": {"latency_ms": 0}}
{"ts": "2026-05-12T13:44:45.623296+00:00", "channel": "websocket", "level": "WARNING", "msg": "ws_disconnect", "data": {"socket_id": "RCWHIrvrDr7h0GEhAAAA", "reason": "socket.io_disconnect", "total_disconnections": 75}}
{"ts": "2026-05-12T13:44:51.646953+00:00", "channel": "websocket", "level": "INFO", "msg": "ws_backoff", "data": {"delay_s": 10, "attempt": 76}}
{"ts": "2026-05-12T13:44:52.076061+00:00", "channel": "websocket", "level": "INFO", "msg": "ws_connect", "data": {"socket_id": "Zv2VivJ9lbX5SwedAAAA", "ip": "https://ibrahim-backend-production.up.railway.app"}}
{"ts": "2026-05-12T13:45:21.771557+00:00", "channel": "websocket", "level": "DEBUG", "msg": "ws_heartbeat", "data": {"latency_ms": 0}}
{"ts": "2026-05-12T13:45:51.771739+00:00", "channel": "websocket", "level": "DEBUG", "msg": "ws_heartbeat", "data": {"latency_ms": 0}}
{"ts": "2026-05-12T13:46:21.772195+00:00", "channel": "websocket", "level": "DEBUG", "msg": "ws_heartbeat", "data": {"latency_ms": 0}}
{"ts": "2026-05-12T13:46:51.774858+00:00", "channel": "websocket", "level": "DEBUG", "msg": "ws_heartbeat", "data": {"latency_ms": 0}}
{"ts": "2026-05-12T13:47:21.774530+00:00", "channel": "websocket", "level": "DEBUG", "msg": "ws_heartbeat", "data": {"latency_ms": 0}}
{"ts": "2026-05-12T13:47:51.777078+00:00", "channel": "websocket", "level": "DEBUG", "msg": "ws_heartbeat", "data": {"latency_ms": 0}}
{"ts": "2026-05-12T13:48:21.776335+00:00", "channel": "websocket", "level": "DEBUG", "msg": "ws_heartbeat", "data": {"latency_ms": 0}}
{"ts": "2026-05-12T13:48:51.777364+00:00", "channel": "websocket", "level": "DEBUG", "msg": "ws_heartbeat", "data": {"latency_ms": 0}}
{"ts": "2026-05-12T13:49:21.781324+00:00", "channel": "websocket", "level": "DEBUG", "msg": "ws_heartbeat", "data": {"latency_ms": 0}}
{"ts": "2026-05-12T13:49:49.638448+00:00", "channel": "websocket", "level": "WARNING", "msg": "ws_disconnect", "data": {"socket_id": "Zv2VivJ9lbX5SwedAAAA", "reason": "socket.io_disconnect", "total_disconnections": 76}}
{"ts": "2026-05-12T13:49:55.659450+00:00", "channel": "websocket", "level": "INFO", "msg": "ws_backoff", "data": {"delay_s": 10, "attempt": 77}}
{"ts": "2026-05-12T13:49:56.107823+00:00", "channel": "websocket", "level": "INFO", "msg": "ws_connect", "data": {"socket_id": "dyA95G7oVtlK41RrAAAA", "ip": "https://ibrahim-backend-production.up.railway.app"}}
{"ts": "2026-05-12T13:50:25.803998+00:00", "channel": "websocket", "level": "DEBUG", "msg": "ws_heartbeat", "data": {"latency_ms": 0}}
{"ts": "2026-05-12T13:50:55.803939+00:00", "channel": "websocket", "level": "DEBUG", "msg": "ws_heartbeat", "data": {"latency_ms": 0}}
{"ts": "2026-05-12T13:51:25.804563+00:00", "channel": "websocket", "level": "DEBUG", "msg": "ws_heartbeat", "data": {"latency_ms": 0}}
{"ts": "2026-05-12T13:51:55.804905+00:00", "channel": "websocket", "level": "DEBUG", "msg": "ws_heartbeat", "data": {"latency_ms": 0}}
{"ts": "2026-05-12T13:52:25.805419+00:00", "channel": "websocket", "level": "DEBUG", "msg": "ws_heartbeat", "data": {"latency_ms": 0}}
{"ts": "2026-05-12T13:52:55.808279+00:00", "channel": "websocket", "level": "DEBUG", "msg": "ws_heartbeat", "data": {"latency_ms": 0}}
{"ts": "2026-05-12T13:53:25.809015+00:00", "channel": "websocket", "level": "DEBUG", "msg": "ws_heartbeat", "data": {"latency_ms": 0}}
{"ts": "2026-05-12T13:53:55.810214+00:00", "channel": "websocket", "level": "DEBUG", "msg": "ws_heartbeat", "data": {"latency_ms": 0}}
{"ts": "2026-05-12T13:54:25.811532+00:00", "channel": "websocket", "level": "DEBUG", "msg": "ws_heartbeat", "data": {"latency_ms": 0}}
{"ts": "2026-05-12T13:54:55.812258+00:00", "channel": "websocket", "level": "DEBUG", "msg": "ws_heartbeat", "data": {"latency_ms": 0}}
{"ts": "2026-05-12T13:55:25.814196+00:00", "channel": "websocket", "level": "DEBUG", "msg": "ws_heartbeat", "data": {"latency_ms": 0}}
{"ts": "2026-05-12T13:55:55.812579+00:00", "channel": "websocket", "level": "DEBUG", "msg": "ws_heartbeat", "data": {"latency_ms": 0}}
{"ts": "2026-05-12T13:56:25.814456+00:00", "channel": "websocket", "level": "DEBUG", "msg": "ws_heartbeat", "data": {"latency_ms": 0}}
{"ts": "2026-05-12T13:56:55.814295+00:00", "channel": "websocket", "level": "DEBUG", "msg": "ws_heartbeat", "data": {"latency_ms": 0}}
{"ts": "2026-05-12T13:57:25.816371+00:00", "channel": "websocket", "level": "DEBUG", "msg": "ws_heartbeat", "data": {"latency_ms": 0}}
{"ts": "2026-05-12T13:57:55.816936+00:00", "channel": "websocket", "level": "DEBUG", "msg": "ws_heartbeat", "data": {"latency_ms": 0}}
{"ts": "2026-05-12T13:58:25.819641+00:00", "channel": "websocket", "level": "DEBUG", "msg": "ws_heartbeat", "data": {"latency_ms": 0}}
{"ts": "2026-05-12T13:58:55.821403+00:00", "channel": "websocket", "level": "DEBUG", "msg": "ws_heartbeat", "data": {"latency_ms": 0}}
{"ts": "2026-05-12T13:59:25.821528+00:00", "channel": "websocket", "level": "DEBUG", "msg": "ws_heartbeat", "data": {"latency_ms": 0}}
{"ts": "2026-05-12T13:59:55.820491+00:00", "channel": "websocket", "level": "DEBUG", "msg": "ws_heartbeat", "data": {"latency_ms": 0}}
{"ts": "2026-05-12T14:00:25.821350+00:00", "channel": "websocket", "level": "DEBUG", "msg": "ws_heartbeat", "data": {"latency_ms": 0}}
{"ts": "2026-05-12T14:00:55.822081+00:00", "channel": "websocket", "level": "DEBUG", "msg": "ws_heartbeat", "data": {"latency_ms": 0}}
{"ts": "2026-05-12T14:01:25.822599+00:00", "channel": "websocket", "level": "DEBUG", "msg": "ws_heartbeat", "data": {"latency_ms": 0}}
{"ts": "2026-05-12T14:01:28.583932+00:00", "channel": "websocket", "level": "WARNING", "msg": "ws_disconnect", "data": {"socket_id": "dyA95G7oVtlK41RrAAAA", "reason": "socket.io_disconnect", "total_disconnections": 77}}
{"ts": "2026-05-12T14:01:34.594447+00:00", "channel": "websocket", "level": "INFO", "msg": "ws_backoff", "data": {"delay_s": 10, "attempt": 78}}
{"ts": "2026-05-12T14:01:35.048173+00:00", "channel": "websocket", "level": "INFO", "msg": "ws_connect", "data": {"socket_id": "ZwOaqGB58fzTuzlMAAAA", "ip": "https://ibrahim-backend-production.up.railway.app"}}
{"ts": "2026-05-12T14:02:04.742978+00:00", "channel": "websocket", "level": "DEBUG", "msg": "ws_heartbeat", "data": {"latency_ms": 0}}
{"ts": "2026-05-12T14:02:34.746263+00:00", "channel": "websocket", "level": "DEBUG", "msg": "ws_heartbeat", "data": {"latency_ms": 0}}
{"ts": "2026-05-12T14:03:04.745728+00:00", "channel": "websocket", "level": "DEBUG", "msg": "ws_heartbeat", "data": {"latency_ms": 0}}
{"ts": "2026-05-12T14:03:34.745936+00:00", "channel": "websocket", "level": "DEBUG", "msg": "ws_heartbeat", "data": {"latency_ms": 0}}
{"ts": "2026-05-12T14:04:04.745786+00:00", "channel": "websocket", "level": "DEBUG", "msg": "ws_heartbeat", "data": {"latency_ms": 0}}
{"ts": "2026-05-12T14:04:34.748312+00:00", "channel": "websocket", "level": "DEBUG", "msg": "ws_heartbeat", "data": {"latency_ms": 0}}
{"ts": "2026-05-12T14:05:04.748486+00:00", "channel": "websocket", "level": "DEBUG", "msg": "ws_heartbeat", "data": {"latency_ms": 0}}
{"ts": "2026-05-12T14:05:34.749922+00:00", "channel": "websocket", "level": "DEBUG", "msg": "ws_heartbeat", "data": {"latency_ms": 0}}
{"ts": "2026-05-12T14:06:04.750557+00:00", "channel": "websocket", "level": "DEBUG", "msg": "ws_heartbeat", "data": {"latency_ms": 0}}
{"ts": "2026-05-12T14:06:34.749671+00:00", "channel": "websocket", "level": "DEBUG", "msg": "ws_heartbeat", "data": {"latency_ms": 0}}
{"ts": "2026-05-12T14:07:04.751029+00:00", "channel": "websocket", "level": "DEBUG", "msg": "ws_heartbeat", "data": {"latency_ms": 0}}
{"ts": "2026-05-12T14:07:34.752070+00:00", "channel": "websocket", "level": "DEBUG", "msg": "ws_heartbeat", "data": {"latency_ms": 0}}
{"ts": "2026-05-12T14:08:04.751864+00:00", "channel": "websocket", "level": "DEBUG", "msg": "ws_heartbeat", "data": {"latency_ms": 0}}
{"ts": "2026-05-12T14:08:34.754119+00:00", "channel": "websocket", "level": "DEBUG", "msg": "ws_heartbeat", "data": {"latency_ms": 0}}
{"ts": "2026-05-12T14:09:04.752881+00:00", "channel": "websocket", "level": "DEBUG", "msg": "ws_heartbeat", "data": {"latency_ms": 0}}
{"ts": "2026-05-12T14:09:34.754483+00:00", "channel": "websocket", "level": "DEBUG", "msg": "ws_heartbeat", "data": {"latency_ms": 0}}
{"ts": "2026-05-12T14:10:04.756012+00:00", "channel": "websocket", "level": "DEBUG", "msg": "ws_heartbeat", "data": {"latency_ms": 0}}
{"ts": "2026-05-12T14:10:34.756797+00:00", "channel": "websocket", "level": "DEBUG", "msg": "ws_heartbeat", "data": {"latency_ms": 0}}
{"ts": "2026-05-12T14:11:04.757274+00:00", "channel": "websocket", "level": "DEBUG", "msg": "ws_heartbeat", "data": {"latency_ms": 0}}
{"ts": "2026-05-12T14:11:34.761653+00:00", "channel": "websocket", "level": "DEBUG", "msg": "ws_heartbeat", "data": {"latency_ms": 0}}
{"ts": "2026-05-12T14:12:04.760204+00:00", "channel": "websocket", "level": "DEBUG", "msg": "ws_heartbeat", "data": {"latency_ms": 0}}
{"ts": "2026-05-12T14:12:48.633126+00:00", "channel": "websocket", "level": "INFO", "msg": "ws_backoff", "data": {"delay_s": 5, "attempt": 1}}
{"ts": "2026-05-12T14:12:49.194931+00:00", "channel": "websocket", "level": "INFO", "msg": "ws_connect", "data": {"socket_id": "MNRmvPepqpA6SMfdAAAC", "ip": "https://ibrahim-backend-production.up.railway.app"}}
{"ts": "2026-05-12T14:13:18.840452+00:00", "channel": "websocket", "level": "DEBUG", "msg": "ws_heartbeat", "data": {"latency_ms": 0}}
{"ts": "2026-05-12T14:13:48.847663+00:00", "channel": "websocket", "level": "DEBUG", "msg": "ws_heartbeat", "data": {"latency_ms": 0}}
{"ts": "2026-05-12T14:14:18.850330+00:00", "channel": "websocket", "level": "DEBUG", "msg": "ws_heartbeat", "data": {"latency_ms": 0}}
{"ts": "2026-05-12T14:14:48.848195+00:00", "channel": "websocket", "level": "DEBUG", "msg": "ws_heartbeat", "data": {"latency_ms": 0}}
{"ts": "2026-05-12T14:15:18.852220+00:00", "channel": "websocket", "level": "DEBUG", "msg": "ws_heartbeat", "data": {"latency_ms": 0}}
{"ts": "2026-05-12T14:15:48.883533+00:00", "channel": "websocket", "level": "DEBUG", "msg": "ws_heartbeat", "data": {"latency_ms": 0}}
{"ts": "2026-05-12T14:16:18.851417+00:00", "channel": "websocket", "level": "DEBUG", "msg": "ws_heartbeat", "data": {"latency_ms": 0}}
